#pragma once

// GENERATED BY Build/BakeFont.py -- DO NOT EDIT BY HAND.
//
// Baked 2026-09-13 from IBM Plex (ADR-074).
// Re-bake with `py Build/BakeFont.py`; Build/CheckProjectFiles.py fails when the hashes below stop
// matching what is on disk. ADR-073 is why this is committed rather than built.
//
// Content sha256 2c4153056e1429f125c7e06b598c79e44ff3719e1292118595ab9f954539e90f
//
// Sources:
//   source Build/Fonts/IBMPlexMono-Regular.ttf at 12px  sha256 7c6fbddca4b700be918f5f6183d9bd4464fa427fe435f0b480d77fe2bb8c5a43
//   source Build/Fonts/IBMPlexMono-Medium.ttf at 12px  sha256 98fbd727aae340b236955879dabed4d991aac9e8e90b3b2a67ce4a59221cc97c
//   source Build/Fonts/IBMPlexSans-Regular.ttf at 12px  sha256 975dcda37d80f038dcd143c22e33ca2d97a0cc5a929aace1c749153b0fe1afa5
//   source Build/Fonts/IBMPlexSans-Medium.ttf at 12px  sha256 331c8639d7598b2cde62a911a71db195e30cb655cd6bdf2e324a7e984955f907
//   source Build/Fonts/IBMPlexMono-Medium.ttf at 16px  sha256 98fbd727aae340b236955879dabed4d991aac9e8e90b3b2a67ce4a59221cc97c
//   source Build/BakeFont.py  sha256 3a0559e836c706ff1bf18a2b59da7f253c4e7e4538b3cda66eb5bd5fda69ea79
//
// IBM Plex is licensed under the SIL Open Font License 1.1; see Build/Fonts/LICENSE-IBM-Plex.txt.

namespace Neuron
{

/// The cuts ADR-074 draws with: three of Plex Mono for data, two of Plex Sans for sentences.
enum class Face : std::uint8_t
{
  MonoRegular,
  MonoMedium,
  SansRegular,
  SansMedium,
  MonoDisplay,
  Count,
};

/// Where one glyph is in FONT_ATLAS, and how it sits on the baseline.
///
/// A public aggregate handed to the renderer, so plain fields (R8). `bearingY` is measured UP from
/// the baseline to the glyph's top row, which is FreeType's convention and the one the atlas was
/// packed in.
struct FontGlyph
{
  std::uint32_t codepoint;
  std::uint16_t atlasX;
  std::uint16_t atlasY;
  std::uint8_t width;
  std::uint8_t height;
  std::int8_t bearingX;
  std::int8_t bearingY;
  std::uint8_t advance;
};

/// One face's slice of FONT_GLYPHS, and the vertical metrics a line of it needs.
struct FontFace
{
  std::uint16_t firstGlyph;
  std::uint16_t glyphCount;
  std::uint8_t ascent;
  std::uint8_t descent;
  std::uint8_t lineHeight;
};

inline constexpr std::uint32_t FONT_ATLAS_WIDTH = 512;
inline constexpr std::uint32_t FONT_ATLAS_HEIGHT = 88;

/// Eight-bit COVERAGE, one byte a texel: the pixel shader multiplies it into the string's alpha
/// (ADR-074). Zero is discarded, so a glyph still paints nothing where it has no ink.
inline constexpr std::array<std::uint8_t, 45056> FONT_ATLAS = {
  0x00, 0xEC, 0x20, 0xEC, 0x00, 0xCC, 0x20, 0x00, 0x00, 0x52, 0x93, 0x17, 0xC2, 0x00, 0x00, 0x00, 0x00, 0x00, 0xA8, 0x18, 0x00, 0x00, 0x3B, 0xE2,
  0xE6, 0x43, 0x00, 0x28, 0xB3, 0x00, 0x43, 0xD8, 0xF0, 0x79, 0x00, 0x00, 0xDC, 0x10, 0x00, 0x00, 0x88, 0x67, 0x42, 0xAA, 0x06, 0x00, 0x00, 0x00,
  0x00, 0xD8, 0x0C, 0x00, 0x00, 0x00, 0x00, 0x00, 0x71, 0x08, 0x00, 0x00, 0x05, 0xFB, 0x73, 0x24, 0xFF, 0xFF, 0xFF, 0x58, 0x27, 0xF3, 0x53, 0x00,
  0x00, 0x00, 0x05, 0xD5, 0x05, 0x00, 0x21, 0xC5, 0xF9, 0xD9, 0x3E, 0x00, 0x00, 0x03, 0xA3, 0xFF, 0x6C, 0x00, 0x00, 0x00, 0x2E, 0xC5, 0xF4, 0xCF,
  0x3D, 0x00, 0x00, 0x38, 0xCB, 0xF7, 0xD5, 0x50, 0x00, 0x00, 0x00, 0x00, 0x51, 0xF8, 0x80, 0x00, 0x00, 0x95, 0xFF, 0xFF, 0xFF, 0xFF, 0x04, 0x00,
  0x00, 0x19, 0xBC, 0x6F, 0x00, 0x00, 0x38, 0xFF, 0xFF, 0xFF, 0xFF, 0xFF, 0x5E, 0x00, 0x5B, 0xD8, 0xF8, 0xE3, 0x7D, 0x00, 0x00, 0x39, 0xC8, 0xF4,
  0xD0, 0x46, 0x00, 0x27, 0xF3, 0x53, 0x27, 0xF3, 0x53, 0x00, 0x00, 0x00, 0x14, 0x99, 0x2D, 0x40, 0xFF, 0xFF, 0xFF, 0xFF, 0xFF, 0x74, 0xB3, 0x27,
  0x00, 0x00, 0x00, 0x00, 0x00, 0x21, 0xBA, 0xF4, 0xDB, 0x5A, 0x00, 0x00, 0x28, 0xC2, 0xF3, 0xD5, 0x4D, 0x00, 0x00, 0x00, 0x3A, 0xFF, 0x6C, 0x00,
  0x00, 0xF0, 0xFF, 0xFF, 0xEA, 0x7B, 0x00, 0x00, 0x13, 0xAF, 0xF5, 0xE0, 0x5D, 0x00, 0xDC, 0xFF, 0xFC, 0xD5, 0x44, 0x00, 0xEC, 0xFF, 0xFF, 0xFF,
  0xFF, 0x3C, 0xEC, 0xFF, 0xFF, 0xFF, 0xFF, 0x5C, 0x00, 0x2A, 0xC6, 0xF7, 0xD1, 0x3D, 0x00, 0x0C, 0xF8, 0x00, 0x00, 0x00, 0xC4, 0x3C, 0xFC, 0xFF,
  0xFF, 0xFF, 0xFF, 0x30, 0x00, 0x44, 0xFF, 0xFF, 0xFF, 0xC4, 0xFC, 0x08, 0x00, 0x07, 0xC3, 0x6B, 0x90, 0x74, 0x00, 0x00, 0x00, 0x00, 0x30, 0xFF,
  0x5D, 0x00, 0x23, 0xFB, 0x64, 0x0C, 0xFF, 0x9A, 0x00, 0x00, 0xAC, 0x3C, 0x00, 0x21, 0xC5, 0xF9, 0xD9, 0x3E, 0x00, 0xEC, 0xFF, 0xFF, 0xF0, 0x99,
  0x02, 0x00, 0x21, 0xC5, 0xF9, 0xD9, 0x3E, 0x00, 0xEC, 0xFF, 0xFF, 0xEF, 0x97, 0x01, 0x00, 0x4E, 0xD2, 0xF7, 0xE0, 0x75, 0x00, 0xB4, 0xFF, 0xFF,
  0xFF, 0xFF, 0xFF, 0xE8, 0x0C, 0xF8, 0x00, 0x00, 0x00, 0xC4, 0x3C, 0x69, 0xA5, 0x00, 0x00, 0x00, 0x6B, 0x9B, 0x8A, 0x59, 0x00, 0x00, 0x00, 0x22,
  0xBC, 0x37, 0xDD, 0x0B, 0x00, 0x00, 0x9D, 0x7A, 0x83, 0xA3, 0x00, 0x00, 0x00, 0x68, 0xB5, 0x38, 0xFF, 0xFF, 0xFF, 0xFF, 0xFF, 0x6C, 0x4C, 0xFF,
  0xFF, 0xFF, 0x10, 0xBA, 0x21, 0x00, 0x00, 0x00, 0x00, 0xDC, 0xFF, 0xFF, 0x80, 0x00, 0x00, 0x37, 0xF8, 0x6A, 0x00, 0x00, 0x48, 0xFF, 0xFF, 0xFF,
  0xFF, 0xFF, 0x7C, 0x12, 0x10, 0x00, 0x00, 0x40, 0xD4, 0xF6, 0xC5, 0x26, 0x00, 0xDC, 0x18, 0x00, 0x00, 0x00, 0x00, 0x12, 0xA8, 0xEF, 0xDD, 0x48,
  0x00, 0x00, 0x00, 0x00, 0x00, 0x00, 0xE8, 0x10, 0x00, 0x22, 0xB9, 0xF2, 0xD5, 0x51, 0x00, 0x00, 0x00, 0x00, 0x87, 0xFB, 0xFF, 0x88, 0x00, 0x00,
  0x00, 0x00, 0x13, 0xF3, 0xAC, 0xD4, 0x24, 0x00, 0x00, 0x00, 0x00, 0x00, 0x00, 0x9A, 0x97, 0x00, 0x00, 0x00, 0x00, 0x02, 0xDE, 0x51, 0xBC, 0x38,
  0x00, 0x00, 0x00, 0x00, 0x0C, 0xFF, 0xFF, 0xFF, 0x14, 0x00, 0x00, 0x5C, 0x8F, 0xD8, 0x77, 0x75, 0xEE, 0x38, 0xD4, 0x4C, 0xDD, 0xE5, 0x56, 0x00,
  0x00, 0x2A, 0xC0, 0xF3, 0xD0, 0x44, 0x00, 0xDC, 0x63, 0xE5, 0xE9, 0x75, 0x00, 0x00, 0x4D, 0xDE, 0xF0, 0x71, 0xE8, 0x10, 0x14, 0xFF, 0xFF, 0xB4,
  0x68, 0xEF, 0xB4, 0x00, 0x00, 0x00, 0x00, 0x00, 0x00, 0xEC, 0x20, 0xEC, 0x00, 0xCC, 0x20, 0x00, 0x00, 0x8B, 0x64, 0x47, 0x88, 0x00, 0x00, 0x00,
  0x44, 0xD0, 0xFC, 0xEA, 0x7C, 0x00, 0xB0, 0x3D, 0x2F, 0xBC, 0x00, 0xAB, 0x30, 0x00, 0xD9, 0x3F, 0x1B, 0xA7, 0x0F, 0x00, 0xDC, 0x10, 0x00, 0x55,
  0x89, 0x00, 0x00, 0x5A, 0x88, 0x00, 0x09, 0x03, 0x00, 0xD8, 0x0C, 0x00, 0x0C, 0x00, 0x00, 0x00, 0xDC, 0x10, 0x00, 0x00, 0x29, 0xFE, 0x1D, 0x00,
  0x00, 0x00, 0x00, 0x00, 0x27, 0xF3, 0x53, 0x00, 0x00, 0x00, 0x52, 0x8D, 0x00, 0x00, 0xCF, 0x68, 0x0D, 0x44, 0xE9, 0x0F, 0x03, 0xA5, 0xCC, 0xA3,
  0x6C, 0x00, 0x00, 0x08, 0xE3, 0x54, 0x09, 0x56, 0xEA, 0x01, 0x01, 0xC3, 0x47, 0x07, 0x4C, 0xF3, 0x02, 0x00, 0x00, 0x18, 0xCB, 0x89, 0x80, 0x00,
  0x00, 0xA5, 0x39, 0x00, 0x00, 0x00, 0x00, 0x00, 0x0D, 0xC9, 0x46, 0x00, 0x00, 0x00, 0x38, 0xB0, 0x00, 0x00, 0x03, 0xD6, 0x1A, 0x08, 0xF8, 0x3F,
  0x06, 0x27, 0xE3, 0x33, 0x0A, 0xE5, 0x4B, 0x08, 0x31, 0xDA, 0x1A, 0x27, 0xF3, 0x53, 0x27, 0xF3, 0x53, 0x00, 0x04, 0x6E, 0xD8, 0x65, 0x02, 0x00,
  0x00, 0x00, 0x00, 0x00, 0x00, 0x00, 0x4F, 0xD6, 0x8C, 0x0E, 0x00, 0x00, 0x00, 0xCF, 0x68, 0x09, 0x3C, 0xF7, 0x0B, 0x00, 0xC8, 0x62, 0x0C, 0x35,
  0xDF, 0x11, 0x00, 0x00, 0x8C, 0xA5, 0xBF, 0x00, 0x00, 0xF0, 0x10, 0x00, 0x24, 0xF0, 0x20, 0x00, 0x9D, 0x9D, 0x12, 0x28, 0xD9, 0x34, 0xDC, 0x24,
  0x07, 0x55, 0xEC, 0x0D, 0xEC, 0x18, 0x00, 0x00, 0x00, 0x00, 0xEC, 0x18, 0x00, 0x00, 0x00, 0x00, 0x00, 0xCB, 0x74, 0x0D, 0x3F, 0xE2, 0x13, 0x0C,
  0xF8, 0x00, 0x00, 0x00, 0xC4, 0x3C, 0x00, 0x00, 0xE8, 0x1C, 0x00, 0x00, 0x00, 0x00, 0x00, 0x00, 0x40, 0xC4, 0xFC, 0x08, 0x01, 0xA8, 0x8B, 0x00,
  0x90, 0x74, 0x00, 0x00, 0x00, 0x00, 0x30, 0xE6, 0xDB, 0x05, 0xA3, 0xE6, 0x64, 0x0C, 0xEA, 0xE3, 0x11, 0x00, 0xAC, 0x3C, 0x00, 0xCF, 0x6B, 0x0D,
  0x47, 0xEB, 0x0F, 0xEC, 0x18, 0x00, 0x14, 0xCA, 0x53, 0x01, 0xD8, 0x6B, 0x0D, 0x47, 0xEE, 0x17, 0xEC, 0x18, 0x00, 0x14, 0xCA, 0x52, 0x0B, 0xF1,
  0x40, 0x07, 0x2A, 0xC5, 0x30, 0x00, 0x00, 0x00, 0xE8, 0x1C, 0x00, 0x00, 0x0C, 0xF8, 0x00, 0x00, 0x00, 0xC4, 0x3C, 0x1A, 0xED, 0x04, 0x00, 0x00,
  0xB7, 0x4C, 0x75, 0x6E, 0x00, 0x00, 0x00, 0x35, 0xA7, 0x00, 0x8C, 0x8C, 0x00, 0x44, 0xCC, 0x04, 0x0A, 0xE2, 0x34, 0x00, 0x0E, 0xE4, 0x27, 0x00,
  0x00, 0x00, 0x00, 0x24, 0xDB, 0x1E, 0x4C, 0x88, 0x00, 0x00, 0x00, 0x5A, 0x81, 0x00, 0x00, 0x00, 0x00, 0x00, 0x00, 0x54, 0x80, 0x00, 0x00, 0xC1,
  0x45, 0xDC, 0x0D, 0x00, 0x00, 0x00, 0x00, 0x00, 0x00, 0x00, 0x00, 0x77, 0x89, 0x00, 0x00, 0xA0, 0x3A, 0x0B, 0x91, 0xA6, 0x00, 0xDC, 0x18, 0x00,
  0x00, 0x00, 0x00, 0xA0, 0x88, 0x0E, 0x2F, 0xC5, 0x02, 0x00, 0x00, 0x00, 0x00, 0x00, 0xE8, 0x10, 0x01, 0xC1, 0x3E, 0x07, 0x26, 0xD1, 0x22, 0x00,
  0x00, 0x00, 0xE6, 0x0C, 0x00, 0x00, 0x00, 0x2D, 0xC8, 0xF7, 0xE4, 0x69, 0x00, 0xD4, 0x24, 0x00, 0x00, 0x00, 0x00, 0x00, 0x00, 0x9C, 0x99, 0x00,
  0x00, 0x00, 0x00, 0x02, 0xDF, 0x52, 0xBC, 0x38, 0x00, 0x00, 0x00, 0x00, 0x00, 0x00, 0x00, 0xE0, 0x14, 0x00, 0x00, 0x5C, 0x85, 0x15, 0xC7, 0x2A,
  0x7C, 0x82, 0xD4, 0x42, 0x09, 0x43, 0xEF, 0x02, 0x01, 0xD3, 0x56, 0x09, 0x38, 0xE0, 0x17, 0xDC, 0x67, 0x09, 0x31, 0xE4, 0x31, 0x0C, 0xE9, 0x4B,
  0x09, 0x43, 0xF7, 0x10, 0x00, 0x00, 0x44, 0xC3, 0x48, 0x05, 0x00, 0x00, 0x00, 0x00, 0x00, 0x00, 0x00, 0xE2, 0x15, 0xEC, 0x00, 0xCC, 0x20, 0x60,
  0xFF, 0xFF, 0x35, 0x76, 0xFF, 0xFF, 0x04, 0x02, 0xEA, 0x44, 0xA7, 0x39, 0xB1, 0x4A, 0xB1, 0x3D, 0x2E, 0xBC, 0x37, 0xA4, 0x00, 0x00, 0xC5, 0x2D,
  0x00, 0x00, 0x00, 0x00, 0xDC, 0x10, 0x01, 0xCB, 0x07, 0x00, 0x00, 0x00, 0xBE, 0x18, 0x46, 0xD7, 0x9D, 0xE9, 0x94, 0xD4, 0x70, 0x00, 0x00, 0x00,
  0xDC, 0x10, 0x00, 0x00, 0x51, 0xC3, 0x00, 0x00, 0x00, 0x00, 0x00, 0x00, 0x00, 0x00, 0x00, 0x00, 0x00, 0x00, 0xB3, 0x2C, 0x00, 0x29, 0xD8, 0x00,
  0x00, 0x00, 0xA5, 0x5C, 0x29, 0xCE, 0x12, 0x94, 0x6C, 0x00, 0x00, 0x07, 0x41, 0x00, 0x00, 0x01, 0xFB, 0x0F, 0x00, 0x01, 0x00, 0x06, 0x54, 0xCD,
  0x00, 0x00, 0x00, 0xAF, 0x36, 0x78, 0x80, 0x00, 0x00, 0xB6, 0x24, 0x00, 0x00, 0x00, 0x00, 0x00, 0x88, 0x73, 0x00, 0x00, 0x00, 0x00, 0x00, 0x00,
  0x00, 0x00, 0x59, 0xA0, 0x00, 0x02, 0xDA, 0x3B, 0x05, 0x23, 0xD8, 0x1B, 0x30, 0xD1, 0x00, 0x00, 0x00, 0xA2, 0x5A, 0x00, 0x00, 0x00, 0x00, 0x00,
  0x00, 0x44, 0xCD, 0x8A, 0x0E, 0x00, 0x00, 0x40, 0xFF, 0xFF, 0xFF, 0xFF, 0xFF, 0x74, 0x00, 0x06, 0x74, 0xD9, 0x62, 0x01, 0x01, 0x3D, 0x00, 0x00,
  0x0F, 0xEA, 0x05, 0x16, 0xCE, 0x05, 0xBD, 0xE4, 0xB9, 0x40, 0x00, 0x00, 0xDC, 0x20, 0xE7, 0x15, 0x00, 0xF0, 0x10, 0x00, 0x22, 0xE1, 0x12, 0x02,
  0xF5, 0x0E, 0x00, 0x00, 0x23, 0x07, 0xDC, 0x24, 0x00, 0x00, 0xB1, 0x5A, 0xEC, 0x18, 0x00, 0x00, 0x00, 0x00, 0xEC, 0x18, 0x00, 0x00, 0x00, 0x00,
  0x26, 0xDE, 0x00, 0x00, 0x00, 0x29, 0x01, 0x0C, 0xF8, 0x00, 0x00, 0x00, 0xC4, 0x3C, 0x00, 0x00, 0xE8, 0x1C, 0x00, 0x00, 0x00, 0x00, 0x00, 0x00,
  0x40, 0xC4, 0xFC, 0x08, 0x87, 0xAA, 0x01, 0x00, 0x90, 0x74, 0x00, 0x00, 0x00, 0x00, 0x30, 0xBC, 0xAB, 0x92, 0xD7, 0x8F, 0x64, 0x0C, 0xE0, 0x8A,
  0x75, 0x00, 0xAC, 0x3C, 0x29, 0xD9, 0x00, 0x00, 0x00, 0xAD, 0x5C, 0xEC, 0x18, 0x00, 0x00, 0x8D, 0x7A, 0x29, 0xD9, 0x00, 0x00, 0x00, 0xAD, 0x5D,
  0xEC, 0x18, 0x00, 0x00, 0x8D, 0x7A, 0x1E, 0xEC, 0x09, 0x00, 0x00, 0x00, 0x00, 0x00, 0x00, 0x00, 0xE8, 0x1C, 0x00, 0x00, 0x0C, 0xF8, 0x00, 0x00,
  0x00, 0xC4, 0x3C, 0x00, 0xCA, 0x3F, 0x00, 0x0B, 0xEC, 0x08, 0x60, 0x82, 0x12, 0xFE, 0x48, 0x49, 0x92, 0x00, 0x09, 0xD7, 0x3F, 0xD7, 0x2D, 0x00,
  0x00, 0x5B, 0xC1, 0x00, 0x87, 0x8D, 0x00, 0x00, 0x00, 0x00, 0x0B, 0xD0, 0x41, 0x00, 0x4C, 0x88, 0x00, 0x00, 0x00, 0x09, 0xD1, 0x02, 0x00, 0x00,
  0x00, 0x00, 0x00, 0x54, 0x80, 0x00, 0x51, 0x9F, 0x00, 0x7B, 0x84, 0x00, 0x00, 0x00, 0x00, 0x00, 0x00, 0x00, 0x00, 0x04, 0xB3, 0x06, 0x00, 0x00,
  0x00, 0x00, 0x3B, 0xBC, 0x00, 0xDC, 0x18, 0x00, 0x00, 0x00, 0x00, 0xE8, 0x13, 0x00, 0x00, 0x00, 0x00, 0x00, 0x00, 0x00, 0x00, 0x00, 0xE8, 0x10,
  0x1F, 0xFF, 0xFF, 0xFF, 0xFF, 0xFF, 0x5B, 0x00, 0x00, 0x00, 0xEC, 0x0C, 0x00, 0x00, 0x00, 0xBD, 0x63, 0x06, 0x42, 0xDE, 0x00, 0xD4, 0x24, 0x00,
  0x00, 0x00, 0x00, 0x00, 0x00, 0x00, 0x00, 0x00, 0x00, 0x00, 0x00, 0x00, 0x00, 0x00, 0xBC, 0x38, 0x00, 0x00, 0x00, 0x00, 0x00, 0x00, 0x00, 0xE0,
  0x14, 0x00, 0x00, 0x5C, 0x88, 0x00, 0xD8, 0x0C, 0x58, 0x8C, 0xD4, 0x24, 0x00, 0x00, 0xE1, 0x16, 0x20, 0xD8, 0x00, 0x00, 0x00, 0xA4, 0x54, 0xDC,
  0x18, 0x00, 0x00, 0x93, 0x6B, 0x38, 0xC7, 0x00, 0x00, 0x00, 0xE8, 0x10, 0x00, 0x00, 0x44, 0xBC, 0x00, 0x00, 0x00, 0x00, 0x00, 0x00, 0x00, 0x00,
  0x00, 0xBC, 0x00, 0x49, 0x00, 0x3F, 0x0A, 0x00, 0x00, 0xDC, 0x09, 0xA5, 0x35, 0x00, 0x00, 0x0C, 0xF1, 0x0D, 0xA4, 0x14, 0x00, 0x00, 0x3B, 0xE2,
  0xE6, 0x43, 0x61, 0x21, 0x00, 0x00, 0x69, 0xDD, 0x19, 0x00, 0xFA, 0xBC, 0x44, 0x05, 0x3D, 0x96, 0x00, 0x00, 0x00, 0x00, 0x62, 0x6D, 0x00, 0x04,
  0x74, 0xFD, 0xA1, 0x0B, 0x00, 0x40, 0xFF, 0xFF, 0xFF, 0xFF, 0xFF, 0x74, 0x78, 0x6B, 0x00, 0x00, 0x00, 0x00, 0x00, 0x00, 0x00, 0x00, 0x00, 0x00,
  0x00, 0x18, 0xC6, 0x00, 0x00, 0x47, 0xBA, 0x10, 0xE9, 0x39, 0x86, 0x7A, 0x00, 0x06, 0x00, 0x94, 0x6C, 0x00, 0x00, 0x00, 0x00, 0x00, 0x00, 0x5A,
  0xCB, 0x00, 0x00, 0x00, 0xB0, 0xFF, 0xDB, 0x1F, 0x00, 0x00, 0x69, 0x70, 0x00, 0x78, 0x80, 0x00, 0x00, 0xC6, 0x85, 0xF3, 0xE3, 0x6B, 0x00, 0x08,
  0xE7, 0x97, 0xF3, 0xE5, 0x71, 0x00, 0x00, 0x00, 0x00, 0x00, 0xCF, 0x2E, 0x00, 0x00, 0x30, 0xEA, 0xFF, 0xFA, 0x54, 0x00, 0x10, 0xEF, 0x48, 0x07,
  0x2F, 0xE5, 0x65, 0x00, 0x00, 0x00, 0x00, 0x00, 0x00, 0xF9, 0x4A, 0x00, 0x00, 0x00, 0x00, 0x00, 0x00, 0x00, 0x00, 0x00, 0x00, 0x00, 0x00, 0x00,
  0x00, 0x26, 0xED, 0x2F, 0x00, 0x00, 0x0F, 0x8E, 0xA7, 0x3D, 0x00, 0x35, 0xAC, 0x47, 0xB0, 0x0F, 0xAD, 0x4C, 0x00, 0x30, 0xCF, 0x00, 0xA0, 0x64,
  0x00, 0xF0, 0xFF, 0xFF, 0xFD, 0x64, 0x00, 0x1A, 0xEA, 0x00, 0x00, 0x00, 0x00, 0x00, 0xDC, 0x24, 0x00, 0x00, 0x8E, 0x79, 0xEC, 0xFF, 0xFF, 0xFF,
  0xFF, 0x18, 0xEC, 0xFF, 0xFF, 0xFF, 0xFF, 0x00, 0x45, 0xBE, 0x00, 0x00, 0x00, 0x00, 0x00, 0x0C, 0xFF, 0xFF, 0xFF, 0xFF, 0xFF, 0x3C, 0x00, 0x00,
  0xE8, 0x1C, 0x00, 0x00, 0x00, 0x00, 0x00, 0x00, 0x40, 0xC4, 0xFC, 0x68, 0xFC, 0x1B, 0x00, 0x00, 0x90, 0x74, 0x00, 0x00, 0x00, 0x00, 0x30, 0xBC,
  0x2C, 0xFE, 0x5B, 0x8C, 0x64, 0x0C, 0xE0, 0x1F, 0xDC, 0x02, 0xAC, 0x3C, 0x47, 0xBD, 0x00, 0x00, 0x00, 0x8E, 0x7A, 0xEC, 0x18, 0x00, 0x13, 0xCA,
  0x53, 0x47, 0xBD, 0x00, 0x00, 0x00, 0x8E, 0x7A, 0xEC, 0x18, 0x00, 0x13, 0xCA, 0x51, 0x00, 0xA9, 0xE5, 0xA5, 0x6F, 0x1B, 0x00, 0x00, 0x00, 0x00,
  0xE8, 0x1C, 0x00, 0x00, 0x0C, 0xF8, 0x00, 0x00, 0x00, 0xC4, 0x3C, 0x00, 0x7A, 0x8B, 0x00, 0x50, 0xAD, 0x00, 0x4B, 0x96, 0x4A, 0xC8, 0x81, 0x5C,
  0x7D, 0x00, 0x00, 0x3D, 0xF9, 0x7E, 0x00, 0x00, 0x00, 0x00, 0xC5, 0x6D, 0xE2, 0x0F, 0x00, 0x00, 0x00, 0x00, 0xA9, 0x72, 0x00, 0x00, 0x4C, 0x88,
  0x00, 0x00, 0x00, 0x00, 0x98, 0x44, 0x00, 0x00, 0x00, 0x00, 0x00, 0x54, 0x80, 0x04, 0xCF, 0x1C, 0x00, 0x09, 0xD9, 0x1B, 0x00, 0x00, 0x00, 0x00,
  0x00, 0x00, 0x00, 0x00, 0x00, 0x00, 0x02, 0x94, 0xE9, 0xFD, 0xFF, 0xBC, 0x00, 0xDC, 0x63, 0xE5, 0xE9, 0x75, 0x00, 0xEB, 0x12, 0x00, 0x00, 0x01,
  0x00, 0x00, 0x4D, 0xDE, 0xF0, 0x71, 0xE8, 0x10, 0x1F, 0xDC, 0x00, 0x00, 0x00, 0x00, 0x00, 0x20, 0xFF, 0xFF, 0xFF, 0xFF, 0xFF, 0x88, 0x00, 0xB7,
  0x63, 0x05, 0x42, 0xD7, 0x00, 0xD4, 0x4C, 0xDD, 0xE5, 0x56, 0x00, 0xBC, 0xFF, 0xFF, 0x78, 0x00, 0x00, 0xE4, 0xFF, 0xFF, 0xFF, 0x30, 0xBC, 0x38,
  0x00, 0x3A, 0xCF, 0x28, 0x00, 0x00, 0x00, 0xE0, 0x14, 0x00, 0x00, 0x5C, 0x88, 0x00, 0xD8, 0x0C, 0x58, 0x8C, 0xD4, 0x24, 0x00, 0x00, 0xDC, 0x18,
  0x21, 0xD8, 0x00, 0x00, 0x00, 0xA4, 0x54, 0xDC, 0x18, 0x00, 0x00, 0x93, 0x6B, 0x38, 0xC7, 0x00, 0x00, 0x00, 0xE8, 0x10, 0x00, 0x00, 0x44, 0xB4,
  0x00, 0x00, 0x00, 0x00, 0x00, 0x00, 0x00, 0x00, 0x00, 0x81, 0x00, 0x00, 0x00, 0x00, 0x00, 0x00, 0x05, 0xD4, 0x00, 0xD4, 0x11, 0x00, 0x00, 0x00,
  0x96, 0xE9, 0xE5, 0x81, 0x27, 0x00, 0x00, 0x07, 0x7B, 0x24, 0xD5, 0xEF, 0x5E, 0x43, 0xD1, 0x8D, 0xD1, 0x17, 0xC2, 0x00, 0x00, 0x00, 0x6E, 0x6B,
  0x00, 0x00, 0x00, 0x00, 0x38, 0x9D, 0x00, 0x0B, 0xD0, 0x41, 0xD6, 0x23, 0x00, 0x00, 0x00, 0x00, 0xDC, 0x10, 0x00, 0x00, 0x00, 0x00, 0x00, 0x00,
  0x00, 0x00, 0x00, 0x00, 0x00, 0x00, 0x00, 0x00, 0x00, 0x75, 0x69, 0x00, 0x00, 0x48, 0xBA, 0x10, 0xE9, 0x39, 0x86, 0x7A, 0x00, 0x00, 0x00, 0x94,
  0x6C, 0x00, 0x00, 0x00, 0x00, 0x00, 0x57, 0xE8, 0x2A, 0x00, 0x00, 0x00, 0x00, 0x07, 0x55, 0xD6, 0x06, 0x25, 0xA4, 0x00, 0x00, 0x78, 0x80, 0x00,
  0x00, 0x8B, 0x54, 0x07, 0x37, 0xEB, 0x2E, 0x31, 0xF9, 0x4B, 0x08, 0x31, 0xE5, 0x38, 0x00, 0x00, 0x00, 0x49, 0xBA, 0x00, 0x00, 0x14, 0xDA, 0x3F,
  0x07, 0x29, 0xCF, 0x37, 0x00, 0x4F, 0xDB, 0xF7, 0xAE, 0xD5, 0x30, 0x00, 0x00, 0x00, 0x00, 0x00, 0x00, 0x44, 0xD0, 0x90, 0x11, 0x00, 0x00, 0x00,
  0x00, 0x00, 0x00, 0x00, 0x00, 0x00, 0x00, 0x04, 0x6B, 0xD5, 0x63, 0x01, 0x00, 0x00, 0x20, 0xD0, 0x00, 0x00, 0x00, 0x3E, 0xA4, 0x62, 0x7D, 0x00,
  0x8C, 0x4C, 0x00, 0x82, 0x82, 0x00, 0x53, 0xB6, 0x00, 0xF0, 0x10, 0x00, 0x1A, 0xCE, 0x46, 0x1A, 0xEA, 0x00, 0x00, 0x00, 0x00, 0x00, 0xDC, 0x24,
  0x00, 0x00, 0x8E, 0x79, 0xEC, 0x18, 0x00, 0x00, 0x00, 0x00, 0xEC, 0x18, 0x00, 0x00, 0x00, 0x00, 0x49, 0xBE, 0x00, 0x70, 0xFF, 0xFF, 0x44, 0x0C,
  0xF8, 0x00, 0x00, 0x00, 0xC4, 0x3C, 0x00, 0x00, 0xE8, 0x1C, 0x00, 0x00, 0x00, 0x00, 0x00, 0x00, 0x40, 0xC4, 0xFC, 0xCC, 0x87, 0xA4, 0x00, 0x00,
  0x90, 0x74, 0x00, 0x00, 0x00, 0x00, 0x30, 0xBC, 0x00, 0x7F, 0x02, 0x8C, 0x64, 0x0C, 0xE0, 0x00, 0xAF, 0x50, 0xAC, 0x3C, 0x48, 0xBD, 0x00, 0x00,
  0x00, 0x8E, 0x7A, 0xEC, 0xFF, 0xFF, 0xF0, 0x99, 0x02, 0x49, 0xBD, 0x00, 0x00, 0x00, 0x8E, 0x7C, 0xEC, 0xFF, 0xFF, 0xED, 0x8C, 0x02, 0x00, 0x01,
  0x36, 0x72, 0xA9, 0xED, 0x27, 0x00, 0x00, 0x00, 0xE8, 0x1C, 0x00, 0x00, 0x0A, 0xF8, 0x00, 0x00, 0x00, 0xC4, 0x3A, 0x00, 0x2B, 0xD8, 0x00, 0x9D,
  0x5D, 0x00, 0x36, 0xAA, 0x84, 0x59, 0xBA, 0x6F, 0x68, 0x00, 0x00, 0x58, 0xEA, 0x9B, 0x00, 0x00, 0x00, 0x00, 0x34, 0xFE, 0x65, 0x00, 0x00, 0x00,
  0x00, 0x75, 0xA7, 0x00, 0x00, 0x00, 0x4C, 0x88, 0x00, 0x00, 0x00, 0x00, 0x37, 0xA6, 0x00, 0x00, 0x00, 0x00, 0x00, 0x54, 0x80, 0x38, 0x7C, 0x00,
  0x00, 0x00, 0x5B, 0x62, 0x00, 0x00, 0x00, 0x00, 0x00, 0x00, 0x00, 0x00, 0x00, 0x00, 0x25, 0xE9, 0x24, 0x07, 0x18, 0xBC, 0x00, 0xDC, 0x67, 0x09,
  0x31, 0xE4, 0x31, 0xA5, 0x86, 0x0C, 0x26, 0xCD, 0x0A, 0x0C, 0xE9, 0x4B, 0x09, 0x43, 0xF7, 0x10, 0x01, 0xD0, 0x6A, 0x0B, 0x2D, 0xC5, 0x0A, 0x00,
  0x00, 0x00, 0xEC, 0x0C, 0x00, 0x00, 0x00, 0x1F, 0xE5, 0xFA, 0xD3, 0x3B, 0x00, 0xD4, 0x42, 0x09, 0x43, 0xEF, 0x02, 0x00, 0x00, 0x80, 0x78, 0x00,
  0x00, 0x00, 0x00, 0x00, 0xC8, 0x30, 0xBC, 0x38, 0x4E, 0xCB, 0x1C, 0x00, 0x00, 0x00, 0x00, 0xE0, 0x14, 0x00, 0x00, 0x5C, 0x88, 0x00, 0xD8, 0x0C,
  0x58, 0x8C, 0xD4, 0x24, 0x00, 0x00, 0xDC, 0x18, 0x02, 0xD5, 0x54, 0x08, 0x36, 0xE0, 0x18, 0xDC, 0x63, 0x07, 0x2F, 0xE4, 0x31, 0x0D, 0xEA, 0x49,
  0x07, 0x3F, 0xF7, 0x10, 0x00, 0x00, 0x44, 0xB4, 0x00, 0x00, 0x00, 0x00, 0x00, 0x00, 0x00, 0x00, 0x00, 0x00, 0x00, 0x00, 0x00, 0x00, 0x00, 0xD0,
  0xFF, 0xA8, 0x07, 0xFB, 0xFF, 0x94, 0x00, 0x00, 0x00, 0x32, 0xC6, 0xA7, 0xEE, 0x3F, 0x00, 0x72, 0x69, 0x89, 0x60, 0x1C, 0xCF, 0xA8, 0x5D, 0x00,
  0x83, 0xD1, 0x96, 0x00, 0x00, 0x00, 0x84, 0x5C, 0x00, 0x00, 0x00, 0x00, 0x28, 0xB4, 0x00, 0x50, 0x6A, 0x00, 0x3F, 0x7D, 0x00, 0x00, 0x00, 0x00,
  0xDC, 0x10, 0x00, 0x00, 0x00, 0x00, 0x00, 0x00, 0x00, 0x00, 0x00, 0x00, 0x00, 0x00, 0x00, 0x00, 0x00, 0xCD, 0x10, 0x00, 0x00, 0x29, 0xD8, 0x00,
  0x00, 0x00, 0xA4, 0x5D, 0x00, 0x00, 0x00, 0x94, 0x6C, 0x00, 0x00, 0x00, 0x00, 0x72, 0xD0, 0x27, 0x00, 0x00, 0x00, 0x04, 0x00, 0x00, 0x00, 0xE2,
  0x2A, 0x94, 0xFF, 0xFF, 0xFF, 0xFF, 0xFF, 0xC0, 0x00, 0x04, 0x00, 0x00, 0x00, 0xAE, 0x57, 0x29, 0xD1, 0x00, 0x00, 0x00, 0xA2, 0x63, 0x00, 0x00,
  0x00, 0xC1, 0x47, 0x00, 0x00, 0x4D, 0xBB, 0x00, 0x00, 0x00, 0x88, 0x80, 0x00, 0x00, 0x00, 0x00, 0x40, 0xB8, 0x00, 0x27, 0xF3, 0x53, 0x05, 0xFB,
  0x73, 0x00, 0x04, 0x6F, 0xDC, 0x6C, 0x04, 0x00, 0x00, 0x00, 0x00, 0x00, 0x00, 0x00, 0x46, 0xCF, 0x8D, 0x0E, 0x00, 0x00, 0x00, 0x00, 0x00, 0x00,
  0x00, 0x00, 0x00, 0x34, 0xAA, 0x4F, 0x9D, 0x00, 0x9F, 0x4C, 0x00, 0xD4, 0xFF, 0xFF, 0xFF, 0xF9, 0x0F, 0xF0, 0x10, 0x00, 0x00, 0x8F, 0x79, 0x02,
  0xF5, 0x0E, 0x00, 0x00, 0x23, 0x07, 0xDC, 0x24, 0x00, 0x00, 0xB1, 0x5A, 0xEC, 0x18, 0x00, 0x00, 0x00, 0x00, 0xEC, 0x18, 0x00, 0x00, 0x00, 0x00,
  0x2D, 0xDC, 0x00, 0x00, 0x00, 0xAF, 0x44, 0x0C, 0xF8, 0x00, 0x00, 0x00, 0xC4, 0x3C, 0x00, 0x00, 0xE8, 0x1C, 0x00, 0x00, 0x00, 0x19, 0x00, 0x00,
  0x43, 0xC3, 0xFC, 0x21, 0x05, 0xD2, 0x4C, 0x00, 0x90, 0x74, 0x00, 0x00, 0x00, 0x00, 0x30, 0xBC, 0x00, 0x00, 0x00, 0x8C, 0x64, 0x0C, 0xE0, 0x00,
  0x42, 0xBD, 0xAC, 0x3C, 0x29, 0xD9, 0x00, 0x00, 0x00, 0xAC, 0x5D, 0xEC, 0x18, 0x00, 0x00, 0x00, 0x00, 0x2C, 0xD9, 0x00, 0x00, 0x00, 0xAC, 0x5E,
  0xEC, 0x18, 0x3F, 0xCF, 0x06, 0x00, 0x00, 0x0D, 0x00, 0x00, 0x00, 0x98, 0x74, 0x00, 0x00, 0x00, 0xE8, 0x1C, 0x00, 0x00, 0x00, 0xFA, 0x05, 0x00,
  0x00, 0xD2, 0x2C, 0x00, 0x00, 0xDB, 0x27, 0xE4, 0x12, 0x00, 0x21, 0xBD, 0xBC, 0x10, 0xCF, 0x86, 0x53, 0x00, 0x16, 0xDE, 0x21, 0xCC, 0x44, 0x00,
  0x00, 0x00, 0x00, 0xE8, 0x1C, 0x00, 0x00, 0x00, 0x43, 0xCE, 0x0A, 0x00, 0x00, 0x00, 0x4C, 0x88, 0x00, 0x00, 0x00, 0x00, 0x00, 0xCD, 0x10, 0x00,
  0x00, 0x00, 0x00, 0x54, 0x80, 0x00, 0x00, 0x00, 0x00, 0x00, 0x00, 0x00, 0x00, 0x00, 0x00, 0x00, 0x00, 0x00, 0x00, 0x00, 0x00, 0x00, 0x02, 0x9C,
  0xF3, 0xD7, 0x21, 0xC0, 0x98, 0xDC, 0x18, 0x00, 0x00, 0x93, 0x6B, 0x14, 0xAA, 0xF0, 0xE1, 0x53, 0x00, 0x38, 0xC7, 0x00, 0x00, 0x00, 0xE8, 0x10,
  0x00, 0x24, 0xBC, 0xF4, 0xDE, 0x5C, 0x00, 0x00, 0x00, 0x00, 0xEC, 0x0C, 0x00, 0x00, 0x00, 0xA6, 0x49, 0x00, 0x00, 0x00, 0x00, 0xD4, 0x24, 0x00,
  0x00, 0xE1, 0x16, 0x00, 0x00, 0x80, 0x78, 0x00, 0x00, 0x00, 0x00, 0x00, 0xC8, 0x30, 0xBC, 0x99, 0xF9, 0x3F, 0x00, 0x00, 0x00, 0x00, 0x00, 0xE0,
  0x14, 0x00, 0x00, 0x5C, 0x88, 0x00, 0xD8, 0x0C, 0x58, 0x8C, 0xD4, 0x24, 0x00, 0x00, 0xDC, 0x18, 0x00, 0x2C, 0xC4, 0xF4, 0xD4, 0x47, 0x00, 0xDC,
  0x63, 0xE5, 0xEA, 0x77, 0x00, 0x00, 0x4F, 0xDF, 0xF0, 0x71, 0xE8, 0x10, 0x14, 0xFF, 0xFF, 0xFF, 0xFF, 0xA0, 0x00, 0x00, 0x00, 0x00, 0x00, 0x00,
  0x27, 0xF3, 0x53, 0x00, 0x00, 0x00, 0x00, 0x00, 0x57, 0x79, 0x32, 0xBE, 0x00, 0x00, 0x00, 0x00, 0x0B, 0x00, 0xA4, 0x14, 0x6C, 0x94, 0x0E, 0xC8,
  0x05, 0x89, 0x60, 0x1C, 0xCE, 0x8E, 0x9D, 0x0E, 0x1C, 0xD1, 0xA8, 0x00, 0x00, 0x00, 0x6E, 0x6B, 0x00, 0x00, 0x00, 0x00, 0x38, 0x9D, 0x00, 0x00,
  0x00, 0x00, 0x00, 0x00, 0x00, 0x00, 0x00, 0x00, 0x6E, 0x08, 0x00, 0x00, 0x00, 0x00, 0x00, 0x00, 0x00, 0x00, 0x00, 0x00, 0x00, 0x00, 0x00, 0x00,
  0x37, 0xA6, 0x00, 0x00, 0x00, 0x00, 0xD1, 0x68, 0x0C, 0x44, 0xE9, 0x10, 0x00, 0x00, 0x00, 0x94, 0x6C, 0x00, 0x00, 0x02, 0x8F, 0x91, 0x07, 0x00,
  0x00, 0x00, 0x2E, 0xCB, 0x28, 0x08, 0x53, 0xEC, 0x09, 0x00, 0x00, 0x00, 0x00, 0x78, 0x80, 0x00, 0x04, 0xCF, 0x49, 0x07, 0x36, 0xE7, 0x25, 0x04,
  0xD7, 0x48, 0x07, 0x2F, 0xE1, 0x2B, 0x00, 0x00, 0x38, 0xD3, 0x00, 0x00, 0x00, 0x23, 0xED, 0x3F, 0x07, 0x2A, 0xD7, 0x51, 0x00, 0x00, 0x00, 0x24,
  0xCE, 0x23, 0x00, 0x27, 0xF3, 0x53, 0x29, 0xFE, 0x1D, 0x00, 0x00, 0x00, 0x14, 0x9A, 0x2D, 0x00, 0x00, 0x00, 0x00, 0x00, 0x00, 0x00, 0xB4, 0x28,
  0x00, 0x00, 0x00, 0x00, 0x00, 0x00, 0x59, 0xF2, 0x23, 0x00, 0x00, 0x13, 0xD2, 0x0C, 0xDE, 0xE3, 0xB5, 0x4C, 0x25, 0xED, 0x05, 0x00, 0x00, 0xC4,
  0x5B, 0xF0, 0x10, 0x00, 0x18, 0xCD, 0x48, 0x00, 0x9D, 0x9C, 0x12, 0x26, 0xD9, 0x35, 0xDC, 0x24, 0x07, 0x53, 0xEC, 0x0D, 0xEC, 0x18, 0x00, 0x00,
  0x00, 0x00, 0xEC, 0x18, 0x00, 0x00, 0x00, 0x00, 0x01, 0xDC, 0x6A, 0x0B, 0x35, 0xE1, 0x44, 0x0C, 0xF8, 0x00, 0x00, 0x00, 0xC4, 0x3C, 0x00, 0x00,
  0xE8, 0x1C, 0x00, 0x00, 0x04, 0xE3, 0x43, 0x0A, 0x96, 0x9B, 0xFC, 0x08, 0x00, 0x36, 0xE1, 0x0F, 0x90, 0x74, 0x00, 0x00, 0x00, 0x00, 0x30, 0xBC,
  0x00, 0x00, 0x00, 0x8C, 0x64, 0x0C, 0xE0, 0x00, 0x00, 0xD3, 0xD8, 0x3C, 0x00, 0xD1, 0x6B, 0x0C, 0x47, 0xEC, 0x10, 0xEC, 0x18, 0x00, 0x00, 0x00,
  0x00, 0x00, 0xD9, 0x6B, 0x0C, 0x47, 0xEF, 0x13, 0xEC, 0x18, 0x00, 0x90, 0x8B, 0x00, 0x2F, 0xD8, 0x3E, 0x06, 0x26, 0xD4, 0x4B, 0x00, 0x00, 0x00,
  0xE8, 0x1C, 0x00, 0x00, 0x00, 0xCA, 0x6B, 0x09, 0x3C, 0xEF, 0x08, 0x00, 0x00, 0x8C, 0xA9, 0xBE, 0x00, 0x00, 0x0C, 0xD3, 0xCC, 0x00, 0xA6, 0xC5,
  0x3E, 0x00, 0xAE, 0x68, 0x00, 0x31, 0xDB, 0x0B, 0x00, 0x00, 0x00, 0xE8, 0x1C, 0x00, 0x00, 0x1E, 0xDA, 0x23, 0x00, 0x00, 0x00, 0x00, 0x4C, 0x88,
  0x00, 0x00, 0x00, 0x00, 0x00, 0x75, 0x69, 0x00, 0x00, 0x00, 0x00, 0x54, 0x80, 0x00, 0x00, 0x00, 0x00, 0x00, 0x00, 0x00, 0x00, 0x00, 0x00, 0x00,
  0x00, 0x00, 0x00, 0x00, 0x00, 0x00, 0x00, 0x00, 0x00, 0x00, 0x00, 0x00, 0x00, 0xDC, 0x18, 0x00, 0x00, 0x93, 0x6B, 0x00, 0x00, 0x00, 0x00, 0x00,
  0x00, 0x38, 0xC7, 0x00, 0x00, 0x00, 0xE8, 0x10, 0x00, 0x00, 0x00, 0x00, 0x00, 0x00, 0x00, 0x00, 0x00, 0x00, 0xEC, 0x0C, 0x00, 0x00, 0x00, 0x80,
  0xFF, 0xFF, 0xFC, 0xDB, 0x48, 0xD4, 0x24, 0x00, 0x00, 0xDC, 0x18, 0x00, 0x00, 0x80, 0x78, 0x00, 0x00, 0x00, 0x00, 0x00, 0xC8, 0x30, 0xBC, 0x9C,
  0x45, 0xD8, 0x10, 0x00, 0x00, 0x00, 0x00, 0xE0, 0x14, 0x00, 0x00, 0x00, 0x00, 0x00, 0x00, 0x00, 0x00, 0x00, 0x00, 0x00, 0x00, 0x00, 0x00, 0x00,
  0x00, 0x00, 0x00, 0x00, 0x00, 0x00, 0x00, 0xDC, 0x18, 0x00, 0x00, 0x00, 0x00, 0x00, 0x00, 0x00, 0x00, 0x00, 0xE8, 0x10, 0x00, 0x00, 0x00, 0x00,
  0x00, 0x00, 0x00, 0x00, 0x00, 0x00, 0x00, 0x00, 0x27, 0xF3, 0x53, 0x00, 0x00, 0x00, 0x00, 0x00, 0x92, 0x4B, 0x61, 0x84, 0x00, 0x00, 0x00, 0x26,
  0xE1, 0x4A, 0xA9, 0x2F, 0xB5, 0x70, 0x84, 0x58, 0x00, 0x24, 0xD6, 0xEF, 0x5E, 0x14, 0xB6, 0xF5, 0xD5, 0x30, 0xB0, 0x73, 0x00, 0x00, 0x3D, 0x95,
  0x00, 0x00, 0x00, 0x00, 0x62, 0x6D, 0x00, 0x00, 0x00, 0x00, 0x00, 0x00, 0x00, 0x00, 0x00, 0x00, 0x00, 0x00, 0x00, 0x00, 0x00, 0x00, 0x00, 0x00,
  0x00, 0x00, 0x00, 0x00, 0x00, 0x00, 0x00, 0x00, 0x98, 0x44, 0x00, 0x00, 0x00, 0x00, 0x24, 0xC8, 0xFA, 0xDC, 0x42, 0x00, 0x00, 0xFC, 0xFF, 0xFF,
  0xFF, 0xFF, 0xA4, 0x24, 0xFF, 0xFF, 0xFF, 0xFF, 0xFF, 0x70, 0x00, 0x63, 0xDC, 0xF5, 0xC7, 0x3A, 0x00, 0x00, 0x00, 0x00, 0x00, 0x78, 0x80, 0x00,
  0x00, 0x37, 0xC9, 0xF6, 0xD5, 0x54, 0x00, 0x00, 0x30, 0xC4, 0xF4, 0xD8, 0x57, 0x00, 0x00, 0x00, 0xB0, 0x61, 0x00, 0x00, 0x00, 0x00, 0x57, 0xD5,
  0xF7, 0xE0, 0x79, 0x00, 0x00, 0x00, 0x4B, 0xC7, 0x30, 0x00, 0x00, 0x00, 0x00, 0x00, 0x51, 0xC3, 0x00, 0x00, 0x00, 0x00, 0x00, 0x00, 0x00, 0x00,
  0x00, 0x00, 0x00, 0x00, 0x00, 0x00, 0x00, 0x00, 0x00, 0x00, 0x00, 0x00, 0x00, 0x00, 0x59, 0xF3, 0x23, 0x00, 0x00, 0x00, 0xBE, 0x7C, 0x12, 0x11,
  0x00, 0x00, 0x77, 0x98, 0x00, 0x00, 0x00, 0x69, 0xAE, 0xF0, 0xFF, 0xFF, 0xF1, 0x8A, 0x00, 0x00, 0x13, 0xAF, 0xF6, 0xE3, 0x5E, 0x00, 0xDC, 0xFF,
  0xF9, 0xCD, 0x3B, 0x00, 0xEC, 0xFF, 0xFF, 0xFF, 0xFF, 0x3C, 0xEC, 0x18, 0x00, 0x00, 0x00, 0x00, 0x00, 0x3B, 0xD8, 0xF7, 0xA2, 0xAE, 0x44, 0x0C,
  0xF8, 0x00, 0x00, 0x00, 0xC4, 0x3C, 0xFC, 0xFF, 0xFF, 0xFF, 0xFF, 0x30, 0x00, 0x3E, 0xD7, 0xF5, 0xB8, 0x17, 0xFC, 0x08, 0x00, 0x00, 0x8E, 0x9C,
  0x90, 0xFF, 0xFF, 0xFF, 0xFF, 0x6C, 0x30, 0xBC, 0x00, 0x00, 0x00, 0x8C, 0x64, 0x0C, 0xE0, 0x00, 0x00, 0x67, 0xFF, 0x3C, 0x00, 0x24, 0xC8, 0xFA,
  0xDC, 0x42, 0x00, 0xEC, 0x18, 0x00, 0x00, 0x00, 0x00, 0x00, 0x2C, 0xCA, 0xFF, 0xDB, 0x4D, 0x00, 0xEC, 0x18, 0x00, 0x09, 0xD7, 0x40, 0x00, 0x4D,
  0xD4, 0xF8, 0xE1, 0x78, 0x00, 0x00, 0x00, 0x00, 0xE8, 0x1C, 0x00, 0x00, 0x00, 0x36, 0xD7, 0xFB, 0xE5, 0x58, 0x00, 0x00, 0x00, 0x3C, 0xFF, 0x6F,
  0x00, 0x00, 0x00, 0xF6, 0xA3, 0x00, 0x6F, 0xFF, 0x2A, 0x5A, 0xBE, 0x01, 0x00, 0x00, 0x8C, 0x93, 0x00, 0x00, 0x00, 0xE8, 0x1C, 0x00, 0x00, 0x6C,
  0xFF, 0xFF, 0xFF, 0xFF, 0xFF, 0xA0, 0x4C, 0x88, 0x00, 0x00, 0x00, 0x00, 0x00, 0x18, 0xC6, 0x00, 0x00, 0x00, 0x00, 0x54, 0x80, 0x00, 0x00, 0x00,
  0x00, 0x00, 0x00, 0x00, 0x00, 0x00, 0x00, 0x00, 0x00, 0x00, 0x00, 0x00, 0x00, 0x00, 0x00, 0x00, 0x00, 0x00, 0x00, 0x00, 0x00, 0xDC, 0x63, 0x07,
  0x2F, 0xE4, 0x31, 0x00, 0x00, 0x00, 0x00, 0x00, 0x00, 0x0D, 0xEA, 0x49, 0x07, 0x3F, 0xF7, 0x10, 0x00, 0x00, 0x00, 0x00, 0x00, 0x00, 0x00, 0x00,
  0x00, 0x00, 0xEC, 0x0C, 0x00, 0x00, 0x23, 0xDF, 0x15, 0x00, 0x07, 0x72, 0xAA, 0xD4, 0x24, 0x00, 0x00, 0xDC, 0x18, 0x00, 0x00, 0x80, 0x78, 0x00,
  0x00, 0x00, 0x00, 0x00, 0xC8, 0x30, 0xBC, 0x38, 0x00, 0x77, 0xB3, 0x01, 0x00, 0x00, 0x00, 0xE0, 0x14, 0x00, 0x00, 0x00, 0x00, 0x00, 0x00, 0x00,
  0x00, 0x00, 0x00, 0x00, 0x00, 0x00, 0x00, 0x00, 0x00, 0x00, 0x00, 0x00, 0x00, 0x00, 0x00, 0xDC, 0x18, 0x00, 0x00, 0x00, 0x00, 0x00, 0x00, 0x00,
  0x00, 0x00, 0xE8, 0x10, 0x00, 0x00, 0x00, 0x00, 0x00, 0x00, 0x00, 0x00, 0x00, 0x00, 0x00, 0x00, 0x00, 0x00, 0x00, 0x00, 0x00, 0x00, 0x00, 0x00,
  0x00, 0x00, 0x00, 0x00, 0x00, 0x00, 0x00, 0x00, 0x48, 0xD1, 0xFD, 0xEA, 0x95, 0x06, 0x00, 0x00, 0x00, 0x00, 0x00, 0x00, 0x00, 0x00, 0x00, 0x00,
  0x00, 0x00, 0x00, 0x00, 0x00, 0x00, 0x01, 0xCB, 0x07, 0x00, 0x00, 0x00, 0xBD, 0x19, 0x00, 0x00, 0x00, 0x00, 0x00, 0x00, 0x00, 0x00, 0x00, 0x00,
  0x00, 0x00, 0x00, 0x00, 0x00, 0x00, 0x00, 0x00, 0x00, 0x00, 0x00, 0x00, 0x00, 0x00, 0x00, 0x09, 0xD1, 0x02, 0x00, 0x00, 0x00, 0x00, 0x00, 0x00,
  0x00, 0x00, 0x00, 0x00, 0x00, 0x00, 0x00, 0x00, 0x00, 0x00, 0x00, 0x00, 0x00, 0x00, 0x00, 0x00, 0x00, 0x00, 0x00, 0x00, 0x00, 0x00, 0x00, 0x00,
  0x00, 0x00, 0x00, 0x00, 0x00, 0x00, 0x00, 0x00, 0x00, 0x00, 0x00, 0x00, 0x00, 0x00, 0x00, 0x00, 0x00, 0x00, 0x00, 0x00, 0x00, 0x00, 0x00, 0x00,
  0x00, 0x00, 0x00, 0x00, 0x00, 0x00, 0x00, 0x00, 0x00, 0x00, 0x00, 0x00, 0x00, 0x00, 0x00, 0x00, 0x00, 0x00, 0x00, 0x00, 0x00, 0x00, 0x78, 0x6B,
  0x00, 0x00, 0x00, 0x00, 0x00, 0x00, 0x00, 0x00, 0x00, 0x00, 0x00, 0x00, 0x00, 0x00, 0x00, 0x00, 0x00, 0x00, 0x00, 0x00, 0x00, 0x00, 0x00, 0x00,
  0x00, 0x00, 0x00, 0x00, 0x1B, 0xB5, 0xF5, 0xFF, 0x74, 0x00, 0x00, 0x00, 0x00, 0x00, 0x00, 0x00, 0x00, 0x00, 0x00, 0x00, 0x00, 0x00, 0x00, 0x00,
  0x00, 0x00, 0x00, 0x00, 0x00, 0x00, 0x00, 0x00, 0x00, 0x00, 0x00, 0x00, 0x00, 0x00, 0x00, 0x00, 0x00, 0x00, 0x00, 0x00, 0x00, 0x00, 0x00, 0x00,
  0x00, 0x00, 0x00, 0x00, 0x00, 0x00, 0x00, 0x00, 0x00, 0x00, 0x00, 0x00, 0x00, 0x00, 0x00, 0x00, 0x00, 0x00, 0x00, 0x00, 0x00, 0x00, 0x00, 0x00,
  0x00, 0x00, 0x00, 0x00, 0x00, 0x00, 0x00, 0x00, 0x00, 0x00, 0x00, 0x00, 0x00, 0x00, 0x00, 0x00, 0x00, 0x00, 0x00, 0x00, 0x00, 0x00, 0x00, 0x00,
  0x00, 0x00, 0x00, 0x00, 0x00, 0x00, 0x00, 0x00, 0x00, 0x00, 0x00, 0x00, 0x00, 0x00, 0x00, 0x00, 0x00, 0x00, 0x00, 0x00, 0xDB, 0x14, 0x00, 0x00,
  0x00, 0x00, 0x00, 0x00, 0x00, 0x00, 0x00, 0x00, 0x00, 0x00, 0x00, 0x00, 0x00, 0x00, 0x00, 0x00, 0x00, 0x00, 0x00, 0x00, 0x00, 0x00, 0x00, 0x00,
  0x00, 0x00, 0x00, 0x00, 0x00, 0x00, 0x00, 0x00, 0x00, 0x00, 0x00, 0x00, 0x00, 0x00, 0x00, 0x00, 0x00, 0x00, 0x00, 0x00, 0x00, 0x00, 0x00, 0x00,
  0x00, 0x00, 0x00, 0x00, 0x00, 0x00, 0x00, 0x00, 0x00, 0x00, 0x00, 0x00, 0x00, 0x00, 0x4C, 0x88, 0x00, 0x00, 0x00, 0x00, 0x00, 0x00, 0xB3, 0x2C,
  0x00, 0x00, 0x00, 0x54, 0x80, 0x00, 0x00, 0x00, 0x00, 0x00, 0x00, 0x00, 0x00, 0x00, 0x00, 0x00, 0x00, 0x00, 0x00, 0x00, 0x00, 0x00, 0x00, 0x00,
  0x00, 0x00, 0x00, 0x00, 0x00, 0xDC, 0x63, 0xE5, 0xEA, 0x77, 0x00, 0x00, 0x00, 0x00, 0x00, 0x00, 0x00, 0x00, 0x4F, 0xDF, 0xF0, 0x71, 0xE8, 0x10,
  0x00, 0x00, 0x00, 0x00, 0x00, 0x00, 0x00, 0x00, 0xFF, 0xFF, 0xFF, 0xFF, 0xFF, 0x40, 0x03, 0x98, 0xE9, 0xFB, 0xF0, 0xC1, 0x31, 0xD4, 0x24, 0x00,
  0x00, 0xDC, 0x18, 0xBC, 0xFF, 0xFF, 0xFF, 0xFF, 0x8C, 0x00, 0x00, 0x00, 0xC8, 0x30, 0xBC, 0x38, 0x00, 0x00, 0xAE, 0x7F, 0x0C, 0xFF, 0xFF, 0xFF,
  0xFF, 0xFF, 0x3C, 0x00, 0x00, 0x00, 0x00, 0x00, 0x00, 0x00, 0x00, 0x00, 0x00, 0x00, 0x00, 0x00, 0x00, 0x00, 0x00, 0x00, 0x00, 0x00, 0x00, 0x00,
  0x00, 0x00, 0x00, 0x00, 0x00, 0x00, 0x00, 0x00, 0x00, 0x00, 0x00, 0x00, 0x00, 0x00, 0x00, 0x00, 0x00, 0x00, 0x00, 0x00, 0x00, 0x00, 0x00, 0x00,
  0x00, 0x00, 0x00, 0x00, 0x00, 0x00, 0x00, 0x00, 0x00, 0x00, 0x00, 0x00, 0x00, 0x00, 0x00, 0x00, 0x00, 0x00, 0xA8, 0x18, 0x00, 0x00, 0x00, 0x00,
  0x00, 0x00, 0x00, 0x00, 0x00, 0x00, 0x00, 0x00, 0x00, 0x00, 0x00, 0x00, 0x00, 0x00, 0x00, 0x57, 0x88, 0x00, 0x00, 0x59, 0x8A, 0x00, 0x00, 0x00,
  0x00, 0x00, 0x00, 0x00, 0x00, 0x00, 0x00, 0x00, 0x00, 0x00, 0x00, 0x00, 0x00, 0x00, 0x00, 0x00, 0x00, 0x00, 0x00, 0x00, 0x00, 0x00, 0x00, 0x5A,
  0x81, 0x00, 0x00, 0x00, 0x00, 0x00, 0x00, 0x00, 0x00, 0x00, 0x00, 0x00, 0x00, 0x00, 0x00, 0x00, 0x00, 0x00, 0x00, 0x00, 0x00, 0x00, 0x00, 0x00,
  0x00, 0x00, 0x00, 0x00, 0x00, 0x00, 0x00, 0x00, 0x00, 0x00, 0x00, 0x00, 0x00, 0x00, 0x00, 0x00, 0x00, 0x00, 0x00, 0x00, 0x00, 0x00, 0x00, 0x00,
  0x00, 0x00, 0x00, 0x00, 0x00, 0x00, 0x00, 0x00, 0x00, 0x00, 0x00, 0x00, 0x00, 0x00, 0x00, 0x00, 0x00, 0x00, 0x00, 0x00, 0x00, 0x00, 0x00, 0x00,
  0x00, 0x00, 0x00, 0x00, 0x00, 0x00, 0x00, 0x00, 0x00, 0x00, 0x00, 0x00, 0x00, 0x00, 0x00, 0x00, 0x00, 0x00, 0x00, 0x00, 0x00, 0x00, 0x00, 0x00,
  0x00, 0x00, 0x00, 0x00, 0x00, 0x00, 0x00, 0x00, 0x00, 0x00, 0x00, 0x00, 0x00, 0x00, 0x00, 0x00, 0x00, 0x00, 0x00, 0x00, 0x00, 0x00, 0x00, 0x00,
  0x00, 0x00, 0x00, 0x00, 0x00, 0x00, 0x00, 0x00, 0x00, 0x00, 0x00, 0x00, 0x00, 0x00, 0x00, 0x00, 0x00, 0x00, 0x00, 0x00, 0x00, 0x00, 0x00, 0x00,
  0x00, 0x00, 0x00, 0x00, 0x00, 0x00, 0x00, 0x00, 0x00, 0x00, 0x00, 0x00, 0x00, 0x00, 0x00, 0x00, 0x00, 0x00, 0x00, 0x00, 0x00, 0x00, 0x00, 0x00,
  0x00, 0x00, 0x00, 0x00, 0x00, 0x00, 0x00, 0x00, 0x00, 0x00, 0x00, 0x00, 0x00, 0x00, 0x00, 0x00, 0x00, 0x00, 0x00, 0x00, 0x00, 0x00, 0x00, 0x00,
  0x00, 0x00, 0x00, 0x00, 0x00, 0x00, 0x00, 0x00, 0x00, 0x00, 0x00, 0x00, 0x00, 0x00, 0x00, 0x00, 0x00, 0x00, 0x00, 0x00, 0x00, 0x00, 0x00, 0x00,
  0x00, 0x00, 0x00, 0x00, 0x81, 0xFA, 0xE4, 0x00, 0x00, 0x00, 0x00, 0x00, 0x00, 0x00, 0x00, 0x00, 0x00, 0x00, 0x00, 0x00, 0x00, 0x00, 0x00, 0x00,
  0x00, 0x00, 0x00, 0x00, 0x00, 0x00, 0x00, 0x00, 0x00, 0x00, 0x00, 0x00, 0x00, 0x00, 0x00, 0x00, 0x00, 0x00, 0x00, 0x00, 0x00, 0x00, 0x00, 0x00,
  0x00, 0x00, 0x00, 0x00, 0x00, 0x00, 0x00, 0x00, 0x00, 0x00, 0x00, 0x00, 0x00, 0x00, 0x00, 0x00, 0x00, 0x00, 0x00, 0x00, 0x00, 0x00, 0x4C, 0x88,
  0x00, 0x00, 0x00, 0x00, 0x00, 0x00, 0x52, 0x8D, 0x00, 0x00, 0x00, 0x54, 0x80, 0x00, 0x00, 0x00, 0x00, 0x00, 0x00, 0x00, 0x00, 0x00, 0x00, 0x00,
  0x00, 0x00, 0x00, 0x00, 0x00, 0x00, 0x00, 0x00, 0x00, 0x00, 0x00, 0x00, 0x00, 0x00, 0x00, 0x00, 0x00, 0x00, 0x00, 0x00, 0x00, 0x00, 0x00, 0x00,
  0x00, 0x00, 0x00, 0x00, 0x00, 0x00, 0x00, 0x00, 0x00, 0x00, 0x00, 0x00, 0x00, 0x00, 0x00, 0x00, 0x00, 0x00, 0x00, 0x00, 0x00, 0x00, 0x00, 0x00,
  0x00, 0x00, 0x00, 0x00, 0x00, 0x00, 0x00, 0x00, 0x00, 0x00, 0x00, 0x00, 0x00, 0x00, 0x00, 0x00, 0x00, 0x00, 0x00, 0x00, 0xC8, 0x2D, 0x00, 0x00,
  0x00, 0x00, 0x00, 0x00, 0x00, 0x00, 0x00, 0x00, 0x00, 0x00, 0x00, 0x00, 0x00, 0x00, 0x00, 0x00, 0x00, 0x00, 0x00, 0x00, 0x00, 0x00, 0x00, 0x00,
  0x00, 0x00, 0x00, 0x00, 0x00, 0x00, 0x00, 0x00, 0x00, 0x00, 0x00, 0x00, 0x00, 0x00, 0x00, 0x00, 0x00, 0x00, 0x00, 0x00, 0x00, 0x00, 0x00, 0x00,
  0x00, 0x00, 0x00, 0x00, 0x00, 0x00, 0x00, 0x00, 0x00, 0x00, 0x00, 0x00, 0x00, 0x00, 0x00, 0x00, 0x00, 0x00, 0x00, 0x00, 0x00, 0x00, 0x00, 0x00,
  0x00, 0x00, 0x00, 0x00, 0x00, 0x00, 0x00, 0x00, 0x00, 0x00, 0x00, 0x00, 0x00, 0x00, 0x00, 0x00, 0x00, 0x00, 0x00, 0x00, 0x00, 0x00, 0x00, 0x00,
  0x89, 0x67, 0x41, 0xAC, 0x07, 0x00, 0x00, 0x00, 0x00, 0x00, 0x00, 0x00, 0x00, 0x00, 0x00, 0x00, 0x00, 0x00, 0x00, 0x00, 0x00, 0x00, 0x00, 0x00,
  0x00, 0x00, 0x00, 0x00, 0x00, 0x00, 0x00, 0xBA, 0x21, 0x00, 0x00, 0x00, 0x00, 0x00, 0x00, 0x00, 0x00, 0x00, 0x00, 0x00, 0x00, 0x00, 0x00, 0x00,
  0x00, 0x00, 0x00, 0x00, 0x00, 0x00, 0x00, 0x00, 0x00, 0x00, 0x00, 0x00, 0x00, 0x00, 0x00, 0x00, 0x00, 0x00, 0x00, 0x00, 0x00, 0x00, 0x00, 0x00,
  0x00, 0x00, 0x00, 0x00, 0x00, 0x00, 0x00, 0x00, 0x00, 0x00, 0x00, 0x00, 0x00, 0x00, 0x00, 0x00, 0x00, 0x00, 0x00, 0x00, 0x00, 0x00, 0x00, 0x00,
  0x00, 0x00, 0x00, 0x00, 0x00, 0x00, 0x00, 0x00, 0x00, 0x00, 0x00, 0x00, 0x00, 0x00, 0x00, 0x00, 0x00, 0x00, 0x00, 0x00, 0x00, 0x00, 0x00, 0x00,
  0x00, 0x00, 0x00, 0x00, 0x00, 0x00, 0x00, 0x00, 0x00, 0x00, 0x00, 0x00, 0x00, 0x00, 0x00, 0x00, 0x00, 0x00, 0x00, 0x00, 0x00, 0x00, 0x00, 0x00,
  0x00, 0x00, 0x00, 0x00, 0x00, 0x00, 0x00, 0x00, 0x00, 0x00, 0x00, 0x00, 0x00, 0x00, 0x00, 0x00, 0x00, 0x00, 0x00, 0x00, 0x00, 0x00, 0x00, 0x00,
  0x00, 0x00, 0x00, 0x00, 0x00, 0x00, 0x00, 0x00, 0x00, 0x00, 0x00, 0x00, 0x00, 0x00, 0x00, 0x00, 0x00, 0x00, 0x00, 0x00, 0x00, 0x00, 0x00, 0x00,
  0x00, 0x00, 0x00, 0x00, 0x00, 0x00, 0x00, 0x00, 0x00, 0x00, 0x00, 0x00, 0x00, 0x00, 0x00, 0x00, 0x00, 0x00, 0x00, 0x00, 0x00, 0x00, 0x00, 0x00,
  0x00, 0x00, 0x00, 0x00, 0x00, 0x00, 0x00, 0x00, 0x00, 0x00, 0x00, 0x00, 0x00, 0x00, 0x00, 0x00, 0x00, 0x00, 0x00, 0x00, 0x00, 0x00, 0x00, 0x00,
  0x00, 0x00, 0x00, 0x00, 0x00, 0x00, 0x00, 0x00, 0x00, 0x00, 0x00, 0x00, 0x00, 0x00, 0x00, 0x00, 0x00, 0x00, 0x00, 0x00, 0x00, 0x00, 0x00, 0x00,
  0x00, 0x00, 0x00, 0x00, 0x00, 0x00, 0x00, 0x00, 0x00, 0x00, 0x00, 0x00, 0x00, 0x00, 0x00, 0x00, 0x00, 0x00, 0x00, 0x00, 0x00, 0x00, 0x00, 0x00,
  0x00, 0x00, 0x00, 0x00, 0x00, 0x00, 0x00, 0x00, 0x00, 0x00, 0x00, 0x00, 0x00, 0x00, 0x00, 0x00, 0x00, 0x00, 0x00, 0x00, 0x00, 0x00, 0x00, 0x00,
  0x00, 0x00, 0x00, 0x00, 0x00, 0x00, 0x4C, 0xFF, 0xFF, 0xFF, 0x10, 0x00, 0x00, 0x00, 0x05, 0xD4, 0x05, 0xDC, 0xFF, 0xFF, 0x80, 0x00, 0x00, 0x00,
  0x00, 0x00, 0x00, 0x00, 0x00, 0x00, 0x00, 0x00, 0x00, 0x00, 0x00, 0x00, 0x00, 0x00, 0x00, 0x00, 0x00, 0x00, 0x00, 0x00, 0x00, 0x00, 0x00, 0x00,
  0x00, 0x00, 0x00, 0x00, 0x00, 0x00, 0x00, 0x00, 0x00, 0x00, 0x00, 0x00, 0x00, 0x00, 0x00, 0x00, 0x00, 0x00, 0x00, 0x00, 0x00, 0x00, 0x00, 0x00,
  0x00, 0x00, 0x00, 0x00, 0x00, 0x00, 0x00, 0x00, 0x00, 0x00, 0x00, 0x00, 0x00, 0x00, 0x00, 0x00, 0x00, 0x00, 0x00, 0x00, 0x00, 0x00, 0x00, 0x00,
  0x00, 0xC8, 0xFF, 0xFF, 0xCF, 0x09, 0x00, 0x00, 0x00, 0x00, 0x00, 0x00, 0x00, 0x00, 0x00, 0x00, 0x00, 0x00, 0x00, 0x00, 0x00, 0x00, 0x00, 0x00,
  0x00, 0x00, 0x00, 0x00, 0x00, 0x00, 0x00, 0x00, 0x00, 0x00, 0x00, 0x00, 0x00, 0x00, 0x00, 0x00, 0x00, 0x00, 0x00, 0x00, 0x00, 0x00, 0x00, 0x00,
  0x00, 0x00, 0x00, 0x00, 0x00, 0x00, 0x00, 0x00, 0x00, 0x00, 0x00, 0x00, 0x00, 0x00, 0x00, 0x00, 0x00, 0x38, 0xCD, 0xF8, 0xE4, 0x76, 0x03, 0x00,
  0x00, 0x70, 0x7C, 0x00, 0x00, 0x00, 0xE4, 0x10, 0x00, 0x00, 0xF0, 0x08, 0x13, 0xE0, 0x02, 0x00, 0x00, 0xB2, 0x40, 0x90, 0x49, 0x0A, 0xFC, 0x3E,
  0x0E, 0xC2, 0x07, 0xCB, 0x4F, 0x00, 0x1E, 0xDA, 0x1D, 0x26, 0xD3, 0x00, 0x00, 0x00, 0x9C, 0x57, 0xD8, 0xFF, 0xFF, 0xFF, 0xFF, 0x10, 0x00, 0x0D,
  0xE7, 0xFF, 0xF0, 0xD0, 0x04, 0xBC, 0xFF, 0xF5, 0x2F, 0x00, 0x00, 0x80, 0xEF, 0x57, 0x00, 0x43, 0x6E, 0x27, 0xF3, 0x53, 0x40, 0xFF, 0xFF, 0xFF,
  0xFF, 0xFF, 0x74, 0x48, 0xFF, 0xFF, 0xFF, 0xFF, 0xFF, 0x7C, 0x00, 0x00, 0x00, 0x00, 0x01, 0x00, 0x00, 0x6B, 0x55, 0x00, 0x00, 0x00, 0x33, 0x8C,
  0x20, 0xFF, 0x50, 0x2C, 0xFF, 0x08, 0xD0, 0x64, 0x00, 0x00, 0x75, 0xA7, 0x2C, 0xE7, 0x00, 0x00, 0x00, 0x00, 0x00, 0xC8, 0x38, 0x00, 0x00, 0x43,
  0xE5, 0xE5, 0x43, 0x00, 0x55, 0xBE, 0x00, 0x00, 0x50, 0xDE, 0xF1, 0x93, 0x03, 0x00, 0xFF, 0x34, 0x00, 0x04, 0xAD, 0x8C, 0x01, 0x60, 0xCD, 0x13,
  0x00, 0x00, 0x00, 0x00, 0xF8, 0x2C, 0x00, 0x00, 0x00, 0x00, 0x00, 0x62, 0x12, 0x00, 0x00, 0x29, 0xFF, 0x97, 0x38, 0xFF, 0xFF, 0xFF, 0x68, 0x45,
  0xF6, 0x75, 0x00, 0x00, 0x00, 0x24, 0xF5, 0x0E, 0x00, 0x2D, 0xCC, 0xF9, 0xDC, 0x4C, 0x00, 0x00, 0x0B, 0xC4, 0xFF, 0xC0, 0x00, 0x00, 0x00, 0x58,
  0xD6, 0xF7, 0xD5, 0x50, 0x00, 0x00, 0x68, 0xD9, 0xF8, 0xDB, 0x68, 0x00, 0x00, 0x00, 0x00, 0x7F, 0xFF, 0xA0, 0x00, 0x00, 0xB9, 0xFF, 0xFF, 0xFF,
  0xFF, 0x20, 0x00, 0x00, 0x23, 0xD1, 0xB5, 0x15, 0x00, 0x4C, 0xFF, 0xFF, 0xFF, 0xFF, 0xFF, 0x7C, 0x00, 0x65, 0xDA, 0xF8, 0xE5, 0x87, 0x02, 0x00,
  0x48, 0xCC, 0xF4, 0xD4, 0x54, 0x00, 0x45, 0xF6, 0x75, 0x45, 0xF6, 0x75, 0x00, 0x00, 0x00, 0x1A, 0x9E, 0x2D, 0x40, 0xFF, 0xFF, 0xFF, 0xFF, 0xFF,
  0x74, 0xB6, 0x2E, 0x00, 0x00, 0x00, 0x00, 0x00, 0x44, 0xD0, 0xF7, 0xDA, 0x5C, 0x00, 0x00, 0x32, 0xC6, 0xF3, 0xD7, 0x5C, 0x00, 0x00, 0x00, 0x78,
  0xFF, 0xAE, 0x00, 0x00, 0xFF, 0xFF, 0xFF, 0xEB, 0x88, 0x00, 0x00, 0x1E, 0xB8, 0xF7, 0xE6, 0x81, 0x00, 0x04, 0xFF, 0xFF, 0xFC, 0xD8, 0x50, 0x00,
  0xF8, 0xFF, 0xFF, 0xFF, 0xFF, 0x48, 0xF8, 0xFF, 0xFF, 0xFF, 0xFF, 0x6C, 0x00, 0x34, 0xCB, 0xF8, 0xDB, 0x5A, 0x00, 0x24, 0xFF, 0x34, 0x00, 0x04,
  0xFF, 0x58, 0x0C, 0xFF, 0xFF, 0xFF, 0xFF, 0xFF, 0x3C, 0x00, 0x58, 0xFF, 0xFF, 0xFF, 0xEC, 0x10, 0xFF, 0x48, 0x00, 0x1A, 0xE6, 0x8B, 0x00, 0xB4,
  0xA4, 0x00, 0x00, 0x00, 0x00, 0x54, 0xFF, 0x83, 0x00, 0x39, 0xFF, 0x88, 0x24, 0xFF, 0xCB, 0x00, 0x00, 0xD8, 0x58, 0x00, 0x2D, 0xCC, 0xF9, 0xDC,
  0x4C, 0x00, 0xFC, 0xFF, 0xFF, 0xF0, 0x9F, 0x05, 0x00, 0x2D, 0xCC, 0xF9, 0xDC, 0x4C, 0x00, 0xFC, 0xFF, 0xFF, 0xF0, 0x9F, 0x05, 0x00, 0x50, 0xD2,
  0xF7, 0xEA, 0x9F, 0x11, 0xB4, 0xFF, 0xFF, 0xFF, 0xFF, 0xFF, 0xE8, 0x2C, 0xFF, 0x2C, 0x00, 0x00, 0xF8, 0x60, 0x8F, 0xE2, 0x00, 0x00, 0x00, 0xA1,
  0xC1, 0xAB, 0x80, 0x00, 0x00, 0x00, 0x45, 0xDD, 0x4C, 0xFD, 0x36, 0x00, 0x06, 0xD8, 0x8A, 0x9A, 0xDE, 0x04, 0x00, 0x00, 0xA8, 0xCC, 0x00, 0x40,
  0xFF, 0xFF, 0xFF, 0xFF, 0xFF, 0x74, 0x84, 0xFF, 0xFF, 0xFF, 0x14, 0xD1, 0x56, 0x00, 0x00, 0x00, 0x00, 0xE0, 0xFF, 0xFF, 0xB8, 0x00, 0x00, 0x5F,
  0xFF, 0x92, 0x00, 0x00, 0x48, 0xFF, 0xFF, 0xFF, 0xFF, 0xFF, 0x7C, 0x33, 0x29, 0x00, 0x00, 0x66, 0xDF, 0xF7, 0xCD, 0x37, 0x00, 0x00, 0x00, 0x00,
  0x00, 0xC4, 0x4E, 0x05, 0x1C, 0x60, 0x02, 0x00, 0x00, 0x80, 0x7C, 0x00, 0x00, 0x00, 0xE4, 0x10, 0x00, 0x00, 0xF0, 0x08, 0x00, 0xAE, 0x44, 0x00,
  0x12, 0xDA, 0x01, 0x67, 0x6D, 0x3D, 0xB7, 0x75, 0x33, 0x9A, 0x00, 0x22, 0xDD, 0x21, 0xC1, 0x46, 0x00, 0x00, 0xB6, 0x43, 0x00, 0x13, 0xD9, 0x04,
  0x00, 0x00, 0x00, 0x7F, 0xA2, 0x02, 0x00, 0x2F, 0xA4, 0x00, 0x00, 0xD0, 0x04, 0x00, 0x00, 0x74, 0x5E, 0x00, 0x14, 0xC5, 0x22, 0xDD, 0x3D, 0x9F,
  0x40, 0x27, 0xF3, 0x53, 0x00, 0x00, 0x00, 0x00, 0x00, 0x00, 0x00, 0x00, 0x00, 0x00, 0x00, 0x00, 0x00, 0x00, 0x00, 0x00, 0x00, 0x02, 0xBC, 0x24,
  0x00, 0x0B, 0xC3, 0x81, 0x01, 0x58, 0xD7, 0x1F, 0x20, 0xFF, 0x50, 0x2C, 0xFF, 0x08, 0xD0, 0x64, 0x00, 0x00, 0xAC, 0x78, 0x5C, 0xAF, 0x00, 0x00,
  0x00, 0x53, 0xD6, 0xFE, 0xEB, 0x9F, 0x12, 0xBC, 0x58, 0x59, 0xC0, 0x0E, 0xDE, 0x27, 0x00, 0x02, 0xF0, 0x5C, 0x1E, 0xA6, 0x18, 0x00, 0xFF, 0x34,
  0x00, 0x7D, 0xAB, 0x00, 0x00, 0x00, 0x7A, 0xB0, 0x00, 0x16, 0x20, 0x00, 0xF8, 0x2C, 0x13, 0x23, 0x00, 0x00, 0x00, 0xFC, 0x30, 0x00, 0x00, 0x52,
  0xFF, 0x38, 0x00, 0x00, 0x00, 0x00, 0x00, 0x46, 0xF7, 0x76, 0x00, 0x00, 0x00, 0x82, 0xA6, 0x00, 0x07, 0xE6, 0x82, 0x0E, 0x53, 0xFC, 0x22, 0x08,
  0xBD, 0xD0, 0xA6, 0xC0, 0x00, 0x00, 0x29, 0xFE, 0x5F, 0x09, 0x7D, 0xF9, 0x17, 0x0C, 0xC6, 0x4A, 0x07, 0x6B, 0xFF, 0x23, 0x00, 0x00, 0x36, 0xEC,
  0xC8, 0xA0, 0x00, 0x00, 0xCB, 0x4A, 0x00, 0x00, 0x00, 0x00, 0x00, 0x1A, 0xE2, 0x90, 0x01, 0x00, 0x00, 0x4C, 0xE0, 0x00, 0x00, 0x1A, 0xFA, 0x50,
  0x1A, 0xFF, 0x61, 0x06, 0x36, 0xFB, 0x4D, 0x22, 0xF8, 0x65, 0x09, 0x43, 0xF6, 0x2E, 0x46, 0xF7, 0x76, 0x46, 0xF7, 0x76, 0x00, 0x0C, 0x81, 0xF3,
  0xA5, 0x0F, 0x00, 0x00, 0x00, 0x00, 0x00, 0x00, 0x00, 0x8A, 0xF5, 0x9E, 0x1A, 0x00, 0x00, 0x07, 0xEB, 0x7C, 0x0D, 0x73, 0xFC, 0x16, 0x02, 0xDD,
  0x6E, 0x0C, 0x2C, 0xE1, 0x29, 0x00, 0x00, 0xC6, 0xD2, 0xF4, 0x08, 0x00, 0xFF, 0x50, 0x01, 0x49, 0xFF, 0x33, 0x00, 0xBD, 0xB4, 0x13, 0x36, 0xF3,
  0x5D, 0x04, 0xFF, 0x50, 0x09, 0x71, 0xF9, 0x1A, 0xF8, 0x60, 0x00, 0x00, 0x00, 0x00, 0xF8, 0x60, 0x00, 0x00, 0x00, 0x00, 0x03, 0xDF, 0x92, 0x0E,
  0x5D, 0xFD, 0x2D, 0x24, 0xFF, 0x34, 0x00, 0x04, 0xFF, 0x58, 0x00, 0x00, 0x14, 0xFF, 0x44, 0x00, 0x00, 0x00, 0x00, 0x00, 0x00, 0x6C, 0xEC, 0x10,
  0xFF, 0x48, 0x08, 0xCA, 0xB7, 0x03, 0x00, 0xB4, 0xA4, 0x00, 0x00, 0x00, 0x00, 0x54, 0xFB, 0xE6, 0x04, 0xA1, 0xFB, 0x88, 0x24, 0xFF, 0xFE, 0x33,
  0x00, 0xD8, 0x58, 0x07, 0xE6, 0x87, 0x0D, 0x59, 0xFD, 0x22, 0xFC, 0x5C, 0x00, 0x25, 0xF3, 0x65, 0x06, 0xE6, 0x87, 0x0D, 0x59, 0xFD, 0x22, 0xFC,
  0x58, 0x00, 0x23, 0xF1, 0x64, 0x13, 0xF9, 0x74, 0x08, 0x29, 0xB4, 0x29, 0x00, 0x00, 0x14, 0xFF, 0x44, 0x00, 0x00, 0x2C, 0xFF, 0x2C, 0x00, 0x00,
  0xF8, 0x60, 0x43, 0xFF, 0x29, 0x00, 0x01, 0xE7, 0x75, 0x97, 0x91, 0x00, 0x00, 0x00, 0x56, 0xCA, 0x00, 0xAB, 0xCB, 0x01, 0x7C, 0xDE, 0x0A, 0x1C,
  0xF8, 0x63, 0x00, 0x28, 0xFD, 0x47, 0x00, 0x00, 0x00, 0x00, 0x00, 0x63, 0xF5, 0x2A, 0x84, 0x90, 0x00, 0x00, 0x00, 0x73, 0xB5, 0x00, 0x00, 0x00,
  0x00, 0x00, 0x00, 0x5C, 0xB8, 0x00, 0x05, 0xDE, 0x90, 0xF8, 0x1E, 0x00, 0x00, 0x00, 0x00, 0x00, 0x00, 0x00, 0x00, 0x9B, 0xB3, 0x00, 0x02, 0x9A,
  0x39, 0x0E, 0xAF, 0xCD, 0x00, 0x00, 0x00, 0x00, 0x00, 0x96, 0xCF, 0x94, 0x6C, 0x1E, 0x00, 0x88, 0xFF, 0xFF, 0xFF, 0xFF, 0xFF, 0x50, 0xE4, 0x10,
  0x00, 0x00, 0xF0, 0x08, 0x00, 0x50, 0x9F, 0x00, 0x68, 0x82, 0x00, 0x3F, 0x91, 0x72, 0x52, 0xAA, 0x58, 0x71, 0x00, 0x00, 0x50, 0xEF, 0x7F, 0x00,
  0x00, 0x00, 0x47, 0xB0, 0x00, 0x78, 0x77, 0x00, 0x00, 0x00, 0x85, 0x9D, 0x02, 0x00, 0x00, 0x10, 0xC0, 0x00, 0x00, 0xD0, 0x04, 0x00, 0x00, 0x99,
  0x38, 0x00, 0x40, 0x72, 0x00, 0x32, 0xE7, 0xB0, 0x00, 0x00, 0x00, 0x00, 0x00, 0x00, 0x00, 0x00, 0x00, 0x00, 0x00, 0x00, 0x00, 0x00, 0x00, 0x00,
  0x00, 0x00, 0x00, 0x00, 0x00, 0x00, 0x2D, 0xC7, 0x1F, 0x00, 0x1C, 0xF9, 0x27, 0xF3, 0x46, 0x00, 0x11, 0xFF, 0x41, 0x2C, 0xFF, 0x08, 0xD0, 0x64,
  0x68, 0xFF, 0xFF, 0x49, 0x8B, 0xFF, 0xFF, 0x0C, 0x13, 0xF9, 0x5D, 0xBA, 0x4D, 0xA8, 0x39, 0xBD, 0x57, 0x57, 0xBF, 0x94, 0x7F, 0x00, 0x00, 0x00,
  0xE5, 0x54, 0x00, 0x00, 0x00, 0x00, 0xFF, 0x34, 0x11, 0xF1, 0x19, 0x00, 0x00, 0x00, 0x02, 0xDD, 0x3B, 0x57, 0xF7, 0xC9, 0xFC, 0xCA, 0xF8, 0x85,
  0x00, 0x00, 0x00, 0xFC, 0x30, 0x00, 0x00, 0x7B, 0xD9, 0x00, 0x00, 0x00, 0x00, 0x00, 0x00, 0x00, 0x00, 0x00, 0x00, 0x00, 0x01, 0xDE, 0x48, 0x00,
  0x4C, 0xFB, 0x07, 0x00, 0x00, 0xCF, 0x7C, 0x32, 0xDC, 0x1B, 0x98, 0xC0, 0x00, 0x00, 0x00, 0x2C, 0x00, 0x00, 0x30, 0xFF, 0x36, 0x00, 0x00, 0x00,
  0x06, 0x6F, 0xED, 0x12, 0x00, 0x0B, 0xDB, 0x56, 0xA8, 0xA0, 0x00, 0x00, 0xDD, 0x38, 0x00, 0x00, 0x00, 0x00, 0x00, 0xAB, 0xB5, 0x00, 0x00, 0x00,
  0x00, 0x00, 0x00, 0x00, 0x00, 0x87, 0xDD, 0x02, 0x0D, 0xE9, 0x61, 0x06, 0x36, 0xF6, 0x2F, 0x5B, 0xFF, 0x04, 0x00, 0x00, 0xD8, 0x78, 0x00, 0x00,
  0x00, 0x00, 0x00, 0x00, 0x64, 0xE7, 0xBD, 0x32, 0x00, 0x00, 0x40, 0xFF, 0xFF, 0xFF, 0xFF, 0xFF, 0x74, 0x00, 0x1F, 0xA5, 0xF3, 0x81, 0x08, 0x00,
  0x14, 0x03, 0x00, 0x51, 0xFC, 0x15, 0x32, 0xDC, 0x04, 0xBD, 0xE0, 0xC3, 0x64, 0x00, 0x16, 0xFD, 0x46, 0xFC, 0x4A, 0x00, 0xFF, 0x50, 0x01, 0x47,
  0xF7, 0x1F, 0x1D, 0xFF, 0x3C, 0x00, 0x00, 0x32, 0x0A, 0x04, 0xFF, 0x50, 0x00, 0x00, 0xE4, 0x74, 0xF8, 0x60, 0x00, 0x00, 0x00, 0x00, 0xF8, 0x60,
  0x00, 0x00, 0x00, 0x00, 0x40, 0xFF, 0x16, 0x00, 0x00, 0x3A, 0x03, 0x24, 0xFF, 0x34, 0x00, 0x04, 0xFF, 0x58, 0x00, 0x00, 0x14, 0xFF, 0x44, 0x00,
  0x00, 0x00, 0x00, 0x00, 0x00, 0x6C, 0xEC, 0x10, 0xFF, 0x48, 0xA2, 0xDA, 0x10, 0x00, 0x00, 0xB4, 0xA4, 0x00, 0x00, 0x00, 0x00, 0x54, 0xD5, 0xD0,
  0x64, 0xEC, 0xB1, 0x88, 0x24, 0xFF, 0xAE, 0x9A, 0x00, 0xD8, 0x58, 0x4C, 0xFF, 0x0E, 0x00, 0x00, 0xDA, 0x7C, 0xFC, 0x5C, 0x00, 0x00, 0xD2, 0x8E,
  0x4B, 0xFF, 0x0E, 0x00, 0x00, 0xDA, 0x7C, 0xFC, 0x58, 0x00, 0x00, 0xCD, 0x8E, 0x2B, 0xFF, 0x3C, 0x00, 0x00, 0x00, 0x00, 0x00, 0x00, 0x14, 0xFF,
  0x44, 0x00, 0x00, 0x2C, 0xFF, 0x2C, 0x00, 0x00, 0xF8, 0x60, 0x05, 0xF1, 0x70, 0x00, 0x31, 0xFF, 0x29, 0x84, 0xA3, 0x27, 0xFF, 0x61, 0x68, 0xB6,
  0x00, 0x19, 0xF0, 0x80, 0xF5, 0x47, 0x00, 0x00, 0x8F, 0xDD, 0x03, 0xA2, 0xC1, 0x00, 0x00, 0x00, 0x00, 0x00, 0x2B, 0xF5, 0x62, 0x00, 0x84, 0x90,
  0x00, 0x00, 0x00, 0x18, 0xF8, 0x17, 0x00, 0x00, 0x00, 0x00, 0x00, 0x5C, 0xB8, 0x00, 0x6B, 0xD2, 0x02, 0xB1, 0x9C, 0x00, 0x00, 0x00, 0x00, 0x00,
  0x00, 0x00, 0x00, 0x0B, 0xC7, 0x16, 0x00, 0x00, 0x00, 0x00, 0x63, 0xEB, 0x00, 0x00, 0x00, 0x00, 0x00, 0x02, 0x44, 0x75, 0x9B, 0xE7, 0x1A, 0x00,
  0x00, 0x78, 0x7C, 0x00, 0x00, 0x00, 0xE2, 0x14, 0x00, 0x00, 0xF0, 0x08, 0x00, 0x05, 0xDD, 0x09, 0xC2, 0x24, 0x00, 0x16, 0xB5, 0xA7, 0x11, 0xBD,
  0x7D, 0x49, 0x00, 0x00, 0x62, 0xE3, 0x95, 0x00, 0x00, 0x00, 0x01, 0xD4, 0x24, 0xD6, 0x11, 0x00, 0x00, 0x8B, 0x97, 0x01, 0x00, 0x00, 0x00, 0x00,
  0x6C, 0x5D, 0x00, 0xD0, 0x04, 0x00, 0x2F, 0x9A, 0x00, 0x00, 0x00, 0x00, 0x00, 0x00, 0x00, 0x00, 0x00, 0x00, 0x00, 0x00, 0x00, 0x00, 0x00, 0x00,
  0x00, 0x00, 0x00, 0x00, 0x00, 0x00, 0x00, 0x00, 0x00, 0x00, 0xA8, 0xFF, 0xFF, 0xFF, 0xF8, 0xEC, 0xBA, 0x0B, 0xC2, 0x82, 0x01, 0x58, 0xD7, 0x1F,
  0x00, 0xE5, 0x16, 0x19, 0x94, 0x04, 0x78, 0x39, 0x00, 0x06, 0xFD, 0x1A, 0xBB, 0x57, 0x00, 0x00, 0x26, 0xFF, 0x2C, 0xB8, 0x28, 0x00, 0x00, 0x43,
  0xE5, 0xE5, 0x43, 0x00, 0x00, 0x00, 0x00, 0x00, 0x82, 0xEB, 0x24, 0x14, 0xFF, 0xD4, 0x94, 0x1E, 0x65, 0xB0, 0x00, 0x00, 0x00, 0x00, 0x00, 0x7D,
  0x95, 0x00, 0x0D, 0xA2, 0xFF, 0xCA, 0x19, 0x00, 0x40, 0xFF, 0xFF, 0xFF, 0xFF, 0xFF, 0x74, 0xA4, 0x7B, 0x00, 0x00, 0x00, 0x00, 0x00, 0x00, 0x00,
  0x00, 0x00, 0x00, 0x00, 0x3E, 0xE6, 0x03, 0x00, 0x6B, 0xE9, 0x10, 0xE9, 0x39, 0xB5, 0x9D, 0x00, 0x09, 0x00, 0x98, 0xC0, 0x00, 0x00, 0x00, 0x00,
  0x00, 0x00, 0x88, 0xE2, 0x08, 0x00, 0x00, 0x9C, 0xFF, 0xED, 0x40, 0x00, 0x00, 0x9B, 0x9A, 0x00, 0xA8, 0xA0, 0x00, 0x00, 0xEE, 0x70, 0xE9, 0xEA,
  0x89, 0x01, 0x21, 0xFE, 0x9D, 0xE8, 0xED, 0x94, 0x03, 0x00, 0x00, 0x00, 0x0A, 0xED, 0x6F, 0x00, 0x00, 0x3A, 0xF3, 0xFF, 0xFE, 0x6B, 0x00, 0x34,
  0xFF, 0x65, 0x08, 0x43, 0xFA, 0x86, 0x00, 0x00, 0x00, 0x00, 0x00, 0x00, 0xFC, 0x94, 0x00, 0x00, 0x00, 0x00, 0x00, 0x00, 0x00, 0x00, 0x00, 0x00,
  0x00, 0x00, 0x00, 0x00, 0x63, 0xFF, 0x30, 0x00, 0x00, 0x2A, 0xAF, 0xE4, 0x62, 0x00, 0x55, 0xBB, 0x44, 0xD8, 0x12, 0xBC, 0x70, 0x00, 0x63, 0xEA,
  0x02, 0xC5, 0x98, 0x00, 0xFF, 0xFF, 0xFF, 0xFE, 0x6F, 0x00, 0x3E, 0xFF, 0x21, 0x00, 0x00, 0x00, 0x00, 0x04, 0xFF, 0x50, 0x00, 0x00, 0xC9, 0x95,
  0xF8, 0xFF, 0xFF, 0xFF, 0xFF, 0x20, 0xF8, 0xFF, 0xFF, 0xFF, 0xFF, 0x0C, 0x61, 0xFD, 0x00, 0x00, 0x00, 0x00, 0x00, 0x24, 0xFF, 0xFF, 0xFF, 0xFF,
  0xFF, 0x58, 0x00, 0x00, 0x14, 0xFF, 0x44, 0x00, 0x00, 0x00, 0x00, 0x00, 0x00, 0x6C, 0xEC, 0x10, 0xFF, 0xAF, 0xFF, 0x61, 0x00, 0x00, 0x00, 0xB4,
  0xA4, 0x00, 0x00, 0x00, 0x00, 0x54, 0xD9, 0x69, 0xF8, 0x9B, 0xA6, 0x88, 0x24, 0xFF, 0x45, 0xF4, 0x0E, 0xD8, 0x58, 0x6B, 0xF5, 0x00, 0x00, 0x00,
  0xC1, 0x9D, 0xFC, 0x5C, 0x00, 0x25, 0xF3, 0x65, 0x6B, 0xF5, 0x00, 0x00, 0x00, 0xC1, 0x9D, 0xFC, 0x58, 0x00, 0x22, 0xF0, 0x66, 0x01, 0xB8, 0xF1,
  0xAB, 0x77, 0x24, 0x00, 0x00, 0x00, 0x14, 0xFF, 0x44, 0x00, 0x00, 0x2C, 0xFF, 0x2C, 0x00, 0x00, 0xF8, 0x60, 0x00, 0xAC, 0xB8, 0x00, 0x78, 0xDD,
  0x00, 0x70, 0xB4, 0x5B, 0xE7, 0x96, 0x79, 0xA3, 0x00, 0x00, 0x6D, 0xFF, 0xA9, 0x00, 0x00, 0x00, 0x16, 0xF4, 0x7A, 0xFB, 0x3B, 0x00, 0x00, 0x00,
  0x00, 0x0A, 0xD4, 0xA4, 0x00, 0x00, 0x84, 0x90, 0x00, 0x00, 0x00, 0x00, 0xB7, 0x71, 0x00, 0x00, 0x00, 0x00, 0x00, 0x5C, 0xB8, 0x0A, 0xE6, 0x4E,
  0x00, 0x2D, 0xF9, 0x25, 0x00, 0x00, 0x00, 0x00, 0x00, 0x00, 0x00, 0x00, 0x00, 0x00, 0x06, 0x9C, 0xEA, 0xFD, 0xFF, 0xEC, 0x00, 0x00, 0x00, 0x00,
  0x08, 0x8C, 0x36, 0x09, 0x19, 0xD0, 0x31, 0x00, 0x00, 0x78, 0x7C, 0x00, 0x00, 0x00, 0xC2, 0x71, 0x08, 0x48, 0xFF, 0x08, 0x00, 0x00, 0x92, 0x75,
  0xC4, 0x00, 0x00, 0x00, 0xC6, 0xBA, 0x00, 0xA8, 0xBA, 0x20, 0x00, 0x2C, 0xD2, 0x11, 0xC5, 0x57, 0x00, 0x00, 0x00, 0x69, 0xD0, 0x97, 0x00, 0x00,
  0x90, 0x92, 0x00, 0x00, 0x00, 0x00, 0x00, 0x05, 0x61, 0x9A, 0x00, 0xD0, 0x04, 0x00, 0x68, 0x90, 0x0B, 0x00, 0x00, 0x00, 0x00, 0x00, 0x00, 0x00,
  0x00, 0x00, 0x00, 0x00, 0x00, 0x00, 0x00, 0x00, 0x00, 0x00, 0x00, 0x00, 0x00, 0x00, 0x00, 0x00, 0x00, 0x00, 0x00, 0x00, 0x00, 0x00, 0x2D, 0xC7,
  0x1F, 0x6B, 0x56, 0x00, 0x00, 0x00, 0x34, 0x8D, 0x00, 0xA1, 0x00, 0x00, 0x00, 0x00, 0x00, 0x00, 0x00, 0x24, 0xEB, 0x00, 0xEA, 0x37, 0x00, 0x00,
  0x00, 0xA6, 0xF0, 0xED, 0x8B, 0x2A, 0x00, 0x00, 0x00, 0x00, 0x22, 0xD3, 0xF0, 0x68, 0x00, 0x4F, 0xE7, 0x9C, 0xDB, 0x31, 0xDF, 0x00, 0x00, 0x00,
  0x96, 0x83, 0x00, 0x00, 0x00, 0x00, 0x00, 0x50, 0xC5, 0x00, 0x24, 0xF1, 0x6B, 0xF1, 0x4B, 0x00, 0x00, 0x00, 0x00, 0xFC, 0x30, 0x00, 0x00, 0x00,
  0x00, 0x00, 0x00, 0x00, 0x00, 0x00, 0x00, 0x00, 0x00, 0x00, 0x00, 0x00, 0x9C, 0x8C, 0x00, 0x00, 0x6C, 0xE9, 0x10, 0xE9, 0x39, 0xB5, 0x9D, 0x00,
  0x00, 0x00, 0x98, 0xC0, 0x00, 0x00, 0x00, 0x00, 0x00, 0x6F, 0xEC, 0x35, 0x00, 0x00, 0x00, 0x00, 0x08, 0x71, 0xF3, 0x1F, 0x4F, 0xD4, 0x09, 0x00,
  0xA8, 0xA0, 0x00, 0x00, 0x94, 0x5F, 0x0D, 0x4B, 0xFC, 0x57, 0x52, 0xFF, 0x6E, 0x09, 0x3F, 0xF8, 0x61, 0x00, 0x00, 0x00, 0x6A, 0xF1, 0x0D, 0x00,
  0x25, 0xF5, 0x5C, 0x08, 0x3A, 0xF2, 0x50, 0x00, 0x72, 0xE8, 0xF2, 0x9D, 0xF7, 0x51, 0x45, 0xF6, 0x75, 0x29, 0xFF, 0x97, 0x64, 0xE7, 0xBE, 0x34,
  0x00, 0x00, 0x00, 0x00, 0x00, 0x00, 0x00, 0x00, 0x00, 0x00, 0x1D, 0xA2, 0xF3, 0x82, 0x08, 0x00, 0x00, 0x48, 0xF8, 0x03, 0x00, 0x00, 0x5D, 0xB4,
  0x5E, 0xB4, 0x00, 0x98, 0x70, 0x00, 0xB2, 0xA4, 0x00, 0x7C, 0xE5, 0x01, 0xFF, 0x50, 0x00, 0x2C, 0xF3, 0x52, 0x3E, 0xFF, 0x21, 0x00, 0x00, 0x00,
  0x00, 0x04, 0xFF, 0x50, 0x00, 0x00, 0xC9, 0x94, 0xF8, 0x60, 0x00, 0x00, 0x00, 0x00, 0xF8, 0x60, 0x00, 0x00, 0x00, 0x00, 0x65, 0xFD, 0x00, 0x74,
  0xFF, 0xFF, 0x64, 0x24, 0xFF, 0x34, 0x00, 0x04, 0xFF, 0x58, 0x00, 0x00, 0x14, 0xFF, 0x44, 0x00, 0x00, 0x00, 0x00, 0x00, 0x00, 0x6C, 0xEC, 0x10,
  0xFF, 0xFF, 0xDD, 0xDC, 0x08, 0x00, 0x00, 0xB4, 0xA4, 0x00, 0x00, 0x00, 0x00, 0x54, 0xDB, 0x0E, 0xF4, 0x33, 0xA8, 0x88, 0x24, 0xFF, 0x0C, 0xD1,
  0x69, 0xD8, 0x58, 0x6C, 0xF5, 0x00, 0x00, 0x00, 0xC1, 0x9D, 0xFC, 0xFF, 0xFF, 0xF1, 0xA2, 0x06, 0x6D, 0xF5, 0x00, 0x00, 0x00, 0xC1, 0x9F, 0xFC,
  0xFF, 0xFF, 0xF8, 0x98, 0x06, 0x00, 0x02, 0x3F, 0x77, 0xBA, 0xF8, 0x37, 0x00, 0x00, 0x14, 0xFF, 0x44, 0x00, 0x00, 0x2A, 0xFF, 0x2C, 0x00, 0x00,
  0xF8, 0x5E, 0x00, 0x61, 0xF6, 0x07, 0xBF, 0x91, 0x00, 0x5D, 0xC5, 0x90, 0x86, 0xCB, 0x8A, 0x8F, 0x00, 0x00, 0x9E, 0xFC, 0xD3, 0x04, 0x00, 0x00,
  0x00, 0x85, 0xFF, 0xB5, 0x00, 0x00, 0x00, 0x00, 0x00, 0x9D, 0xD9, 0x0C, 0x00, 0x00, 0x84, 0x90, 0x00, 0x00, 0x00, 0x00, 0x59, 0xCF, 0x00, 0x00,
  0x00, 0x00, 0x00, 0x5C, 0xB8, 0x57, 0xC8, 0x00, 0x00, 0x00, 0xA6, 0x85, 0x00, 0x00, 0x00, 0x00, 0x00, 0x00, 0x00, 0x00, 0x00, 0x00, 0x39, 0xFF,
  0x43, 0x0D, 0x84, 0xEC, 0x00, 0x00, 0x00, 0x00, 0x00, 0x55, 0xD5, 0xF9, 0xE5, 0x7B, 0x00, 0x00, 0x00, 0x78, 0x7C, 0x00, 0x00, 0x00, 0x37, 0xD8,
  0xF6, 0x92, 0xF0, 0x08, 0x00, 0x00, 0x33, 0xF9, 0x67, 0x00, 0x00, 0x00, 0xC4, 0xA9, 0x00, 0x75, 0xF6, 0x01, 0x0B, 0xD3, 0x37, 0x00, 0x1E, 0xE0,
  0x27, 0x00, 0x00, 0x0B, 0xF6, 0x28, 0x00, 0x00, 0xFC, 0xFF, 0xFF, 0xFF, 0xFF, 0x30, 0xBC, 0xFF, 0xDF, 0x22, 0x00, 0xD0, 0x04, 0x00, 0x0A, 0xB0,
  0xFF, 0xF0, 0x00, 0x00, 0x00, 0x00, 0x00, 0x00, 0x00, 0x00, 0x00, 0x00, 0x00, 0x00, 0x00, 0x00, 0x00, 0x00, 0x00, 0x00, 0x00, 0x00, 0x00, 0x00,
  0x00, 0x00, 0x00, 0x00, 0x00, 0x02, 0xBC, 0x24, 0x00, 0x00, 0x00, 0x00, 0x00, 0x00, 0x00, 0x00, 0x00, 0x00, 0x00, 0x00, 0x00, 0x00, 0x00, 0x00,
  0xD8, 0xFF, 0xBC, 0x1A, 0xFF, 0xFF, 0x98, 0x00, 0x00, 0x00, 0x2F, 0xD1, 0xB9, 0xF7, 0x4D, 0x00, 0x4C, 0xC3, 0x8D, 0x89, 0x29, 0xED, 0x00, 0xB6,
  0x91, 0x00, 0xA1, 0xDE, 0xAD, 0x00, 0x00, 0x00, 0xAC, 0x74, 0x00, 0x00, 0x00, 0x00, 0x00, 0x40, 0xDC, 0x00, 0x69, 0x8C, 0x00, 0x5C, 0x9A, 0x00,
  0x00, 0x00, 0x00, 0xFC, 0x30, 0x00, 0x00, 0x00, 0x00, 0x00, 0x00, 0x00, 0x00, 0x00, 0x00, 0x00, 0x00, 0x00, 0x00, 0x09, 0xF0, 0x2E, 0x00, 0x00,
  0x4D, 0xFA, 0x06, 0x00, 0x00, 0xCF, 0x7D, 0x00, 0x00, 0x00, 0x98, 0xC0, 0x00, 0x00, 0x00, 0x06, 0x9B, 0xD8, 0x25, 0x00, 0x00, 0x00, 0x05, 0x00,
  0x00, 0x0D, 0xFF, 0x5B, 0xA4, 0xFF, 0xFF, 0xFF, 0xFF, 0xFF, 0xCC, 0x00, 0x05, 0x00, 0x00, 0x00, 0xE1, 0x82, 0x45, 0xFF, 0x0C, 0x00, 0x00, 0xD0,
  0x8A, 0x00, 0x00, 0x01, 0xD9, 0x8D, 0x00, 0x00, 0x65, 0xF9, 0x00, 0x00, 0x00, 0xC7, 0x98, 0x00, 0x00, 0x00, 0x00, 0x85, 0xD7, 0x03, 0x46, 0xF7,
  0x76, 0x52, 0xFF, 0x38, 0x00, 0x0C, 0x82, 0xF4, 0xA7, 0x0F, 0x00, 0x00, 0x00, 0x00, 0x00, 0x00, 0x00, 0x86, 0xF4, 0x9F, 0x1A, 0x00, 0x00, 0x00,
  0x00, 0x00, 0x00, 0x00, 0x00, 0x00, 0x52, 0xBB, 0x4B, 0xCE, 0x01, 0xAE, 0x70, 0x09, 0xF6, 0xFF, 0xFF, 0xFF, 0xFF, 0x34, 0xFF, 0x50, 0x00, 0x00,
  0xCF, 0x89, 0x1D, 0xFF, 0x3B, 0x00, 0x00, 0x32, 0x0A, 0x04, 0xFF, 0x50, 0x00, 0x00, 0xE4, 0x74, 0xF8, 0x60, 0x00, 0x00, 0x00, 0x00, 0xF8, 0x60,
  0x00, 0x00, 0x00, 0x00, 0x49, 0xFF, 0x16, 0x00, 0x00, 0xDA, 0x64, 0x24, 0xFF, 0x34, 0x00, 0x04, 0xFF, 0x58, 0x00, 0x00, 0x14, 0xFF, 0x44, 0x00,
  0x00, 0x00, 0x1D, 0x01, 0x00, 0x6E, 0xEA, 0x10, 0xFF, 0x8D, 0x24, 0xF6, 0x84, 0x00, 0x00, 0xB4, 0xA4, 0x00, 0x00, 0x00, 0x00, 0x54, 0xDC, 0x00,
  0x67, 0x00, 0xA8, 0x88, 0x24, 0xFF, 0x0C, 0x69, 0xD1, 0xD8, 0x58, 0x4D, 0xFF, 0x0D, 0x00, 0x00, 0xDA, 0x7D, 0xFC, 0x5C, 0x00, 0x00, 0x00, 0x00,
  0x4F, 0xFF, 0x0D, 0x00, 0x00, 0xDA, 0x7F, 0xFC, 0x58, 0x40, 0xFA, 0x2D, 0x00, 0x00, 0x04, 0x00, 0x00, 0x00, 0xD9, 0x87, 0x00, 0x00, 0x14, 0xFF,
  0x44, 0x00, 0x00, 0x1E, 0xFF, 0x33, 0x00, 0x01, 0xFD, 0x4E, 0x00, 0x16, 0xFE, 0x4F, 0xF9, 0x45, 0x00, 0x49, 0xD5, 0xC4, 0x2E, 0xEF, 0xA1, 0x7C,
  0x00, 0x3C, 0xFC, 0x49, 0xF0, 0x75, 0x00, 0x00, 0x00, 0x1B, 0xFF, 0x4B, 0x00, 0x00, 0x00, 0x00, 0x5A, 0xF8, 0x30, 0x00, 0x00, 0x00, 0x84, 0x90,
  0x00, 0x00, 0x00, 0x00, 0x09, 0xF1, 0x2D, 0x00, 0x00, 0x00, 0x00, 0x5C, 0xB8, 0x00, 0x09, 0x00, 0x00, 0x00, 0x09, 0x00, 0x00, 0x00, 0x00, 0x00,
  0x00, 0x00, 0x00, 0x00, 0x00, 0x00, 0x07, 0xAD, 0xF6, 0xE4, 0x5E, 0xE7, 0xB4, 0x00, 0x00, 0x00, 0x00, 0x00, 0x00, 0x00, 0x00, 0x00, 0x00, 0x00,
  0x00, 0x76, 0x7C, 0x00, 0x00, 0x00, 0x00, 0x00, 0x00, 0x00, 0x00, 0x00, 0x00, 0x00, 0x00, 0x00, 0x00, 0x00, 0x00, 0x00, 0x00, 0x00, 0x00, 0x00,
  0x00, 0x00, 0x00, 0x00, 0x00, 0x00, 0x00, 0x00, 0x00, 0x00, 0x00, 0x4A, 0xB7, 0x00, 0x00, 0x00, 0x00, 0x00, 0x00, 0x00, 0x00, 0x00, 0x00, 0x06,
  0x64, 0x9B, 0x00, 0xD0, 0x04, 0x00, 0x67, 0x92, 0x0C, 0x00, 0x00, 0x00, 0x00, 0x00, 0x00, 0x00, 0x00, 0x00, 0x00, 0x00, 0x00, 0x00, 0x00, 0x00,
  0x00, 0x00, 0x00, 0x00, 0x00, 0x00, 0x00, 0x00, 0x00, 0x00, 0x00, 0x00, 0x00, 0x00, 0x01, 0x00, 0x00, 0x00, 0x00, 0x00, 0x00, 0x00, 0x00, 0x00,
  0x40, 0xF6, 0x6D, 0x00, 0x00, 0x00, 0x00, 0x00, 0x00, 0x7D, 0x8D, 0x49, 0xDE, 0x00, 0x00, 0x00, 0x00, 0x02, 0x00, 0xB8, 0x28, 0xA1, 0xA7, 0x0C,
  0xDC, 0x2B, 0x8C, 0x87, 0x27, 0xED, 0x00, 0x9D, 0xC5, 0x13, 0x2F, 0xEC, 0xC0, 0x04, 0x00, 0x00, 0x96, 0x83, 0x00, 0x00, 0x00, 0x00, 0x00, 0x50,
  0xC5, 0x00, 0x00, 0x00, 0x00, 0x00, 0x00, 0x00, 0x00, 0x00, 0x00, 0x5E, 0x12, 0x00, 0x00, 0x00, 0x00, 0x00, 0x00, 0x00, 0x00, 0x00, 0x00, 0x00,
  0x00, 0x00, 0x00, 0x59, 0xCF, 0x00, 0x00, 0x00, 0x07, 0xE8, 0x7E, 0x0C, 0x51, 0xFC, 0x24, 0x00, 0x00, 0x00, 0x98, 0xC0, 0x00, 0x00, 0x12, 0xC5,
  0xBB, 0x10, 0x00, 0x00, 0x00, 0x43, 0xDE, 0x31, 0x08, 0x71, 0xFB, 0x29, 0x00, 0x00, 0x00, 0x00, 0xA8, 0xA0, 0x00, 0x14, 0xDD, 0x53, 0x08, 0x49,
  0xFC, 0x45, 0x0E, 0xEA, 0x6E, 0x08, 0x3E, 0xF8, 0x4D, 0x00, 0x00, 0x4E, 0xFC, 0x20, 0x00, 0x00, 0x34, 0xFE, 0x5C, 0x08, 0x3A, 0xF4, 0x63, 0x00,
  0x00, 0x00, 0x5F, 0xF3, 0x37, 0x00, 0x00, 0x00, 0x00, 0x7B, 0xD9, 0x00, 0x00, 0x00, 0x00, 0x1A, 0x9F, 0x2D, 0x00, 0x00, 0x00, 0x00, 0x00, 0x00,
  0x00, 0xB7, 0x2F, 0x00, 0x00, 0x00, 0x00, 0x00, 0x00, 0x77, 0xF5, 0x37, 0x00, 0x00, 0x2D, 0xE2, 0x0C, 0xDB, 0xE6, 0xBE, 0x70, 0x4F, 0xFD, 0x18,
  0x00, 0x03, 0xEB, 0x82, 0xFF, 0x50, 0x00, 0x2B, 0xF3, 0x5B, 0x00, 0xBE, 0xB2, 0x12, 0x34, 0xF3, 0x5E, 0x04, 0xFF, 0x50, 0x08, 0x6F, 0xF9, 0x1B,
  0xF8, 0x60, 0x00, 0x00, 0x00, 0x00, 0xF8, 0x60, 0x00, 0x00, 0x00, 0x00, 0x08, 0xEE, 0x93, 0x0D, 0x42, 0xF7, 0x64, 0x24, 0xFF, 0x34, 0x00, 0x04,
  0xFF, 0x58, 0x00, 0x00, 0x14, 0xFF, 0x44, 0x00, 0x00, 0x21, 0xFE, 0x63, 0x0C, 0xB4, 0xBE, 0x10, 0xFF, 0x48, 0x00, 0x74, 0xF9, 0x28, 0x00, 0xB4,
  0xA4, 0x00, 0x00, 0x00, 0x00, 0x54, 0xDC, 0x00, 0x00, 0x00, 0xA8, 0x88, 0x24, 0xFF, 0x0C, 0x0D, 0xF3, 0xFE, 0x58, 0x07, 0xE8, 0x85, 0x0D, 0x57,
  0xFD, 0x24, 0xFC, 0x5C, 0x00, 0x00, 0x00, 0x00, 0x0A, 0xEF, 0x85, 0x0D, 0x57, 0xFD, 0x2A, 0xFC, 0x58, 0x00, 0xA9, 0xC6, 0x01, 0x3F, 0xD5, 0x3B,
  0x06, 0x37, 0xF4, 0x5A, 0x00, 0x00, 0x14, 0xFF, 0x44, 0x00, 0x00, 0x04, 0xE8, 0x85, 0x0B, 0x57, 0xFD, 0x1E, 0x00, 0x00, 0xCA, 0xD3, 0xF2, 0x06,
  0x00, 0x36, 0xED, 0xEC, 0x03, 0xC9, 0xE2, 0x68, 0x04, 0xD3, 0x96, 0x00, 0x70, 0xF4, 0x1C, 0x00, 0x00, 0x14, 0xFF, 0x44, 0x00, 0x00, 0x00, 0x25,
  0xF3, 0x6A, 0x00, 0x00, 0x00, 0x00, 0x84, 0x90, 0x00, 0x00, 0x00, 0x00, 0x00, 0x9C, 0x8C, 0x00, 0x00, 0x00, 0x00, 0x5C, 0xB8, 0x00, 0x00, 0x00,
  0x00, 0x00, 0x00, 0x00, 0x00, 0x00, 0x00, 0x00, 0x00, 0x00, 0x00, 0x00, 0x00, 0x00, 0x00, 0x00, 0x00, 0x00, 0x00, 0x00, 0x00, 0x00, 0x00, 0x00,
  0x00, 0x00, 0x00, 0x00, 0x00, 0x00, 0x00, 0x00, 0x00, 0x34, 0xEB, 0xFF, 0xFF, 0x50, 0x00, 0x00, 0x00, 0x00, 0x00, 0x00, 0x00, 0x00, 0x00, 0x00,
  0x00, 0x00, 0x00, 0x00, 0x00, 0x00, 0x00, 0x00, 0x00, 0x00, 0x00, 0x00, 0x00, 0x00, 0x00, 0x00, 0x00, 0x00, 0xFF, 0xE6, 0x34, 0x00, 0x00, 0x00,
  0x00, 0x00, 0x00, 0x00, 0x00, 0x00, 0x00, 0x00, 0x6C, 0x5D, 0x00, 0xD0, 0x04, 0x00, 0x31, 0x9A, 0x00, 0x00, 0x00, 0x00, 0x00, 0x00, 0x00, 0x00,
  0x00, 0x00, 0x00, 0x00, 0x00, 0x00, 0x00, 0x00, 0x00, 0x00, 0x00, 0x00, 0x00, 0x00, 0x00, 0x00, 0x00, 0x00, 0x00, 0x00, 0x00, 0x00, 0x00, 0x00,
  0x00, 0x00, 0x00, 0x00, 0x00, 0x00, 0x00, 0x00, 0x41, 0xF7, 0x6F, 0x00, 0x00, 0x00, 0x00, 0x00, 0x00, 0xB4, 0x5F, 0x78, 0xA4, 0x00, 0x00, 0x00,
  0x32, 0xD7, 0x42, 0xBB, 0x48, 0xD5, 0x7E, 0x8F, 0x87, 0x00, 0x22, 0xD4, 0xF0, 0x68, 0x00, 0x1B, 0xBE, 0xF6, 0xCC, 0x27, 0xD1, 0x95, 0x00, 0x00,
  0x65, 0xB0, 0x00, 0x00, 0x00, 0x00, 0x00, 0x7C, 0x95, 0x00, 0x00, 0x00, 0x00, 0x00, 0x00, 0x00, 0x00, 0x00, 0x00, 0x00, 0x00, 0x00, 0x00, 0x00,
  0x00, 0x00, 0x00, 0x00, 0x00, 0x00, 0x00, 0x00, 0x00, 0x00, 0x00, 0xB7, 0x71, 0x00, 0x00, 0x00, 0x00, 0x30, 0xCE, 0xFA, 0xDE, 0x4F, 0x00, 0x00,
  0xF0, 0xFF, 0xFF, 0xFF, 0xFF, 0xC8, 0x40, 0xFF, 0xFF, 0xFF, 0xFF, 0xFF, 0x8C, 0x09, 0x8D, 0xE6, 0xF7, 0xD0, 0x4F, 0x00, 0x00, 0x00, 0x00, 0x00,
  0xA8, 0xA0, 0x00, 0x00, 0x66, 0xD9, 0xF8, 0xDB, 0x66, 0x00, 0x00, 0x38, 0xC9, 0xF5, 0xDC, 0x6B, 0x00, 0x00, 0x00, 0xBF, 0xAC, 0x00, 0x00, 0x00,
  0x00, 0x5B, 0xD3, 0xF6, 0xDE, 0x7C, 0x01, 0x00, 0x07, 0x8E, 0xE8, 0x40, 0x00, 0x00, 0x00, 0x00, 0x00, 0xA4, 0x7B, 0x00, 0x00, 0x00, 0x00, 0x00,
  0x00, 0x00, 0x00, 0x00, 0x00, 0x00, 0x00, 0x00, 0x00, 0x00, 0x00, 0x00, 0x00, 0x00, 0x00, 0x00, 0x00, 0x78, 0xF6, 0x38, 0x00, 0x00, 0x00, 0xD1,
  0x89, 0x1B, 0x0F, 0x00, 0x00, 0x9D, 0xC4, 0x00, 0x00, 0x00, 0x9D, 0xD0, 0xFF, 0xFF, 0xFF, 0xF1, 0x97, 0x02, 0x00, 0x20, 0xBA, 0xF7, 0xE9, 0x83,
  0x00, 0x04, 0xFF, 0xFF, 0xFD, 0xDA, 0x53, 0x00, 0xF8, 0xFF, 0xFF, 0xFF, 0xFF, 0x48, 0xF8, 0x60, 0x00, 0x00, 0x00, 0x00, 0x00, 0x4D, 0xE2, 0xF4,
  0x89, 0xD8, 0x64, 0x24, 0xFF, 0x34, 0x00, 0x04, 0xFF, 0x58, 0x0C, 0xFF, 0xFF, 0xFF, 0xFF, 0xFF, 0x3C, 0x00, 0x65, 0xE2, 0xF6, 0xBF, 0x25, 0x10,
  0xFF, 0x48, 0x00, 0x03, 0xC9, 0xBF, 0x00, 0xB4, 0xFF, 0xFF, 0xFF, 0xFF, 0x74, 0x54, 0xDC, 0x00, 0x00, 0x00, 0xA8, 0x88, 0x24, 0xFF, 0x0C, 0x00,
  0x98, 0xFF, 0x58, 0x00, 0x30, 0xCE, 0xFA, 0xDE, 0x4F, 0x00, 0xFC, 0x5C, 0x00, 0x00, 0x00, 0x00, 0x00, 0x3C, 0xD1, 0xFF, 0xE2, 0x5D, 0x00, 0xFC,
  0x58, 0x00, 0x1C, 0xF4, 0x68, 0x07, 0x86, 0xE1, 0xF9, 0xDE, 0x7C, 0x00, 0x00, 0x00, 0x14, 0xFF, 0x44, 0x00, 0x00, 0x00, 0x48, 0xDD, 0xFC, 0xE8,
  0x6B, 0x00, 0x00, 0x00, 0x7E, 0xFF, 0xAD, 0x00, 0x00, 0x22, 0xFF, 0xCB, 0x00, 0x98, 0xFF, 0x55, 0x75, 0xE7, 0x0F, 0x00, 0x04, 0xD3, 0xAD, 0x00,
  0x00, 0x14, 0xFF, 0x44, 0x00, 0x00, 0x00, 0x6C, 0xFF, 0xFF, 0xFF, 0xFF, 0xFF, 0xA0, 0x84, 0x90, 0x00, 0x00, 0x00, 0x00, 0x00, 0x3E, 0xE6, 0x03,
  0x00, 0x00, 0x00, 0x5C, 0xB8, 0x00, 0x00, 0x00, 0x00, 0x00, 0x00, 0x00, 0x00, 0x00, 0x00, 0x00, 0x00, 0x00, 0x00, 0x00, 0x00, 0x00, 0x00, 0x00,
  0x00, 0x00, 0x00, 0x00, 0x00, 0x00, 0x00, 0x00, 0x00, 0x00, 0x00, 0x00, 0x00, 0x00, 0x00, 0x00, 0x00, 0x00, 0x00, 0x00, 0x00, 0x00, 0x00, 0x00,
  0x00, 0x00, 0x00, 0x00, 0x00, 0x00, 0x00, 0x00, 0x00, 0x00, 0x00, 0x00, 0x00, 0x00, 0x00, 0x00, 0x00, 0x00, 0x00, 0x00, 0x00, 0x00, 0x00, 0x00,
  0x00, 0x00, 0x00, 0x00, 0x00, 0x00, 0x00, 0x00, 0x00, 0x00, 0x00, 0x00, 0x00, 0x00, 0x00, 0x0F, 0xC0, 0x00, 0x00, 0xD0, 0x04, 0x00, 0x00, 0x9A,
  0x37, 0x00, 0x00, 0x00, 0x00, 0x00, 0x00, 0x00, 0x00, 0x00, 0x00, 0x00, 0x00, 0x00, 0x00, 0x00, 0x00, 0x00, 0x00, 0x00, 0x00, 0x00, 0x00, 0x00,
  0x00, 0x00, 0x00, 0x00, 0x00, 0x00, 0x00, 0x00, 0x00, 0x00, 0x00, 0x00, 0x00, 0x00, 0x00, 0x00, 0x00, 0x00, 0x00, 0x00, 0x00, 0x00, 0x00, 0x00,
  0x00, 0x00, 0x00, 0x00, 0x00, 0x00, 0x00, 0x00, 0x02, 0x7F, 0xE2, 0xFF, 0xE7, 0x92, 0x08, 0x00, 0x00, 0x00, 0x00, 0x00, 0x00, 0x00, 0x00, 0x00,
  0x00, 0x00, 0x00, 0x00, 0x00, 0x00, 0x00, 0x00, 0x12, 0xF1, 0x18, 0x00, 0x00, 0x00, 0x02, 0xDC, 0x3D, 0x00, 0x00, 0x00, 0x00, 0x00, 0x00, 0x00,
  0x00, 0x00, 0x00, 0x00, 0x00, 0x00, 0x00, 0x00, 0x00, 0x00, 0x00, 0x00, 0x00, 0x00, 0x00, 0x00, 0x00, 0x00, 0x18, 0xF8, 0x17, 0x00, 0x00, 0x00,
  0x00, 0x00, 0x00, 0x00, 0x00, 0x00, 0x00, 0x00, 0x00, 0x00, 0x00, 0x00, 0x00, 0x00, 0x00, 0x00, 0x00, 0x00, 0x00, 0x00, 0x00, 0x00, 0x00, 0x00,
  0x00, 0x00, 0x00, 0x00, 0x00, 0x00, 0x00, 0x00, 0x00, 0x00, 0x00, 0x00, 0x00, 0x00, 0x00, 0x00, 0x00, 0x00, 0x00, 0x00, 0x00, 0x00, 0x00, 0x00,
  0x00, 0x00, 0x00, 0x00, 0x00, 0x00, 0x00, 0x00, 0x00, 0x00, 0x00, 0x00, 0x00, 0x00, 0x00, 0x00, 0x00, 0x00, 0x00, 0x00, 0x00, 0x00, 0x00, 0x00,
  0x00, 0x00, 0x00, 0x00, 0x00, 0x00, 0x00, 0x00, 0x00, 0x00, 0x00, 0x00, 0x00, 0x00, 0x00, 0x00, 0x00, 0x00, 0x00, 0x00, 0x00, 0x00, 0x00, 0x00,
  0x00, 0x00, 0x00, 0x00, 0x00, 0x00, 0x00, 0x21, 0xB6, 0xF4, 0xFF, 0x68, 0x00, 0x00, 0x00, 0x00, 0x00, 0x00, 0x00, 0x00, 0x00, 0x00, 0x00, 0x00,
  0x00, 0x00, 0x00, 0x00, 0x00, 0x00, 0x00, 0x00, 0x00, 0x00, 0x00, 0x00, 0x00, 0x00, 0x00, 0x00, 0x00, 0x00, 0x00, 0x00, 0x00, 0x00, 0x00, 0x00,
  0x00, 0x00, 0x00, 0x00, 0x00, 0x00, 0x00, 0x00, 0x00, 0x00, 0x00, 0x00, 0x00, 0x00, 0x00, 0x00, 0x00, 0x00, 0x00, 0x00, 0x00, 0x00, 0x00, 0x00,
  0x00, 0x00, 0x00, 0x00, 0x00, 0x00, 0x00, 0x00, 0x00, 0x00, 0x00, 0x00, 0x00, 0x00, 0x00, 0x00, 0x00, 0x00, 0x00, 0x00, 0x00, 0x00, 0x00, 0x00,
  0x00, 0x00, 0x00, 0x00, 0x00, 0x00, 0x00, 0x00, 0x00, 0x00, 0x00, 0x00, 0x00, 0x00, 0x00, 0x00, 0x00, 0x00, 0x00, 0x00, 0x00, 0x00, 0x00, 0x00,
  0x00, 0x00, 0x00, 0xFA, 0x34, 0x00, 0x00, 0x00, 0x00, 0x00, 0x00, 0x00, 0x00, 0x00, 0x00, 0x00, 0x00, 0x00, 0x00, 0x00, 0x00, 0x00, 0x00, 0x00,
  0x00, 0x00, 0x00, 0x00, 0x00, 0x00, 0x00, 0x00, 0x00, 0x00, 0x00, 0x00, 0x00, 0x00, 0x00, 0x00, 0x00, 0x00, 0x00, 0x00, 0x00, 0x00, 0x00, 0x00,
  0x00, 0x00, 0x00, 0x00, 0x00, 0x00, 0x00, 0x00, 0x00, 0x00, 0x00, 0x00, 0x00, 0x00, 0x00, 0x00, 0x00, 0x00, 0x00, 0x00, 0x00, 0x00, 0x84, 0x90,
  0x00, 0x00, 0x00, 0x00, 0x00, 0x01, 0xDE, 0x48, 0x00, 0x00, 0x00, 0x5C, 0xB8, 0x00, 0x00, 0x00, 0x00, 0x00, 0x00, 0x00, 0x00, 0x00, 0x00, 0x00,
  0x00, 0x00, 0x00, 0x00, 0x00, 0x00, 0x00, 0x00, 0x00, 0x00, 0x00, 0x00, 0x00, 0x00, 0x00, 0x00, 0x00, 0x00, 0x00, 0x00, 0x00, 0x00, 0x00, 0x00,
  0x00, 0x00, 0x00, 0x00, 0x00, 0x00, 0x00, 0x00, 0x00, 0x00, 0x00, 0x00, 0x00, 0x00, 0x00, 0x00, 0x00, 0x00, 0x00, 0x00, 0x00, 0x00, 0x00, 0x00,
  0x00, 0x00, 0x00, 0x00, 0x00, 0x00, 0x00, 0x00, 0x00, 0x00, 0x00, 0x00, 0x00, 0x00, 0x00, 0x00, 0x00, 0x00, 0x00, 0x00, 0x00, 0x00, 0x00, 0x2F,
  0xA4, 0x00, 0x00, 0xD0, 0x04, 0x00, 0x00, 0x74, 0x5E, 0x00, 0x00, 0x00, 0x00, 0x00, 0x00, 0x00, 0x00, 0x00, 0x00, 0x00, 0x00, 0x00, 0x00, 0x00,
  0x00, 0x00, 0x00, 0x00, 0x00, 0x00, 0x00, 0x00, 0x00, 0x00, 0x00, 0x00, 0x00, 0x00, 0x00, 0x00, 0x00, 0x00, 0x00, 0x00, 0x00, 0x00, 0x00, 0x00,
  0x00, 0x00, 0x00, 0x00, 0x00, 0x00, 0x00, 0x00, 0x00, 0x00, 0x00, 0x00, 0x00, 0x00, 0x00, 0x00, 0x00, 0x00, 0x00, 0xC8, 0x38, 0x00, 0x00, 0x00,
  0x00, 0x00, 0x00, 0x00, 0x00, 0x00, 0x00, 0x00, 0x00, 0x00, 0x00, 0x00, 0x00, 0x00, 0x00, 0x00, 0x00, 0x7F, 0xA9, 0x00, 0x00, 0x00, 0x78, 0xB3,
  0x00, 0x00, 0x00, 0x00, 0x00, 0x00, 0x00, 0x00, 0x00, 0x00, 0x00, 0x00, 0x00, 0x00, 0x00, 0x00, 0x00, 0x00, 0x00, 0x00, 0x00, 0x00, 0x00, 0x00,
  0x00, 0x00, 0x73, 0xB5, 0x00, 0x00, 0x00, 0x00, 0x00, 0x00, 0x00, 0x00, 0x00, 0x00, 0x00, 0x00, 0x00, 0x00, 0x00, 0x00, 0x00, 0x00, 0x00, 0x00,
  0x00, 0x00, 0x00, 0x00, 0x00, 0x00, 0x00, 0x00, 0x00, 0x00, 0x00, 0x00, 0x00, 0x00, 0x00, 0x00, 0x00, 0x00, 0x00, 0x00, 0x00, 0x00, 0x00, 0x00,
  0x00, 0x00, 0x00, 0x00, 0x00, 0x00, 0x00, 0x00, 0x00, 0x00, 0x00, 0x00, 0x00, 0x00, 0x00, 0x00, 0x00, 0x00, 0x00, 0x00, 0x00, 0x00, 0x00, 0x00,
  0x00, 0x00, 0x00, 0x00, 0x00, 0x00, 0x00, 0x00, 0x00, 0x00, 0x00, 0x00, 0x00, 0x00, 0x00, 0x00, 0x00, 0x00, 0x00, 0x00, 0x00, 0x00, 0x00, 0x00,
  0x00, 0x00, 0x00, 0x00, 0x00, 0x00, 0x00, 0x00, 0x00, 0x00, 0x00, 0x00, 0x00, 0x00, 0x00, 0x00, 0x00, 0x00, 0x00, 0x00, 0x00, 0x00, 0x00, 0x00,
  0x00, 0x00, 0x00, 0x00, 0x00, 0x00, 0x00, 0x00, 0x00, 0x00, 0x00, 0x00, 0x00, 0x00, 0x00, 0x00, 0x00, 0x00, 0x00, 0x00, 0x00, 0x00, 0x00, 0x00,
  0x00, 0x00, 0x00, 0x00, 0x00, 0x00, 0x00, 0x00, 0x00, 0x00, 0x00, 0x00, 0x00, 0x00, 0x00, 0x00, 0x00, 0x00, 0x00, 0x00, 0x00, 0x00, 0x00, 0x00,
  0x00, 0x00, 0x00, 0x00, 0x00, 0x00, 0x00, 0x00, 0x00, 0x00, 0x00, 0x00, 0x00, 0x00, 0x00, 0x00, 0x00, 0x00, 0x00, 0x00, 0x00, 0x00, 0x00, 0x00,
  0x00, 0x00, 0x00, 0x00, 0x00, 0x00, 0x00, 0x00, 0x00, 0x00, 0x00, 0x00, 0x00, 0x00, 0x00, 0x00, 0x00, 0x00, 0x00, 0x00, 0x00, 0x00, 0x00, 0x00,
  0x00, 0x00, 0x00, 0x00, 0x00, 0x00, 0x00, 0x00, 0x00, 0x00, 0x00, 0x97, 0xFA, 0xFF, 0x14, 0x00, 0x00, 0x00, 0x00, 0x00, 0x00, 0x00, 0x00, 0x00,
  0x00, 0x00, 0x00, 0x00, 0x00, 0x00, 0x00, 0x00, 0x00, 0x00, 0x00, 0x00, 0x00, 0x00, 0x00, 0x00, 0x00, 0x00, 0x00, 0x00, 0x00, 0x00, 0x00, 0x00,
  0x00, 0x00, 0x00, 0x00, 0x00, 0x00, 0x00, 0x00, 0x00, 0x00, 0x00, 0x00, 0x00, 0x00, 0x00, 0x00, 0x00, 0x00, 0x00, 0x00, 0x00, 0x00, 0x00, 0x00,
  0x00, 0x00, 0x00, 0x00, 0x00, 0x00, 0x84, 0x90, 0x00, 0x00, 0x00, 0x00, 0x00, 0x00, 0x82, 0xA6, 0x00, 0x00, 0x00, 0x5C, 0xB8, 0x00, 0x00, 0x00,
  0x00, 0x00, 0x00, 0x00, 0x00, 0x00, 0x00, 0x00, 0x00, 0x00, 0x00, 0x00, 0x00, 0x00, 0x00, 0x00, 0x00, 0x00, 0x00, 0x00, 0x00, 0x00, 0x00, 0x00,
  0x00, 0x00, 0x00, 0x00, 0x00, 0x00, 0x00, 0x00, 0x00, 0x00, 0x00, 0x00, 0x00, 0x00, 0x00, 0x00, 0x00, 0x00, 0x00, 0x00, 0x00, 0x00, 0x00, 0x00,
  0x00, 0x00, 0x00, 0x00, 0x00, 0x00, 0x00, 0x00, 0x00, 0x00, 0x00, 0x00, 0x00, 0x00, 0x00, 0x00, 0x00, 0x00, 0x00, 0x00, 0x00, 0x00, 0x00, 0x00,
  0x00, 0x00, 0x00, 0x00, 0x00, 0x00, 0x00, 0x0D, 0xE7, 0xFF, 0xF0, 0xD0, 0x04, 0xBC, 0xFF, 0xF5, 0x2F, 0x00, 0x00, 0x00, 0x00, 0x00, 0x00, 0x00,
  0x00, 0x00, 0x00, 0x00, 0x00, 0x00, 0x00, 0x00, 0x00, 0x00, 0x00, 0x00, 0x00, 0x00, 0x00, 0x00, 0x00, 0x00, 0x00, 0x00, 0x00, 0x00, 0x00, 0x00,
  0x00, 0x00, 0x00, 0x00, 0x00, 0x00, 0x00, 0x00, 0x00, 0x00, 0x00, 0x00, 0x00, 0x00, 0x00, 0x00, 0x00, 0x00, 0x00, 0x00, 0x00, 0x00, 0x00, 0x00,
  0x00, 0x00, 0x00, 0x00, 0x00, 0x00, 0x00, 0x00, 0x00, 0x00, 0x00, 0x00, 0x00, 0x00, 0x00, 0x00, 0x00, 0x00, 0x00, 0x00, 0x00, 0x00, 0x00, 0x00,
  0x00, 0x05, 0xAF, 0x8B, 0x01, 0x5F, 0xCF, 0x15, 0x00, 0x00, 0x00, 0x00, 0x00, 0x00, 0x00, 0x00, 0x00, 0x00, 0x00, 0x00, 0x00, 0x00, 0x00, 0x00,
  0x00, 0x00, 0x00, 0x00, 0x00, 0x00, 0x00, 0x00, 0x00, 0x00, 0xD1, 0x57, 0x00, 0x00, 0x00, 0x00, 0x00, 0x00, 0x00, 0x00, 0x00, 0x00, 0x00, 0x00,
  0x00, 0x00, 0x00, 0x00, 0x00, 0x00, 0x00, 0x00, 0x00, 0x00, 0x00, 0x00, 0x00, 0x00, 0x00, 0x00, 0x00, 0x00, 0x00, 0x00, 0x00, 0x00, 0x00, 0x00,
  0x00, 0x00, 0x00, 0x00, 0x00, 0x00, 0x00, 0x00, 0x00, 0x00, 0x00, 0x00, 0x00, 0x00, 0x00, 0x00, 0x00, 0x00, 0x00, 0x00, 0x00, 0x00, 0x00, 0x00,
  0x00, 0x00, 0x00, 0x00, 0x00, 0x00, 0x00, 0x00, 0x00, 0x00, 0x00, 0x00, 0x00, 0x00, 0x00, 0x00, 0x00, 0x00, 0x00, 0x00, 0x00, 0x00, 0x00, 0x00,
  0x00, 0x00, 0x00, 0x00, 0x00, 0x00, 0x00, 0x00, 0x00, 0x00, 0x00, 0x00, 0x00, 0x00, 0x00, 0x00, 0x00, 0x00, 0x00, 0x00, 0x00, 0x00, 0x00, 0x00,
  0x00, 0x00, 0x00, 0x00, 0x00, 0x00, 0x00, 0x00, 0x00, 0x00, 0x00, 0x00, 0x00, 0x00, 0x00, 0x00, 0x00, 0x00, 0x00, 0x00, 0x00, 0x00, 0x00, 0x00,
  0x00, 0x00, 0x00, 0x00, 0x00, 0x00, 0x00, 0x00, 0x00, 0x00, 0x00, 0x00, 0x00, 0x00, 0x00, 0x00, 0x00, 0x00, 0x00, 0x00, 0x00, 0x00, 0x00, 0x00,
  0x00, 0x00, 0x00, 0x00, 0x00, 0x00, 0x00, 0x00, 0x00, 0x00, 0x00, 0x00, 0x00, 0x00, 0x00, 0x00, 0x00, 0x00, 0x00, 0x00, 0x00, 0x00, 0x00, 0x00,
  0x00, 0x00, 0x00, 0x00, 0x00, 0x00, 0x00, 0x00, 0x00, 0x00, 0x00, 0x00, 0x00, 0x00, 0x00, 0x00, 0x00, 0x00, 0x00, 0x00, 0x00, 0x00, 0x00, 0x00,
  0x00, 0x00, 0x00, 0x00, 0x00, 0x00, 0x00, 0x00, 0x00, 0x00, 0x00, 0x00, 0x00, 0x00, 0x00, 0x00, 0x00, 0x00, 0x00, 0x00, 0x00, 0x00, 0x00, 0x00,
  0x00, 0x00, 0x00, 0x00, 0x00, 0x00, 0x00, 0x00, 0x00, 0x00, 0x00, 0x00, 0x00, 0x00, 0x00, 0x00, 0x00, 0x00, 0x00, 0x00, 0x00, 0x00, 0x00, 0x00,
  0x00, 0x00, 0x00, 0x00, 0x00, 0x00, 0x00, 0x00, 0x00, 0x00, 0x00, 0x00, 0x00, 0x00, 0x00, 0x00, 0x00, 0x00, 0x00, 0x00, 0x00, 0x00, 0x00, 0x00,
  0x00, 0x00, 0x00, 0x00, 0x00, 0x00, 0x00, 0x00, 0x00, 0x00, 0x00, 0x00, 0x00, 0x00, 0x84, 0xFF, 0xFF, 0xFF, 0x14, 0x00, 0x00, 0x00, 0x24, 0xF5,
  0x0E, 0xE0, 0xFF, 0xFF, 0xB8, 0x00, 0x00, 0x00, 0x00, 0x00, 0x00, 0x00, 0x00, 0x00, 0x00, 0x00, 0x00, 0x00, 0x00, 0x00, 0x00, 0x00, 0x00, 0x00,
  0x00, 0x00, 0x00, 0x00, 0x00, 0x00, 0x00, 0x00, 0x0C, 0xFF, 0x40, 0x00, 0x00, 0x00, 0x00, 0x00, 0x1C, 0xB0, 0xF0, 0xE8, 0x78, 0x00, 0x00, 0x00,
  0x00, 0x00, 0x10, 0xFF, 0x40, 0x00, 0x2B, 0xC0, 0xF3, 0xDA, 0x5F, 0x00, 0x00, 0x00, 0x00, 0x96, 0xFA, 0xFF, 0x98, 0x00, 0x00, 0x00, 0x00, 0x21,
  0xF5, 0xAC, 0xFC, 0x50, 0x00, 0x00, 0x00, 0x00, 0x00, 0x00, 0xC1, 0xB4, 0x00, 0x00, 0x00, 0x00, 0x32, 0xF5, 0x4D, 0xF0, 0x5C, 0x00, 0x00, 0x00,
  0x00, 0x18, 0xFF, 0xFF, 0xFF, 0x44, 0x00, 0x00, 0x78, 0xB7, 0xE0, 0xB6, 0x92, 0xF3, 0x4E, 0xFC, 0x5E, 0xC5, 0xEF, 0x7B, 0x00, 0x00, 0x37, 0xC5,
  0xF3, 0xD4, 0x54, 0x00, 0x0C, 0xFF, 0x6E, 0xDC, 0xEF, 0x8E, 0x00, 0x00, 0x66, 0xE6, 0xEB, 0x63, 0xFF, 0x40, 0x18, 0xFF, 0xFF, 0xDC, 0x49, 0xE4,
  0xB8, 0x00, 0x43, 0xCE, 0xF7, 0xDD, 0x8A, 0x08, 0x00, 0x00, 0x88, 0xB4, 0x00, 0x00, 0x00, 0x0C, 0xFF, 0x40, 0x00, 0x1C, 0xFF, 0x30, 0x3D, 0xFE,
  0x1C, 0x00, 0x00, 0xDB, 0x70, 0xB2, 0x6A, 0x1C, 0xFF, 0x5A, 0x2C, 0xE1, 0x16, 0xE6, 0x82, 0x00, 0x3A, 0xF5, 0x34, 0x51, 0xF7, 0x13, 0x00, 0x00,
  0xCC, 0x83, 0x00, 0xF0, 0xFF, 0xFF, 0xFF, 0xFF, 0x28, 0x00, 0x26, 0xE9, 0xFF, 0xFF, 0xF8, 0x28, 0xCC, 0xFF, 0xF5, 0x4A, 0x00, 0x00, 0x8E, 0xF2,
  0x68, 0x00, 0x62, 0x7E, 0x45, 0xF6, 0x75, 0x40, 0xFF, 0xFF, 0xFF, 0xFF, 0xFF, 0x74, 0x48, 0xFF, 0xFF, 0xFF, 0xFF, 0xFF, 0x7C, 0x00, 0x00, 0x00,
  0x00, 0x02, 0x00, 0x00, 0x00, 0x7C, 0x5E, 0x00, 0x00, 0x00, 0x3C, 0x9D, 0x00, 0xD4, 0x3C, 0xE0, 0x00, 0xDC, 0x04, 0x00, 0x00, 0x00, 0xC3, 0x00,
  0x3C, 0x89, 0x00, 0x00, 0x00, 0x00, 0xC0, 0x00, 0x00, 0x00, 0x00, 0x97, 0xF4, 0xCD, 0x1C, 0x00, 0x00, 0x5C, 0x8E, 0x00, 0x00, 0x00, 0x02, 0x9B,
  0xF1, 0xDC, 0x41, 0x00, 0x00, 0x00, 0xE0, 0x00, 0x47, 0xA1, 0x00, 0x00, 0x9F, 0x4C, 0x00, 0x00, 0x00, 0x00, 0xB3, 0x19, 0x00, 0x00, 0x00, 0x00,
  0x71, 0x08, 0x00, 0x00, 0x05, 0xE4, 0x3F, 0x2C, 0xFF, 0xFF, 0xF4, 0x06, 0xDE, 0x38, 0x00, 0x00, 0x01, 0xD9, 0x05, 0x00, 0x29, 0xC9, 0xF9, 0xDA,
  0x46, 0x00, 0x00, 0x09, 0xB0, 0xF3, 0x68, 0x00, 0x00, 0x00, 0x2B, 0xC5, 0xF4, 0xCF, 0x3B, 0x00, 0x00, 0x48, 0xD4, 0xF6, 0xCB, 0x3A, 0x00, 0x00,
  0x00, 0x00, 0x67, 0xF8, 0x74, 0x00, 0x00, 0x8D, 0xFF, 0xFF, 0xFF, 0xF8, 0x00, 0x00, 0x00, 0x17, 0xBF, 0x79, 0x00, 0x00, 0x2C, 0xFF, 0xFF, 0xFF,
  0xFF, 0xFF, 0x54, 0x00, 0x55, 0xD7, 0xF8, 0xE3, 0x78, 0x00, 0x00, 0x35, 0xC7, 0xF4, 0xD0, 0x44, 0x00, 0xC9, 0x54, 0x00, 0xC9, 0x54, 0x00, 0x00,
  0x00, 0x16, 0x9F, 0x1E, 0x34, 0xFF, 0xFF, 0xFF, 0xFF, 0xFF, 0x64, 0xAA, 0x2A, 0x00, 0x00, 0x00, 0x00, 0x03, 0x92, 0xED, 0xE9, 0x7F, 0x00, 0x00,
  0x00, 0x20, 0x9D, 0xE5, 0xF8, 0xD9, 0x9A, 0x1A, 0x00, 0x00, 0x00, 0x09, 0xF0, 0xAA, 0x00, 0x00, 0x00, 0xE4, 0xFF, 0xFF, 0xFC, 0xD2, 0x34, 0x00,
  0x00, 0x10, 0xA3, 0xF0, 0xF0, 0xA0, 0x0C, 0x00, 0xE4, 0xFF, 0xFF, 0xE5, 0x9A, 0x0F, 0x00, 0xE4, 0xFF, 0xFF, 0xFF, 0xFF, 0x3C, 0xE4, 0xFF, 0xFF,
  0xFF, 0xFF, 0x1C, 0x00, 0x06, 0x84, 0xE8, 0xF5, 0xBD, 0x2B, 0x00, 0xE4, 0x20, 0x00, 0x00, 0x00, 0xA4, 0x60, 0x48, 0xFF, 0xFF, 0xFF, 0x14, 0x00,
  0xD4, 0xFF, 0xFF, 0xFF, 0x10, 0xE4, 0x20, 0x00, 0x00, 0x89, 0xA9, 0x02, 0xE4, 0x20, 0x00, 0x00, 0x00, 0xE4, 0xBD, 0x00, 0x00, 0x00, 0x0E, 0xE8,
  0xA0, 0xE4, 0x98, 0x00, 0x00, 0x00, 0x9C, 0x60, 0x00, 0x0A, 0x93, 0xE9, 0xF8, 0xC8, 0x42, 0x00, 0x0C, 0xFF, 0x40, 0x00, 0x00, 0x00, 0x00, 0x00,
  0xC0, 0xA8, 0x10, 0x3E, 0xBC, 0x0E, 0x00, 0x00, 0x00, 0x00, 0x10, 0xFF, 0x40, 0x06, 0xDD, 0x5B, 0x08, 0x31, 0xF2, 0x34, 0x00, 0x00, 0x0A, 0xFF,
  0x38, 0x00, 0x00, 0x00, 0x3C, 0xCF, 0xF5, 0xE3, 0x78, 0x00, 0xFC, 0x50, 0x00, 0x00, 0x00, 0x00, 0x00, 0x00, 0xC2, 0xB6, 0x00, 0x00, 0x00, 0x00,
  0x33, 0xF5, 0x4E, 0xF0, 0x5C, 0x00, 0x00, 0x00, 0x00, 0x00, 0x00, 0x0C, 0xFF, 0x44, 0x00, 0x00, 0x78, 0xC4, 0x23, 0xFE, 0x50, 0x96, 0x9F, 0xFC,
  0x5B, 0x0A, 0x61, 0xFE, 0x1F, 0x0D, 0xEA, 0x78, 0x0A, 0x4E, 0xF9, 0x2B, 0x0C, 0xFF, 0x85, 0x09, 0x45, 0xFB, 0x4E, 0x20, 0xFB, 0x6D, 0x09, 0x59,
  0xFF, 0x40, 0x00, 0x00, 0x70, 0xDD, 0x43, 0x05, 0x00, 0x00, 0xDB, 0x82, 0x05, 0x20, 0x71, 0x03, 0x00, 0x00, 0x9B, 0xB4, 0x00, 0x00, 0x00, 0x0C,
  0xFF, 0x40, 0x00, 0x1C, 0xFF, 0x30, 0x01, 0xDD, 0x70, 0x00, 0x31, 0xFB, 0x16, 0x8C, 0x89, 0x4B, 0xDD, 0x89, 0x4B, 0xBC, 0x00, 0x41, 0xF9, 0x4A,
  0xDE, 0x6A, 0x00, 0x02, 0xDF, 0x72, 0x00, 0x35, 0xFA, 0x19, 0x00, 0x00, 0x00, 0x0A, 0xC1, 0xBB, 0x07, 0x00, 0x57, 0xC0, 0x00, 0x00, 0xF8, 0x28,
  0x00, 0x00, 0x8D, 0x87, 0x00, 0x25, 0xDC, 0x25, 0xE6, 0x3D, 0xB3, 0x57, 0x46, 0xF7, 0x76, 0x00, 0x00, 0x00, 0x00, 0x00, 0x00, 0x00, 0x00, 0x00,
  0x00, 0x00, 0x00, 0x00, 0x00, 0x00, 0x00, 0x00, 0x23, 0xD2, 0x1D, 0x00, 0x00, 0x22, 0xE2, 0x95, 0x04, 0x6E, 0xF0, 0x40, 0x00, 0xD4, 0x3B, 0xE0,
  0x00, 0xDC, 0x04, 0x00, 0x00, 0x0E, 0xB4, 0x00, 0x71, 0x55, 0x00, 0x00, 0x47, 0xD3, 0xFE, 0xE5, 0x63, 0x00, 0x25, 0xC2, 0x0A, 0x72, 0x80, 0x00,
  0x23, 0xC1, 0x06, 0x00, 0x00, 0x00, 0x49, 0xC2, 0x10, 0x55, 0xBF, 0x00, 0x00, 0x00, 0xE0, 0x0C, 0xCE, 0x0A, 0x00, 0x00, 0x08, 0xCE, 0x0E, 0x00,
  0x59, 0x8C, 0xC2, 0x72, 0x9D, 0x00, 0x00, 0x00, 0xDC, 0x10, 0x00, 0x00, 0x09, 0xF1, 0x39, 0x00, 0x00, 0x00, 0x00, 0x06, 0xDE, 0x38, 0x00, 0x00,
  0x31, 0xAD, 0x00, 0x00, 0xC6, 0x73, 0x0E, 0x4F, 0xE8, 0x09, 0x11, 0xC4, 0x9A, 0x9C, 0x68, 0x00, 0x00, 0x05, 0xDB, 0x55, 0x09, 0x60, 0xE4, 0x00,
  0x05, 0xC9, 0x38, 0x07, 0x6B, 0xD1, 0x00, 0x00, 0x00, 0x26, 0xD2, 0x8D, 0x74, 0x00, 0x00, 0x9D, 0x41, 0x00, 0x00, 0x00, 0x00, 0x00, 0x0A, 0xCB,
  0x5C, 0x00, 0x00, 0x00, 0x2C, 0xBC, 0x00, 0x00, 0x07, 0xE4, 0x21, 0x02, 0xF5, 0x44, 0x06, 0x2A, 0xEB, 0x2B, 0x05, 0xE3, 0x50, 0x08, 0x34, 0xDD,
  0x16, 0xC9, 0x54, 0x00, 0xC9, 0x54, 0x00, 0x03, 0x6D, 0xD9, 0x62, 0x01, 0x00, 0x00, 0x00, 0x00, 0x00, 0x00, 0x00, 0x43, 0xD0, 0x8D, 0x0D, 0x00,
  0x00, 0x76, 0xB3, 0x10, 0x23, 0xE6, 0x30, 0x00, 0x2B, 0xE0, 0x78, 0x27, 0x09, 0x26, 0x81, 0xDB, 0x1A, 0x00, 0x00, 0x59, 0x9E, 0xE5, 0x10, 0x00,
  0x00, 0xE4, 0x20, 0x00, 0x04, 0x7B, 0xB8, 0x00, 0x00, 0xA7, 0xA4, 0x1C, 0x11, 0x92, 0xAC, 0x00, 0xE4, 0x20, 0x00, 0x1A, 0x9C, 0xB1, 0x00, 0xE4,
  0x20, 0x00, 0x00, 0x00, 0x00, 0xE4, 0x20, 0x00, 0x00, 0x00, 0x00, 0x00, 0x96, 0xB0, 0x25, 0x0A, 0x5E, 0xE4, 0x17, 0xE4, 0x20, 0x00, 0x00, 0x00,
  0xA4, 0x60, 0x00, 0x1C, 0xE8, 0x00, 0x00, 0x00, 0x00, 0x00, 0x00, 0xF0, 0x10, 0xE4, 0x20, 0x00, 0x60, 0xBB, 0x06, 0x00, 0xE4, 0x20, 0x00, 0x00,
  0x00, 0xE4, 0xD3, 0x52, 0x00, 0x00, 0x8B, 0xD4, 0xA0, 0xE4, 0xDD, 0x3C, 0x00, 0x00, 0x9C, 0x60, 0x00, 0x9A, 0xB0, 0x25, 0x0E, 0x58, 0xEA, 0x1F,
  0x0C, 0xFF, 0x40, 0x00, 0x00, 0x00, 0x00, 0x0A, 0xFE, 0x45, 0x00, 0x00, 0x00, 0x00, 0x00, 0x00, 0x00, 0x00, 0x10, 0xFF, 0x40, 0x33, 0xFF, 0xFF,
  0xFF, 0xFF, 0xFF, 0x73, 0x00, 0x00, 0x14, 0xFF, 0x38, 0x00, 0x00, 0x00, 0xDC, 0x81, 0x07, 0x6A, 0xF5, 0x04, 0xFC, 0x50, 0x00, 0x00, 0x00, 0x00,
  0x00, 0x00, 0x00, 0x00, 0x00, 0x00, 0x00, 0x00, 0x00, 0x00, 0x00, 0xF0, 0x5C, 0x00, 0x00, 0x00, 0x00, 0x00, 0x00, 0x0C, 0xFF, 0x44, 0x00, 0x00,
  0x78, 0xA4, 0x00, 0xF8, 0x28, 0x74, 0xA8, 0xFC, 0x50, 0x00, 0x12, 0xFF, 0x3E, 0x43, 0xFF, 0x0E, 0x00, 0x00, 0xDA, 0x75, 0x0C, 0xFF, 0x40, 0x00,
  0x00, 0xD2, 0x87, 0x54, 0xFD, 0x03, 0x00, 0x10, 0xFF, 0x40, 0x00, 0x00, 0x70, 0xE4, 0x00, 0x00, 0x00, 0x00, 0xB4, 0xE6, 0xA0, 0x76, 0x28, 0x00,
  0x84, 0xFF, 0xFF, 0xFF, 0xFF, 0xFF, 0x58, 0x0C, 0xFF, 0x40, 0x00, 0x1C, 0xFF, 0x30, 0x00, 0x80, 0xC6, 0x00, 0x87, 0xB2, 0x00, 0x67, 0xA7, 0x7A,
  0x7D, 0xB7, 0x6A, 0x97, 0x00, 0x00, 0x7F, 0xFE, 0xA8, 0x00, 0x00, 0x00, 0x73, 0xD8, 0x00, 0x9C, 0xA4, 0x00, 0x00, 0x00, 0x07, 0xBA, 0xC2, 0x0A,
  0x00, 0x00, 0x34, 0xE2, 0x06, 0x00, 0xF8, 0x28, 0x00, 0x00, 0xBD, 0x65, 0x00, 0x50, 0x8F, 0x00, 0x3F, 0xEC, 0xB6, 0x05, 0x00, 0x00, 0x00, 0x00,
  0x00, 0x00, 0x00, 0x00, 0x00, 0x00, 0x00, 0x00, 0x00, 0x00, 0x00, 0x00, 0x00, 0x00, 0x00, 0x00, 0x00, 0x7D, 0xDD, 0x1E, 0x00, 0x00, 0x44, 0xFF,
  0x24, 0xF4, 0x77, 0x00, 0x00, 0xC7, 0x2E, 0xE0, 0x00, 0xDC, 0x04, 0x00, 0xD0, 0xFF, 0xFF, 0xFF, 0xFF, 0xFF, 0xC4, 0x06, 0xE8, 0x44, 0xBA, 0x2C,
  0xC4, 0x27, 0x25, 0xC2, 0x09, 0x71, 0x80, 0x05, 0xBF, 0x27, 0x00, 0x00, 0x00, 0x00, 0x33, 0xCA, 0x07, 0x80, 0x87, 0x00, 0x00, 0x00, 0xE0, 0x70,
  0x6E, 0x00, 0x00, 0x00, 0x00, 0x6B, 0x74, 0x00, 0x05, 0x4F, 0xF7, 0xA1, 0x16, 0x00, 0x00, 0x00, 0xDC, 0x10, 0x00, 0x00, 0x1E, 0x8A, 0x00, 0x00,
  0x00, 0x00, 0x00, 0x00, 0x00, 0x00, 0x00, 0x00, 0x7A, 0x64, 0x00, 0x1C, 0xE5, 0x00, 0x00, 0x00, 0xB5, 0x4F, 0x21, 0xA0, 0x02, 0x9C, 0x68, 0x00,
  0x00, 0x04, 0x3E, 0x00, 0x00, 0x06, 0xFE, 0x08, 0x00, 0x00, 0x00, 0x09, 0x78, 0xA9, 0x00, 0x00, 0x05, 0xC6, 0x38, 0x80, 0x74, 0x00, 0x00, 0xAE,
  0x2E, 0x00, 0x00, 0x00, 0x00, 0x00, 0x80, 0x95, 0x00, 0x00, 0x00, 0x00, 0x2C, 0xBC, 0x00, 0x00, 0x64, 0xAA, 0x00, 0x00, 0xD1, 0x42, 0x05, 0x27,
  0xDC, 0x15, 0x27, 0xE1, 0x00, 0x00, 0x00, 0xAD, 0x4F, 0x00, 0x00, 0x00, 0x00, 0x00, 0x3D, 0xCD, 0x90, 0x0F, 0x00, 0x00, 0x34, 0xFF, 0xFF, 0xFF,
  0xFF, 0xFF, 0x64, 0x00, 0x04, 0x71, 0xD7, 0x5B, 0x00, 0x25, 0x1A, 0x00, 0x0C, 0xDF, 0x22, 0x00, 0xC0, 0x3D, 0x3D, 0xDD, 0xE2, 0x90, 0x47, 0x55,
  0x95, 0x00, 0x00, 0xB6, 0x3F, 0x9A, 0x66, 0x00, 0x00, 0xE4, 0x20, 0x00, 0x04, 0x7B, 0x9A, 0x00, 0x16, 0xEF, 0x09, 0x00, 0x00, 0x03, 0x32, 0x00,
  0xE4, 0x20, 0x00, 0x00, 0x04, 0xE5, 0x21, 0xE4, 0x20, 0x00, 0x00, 0x00, 0x00, 0xE4, 0x20, 0x00, 0x00, 0x00, 0x00, 0x12, 0xED, 0x0A, 0x00, 0x00,
  0x00, 0x34, 0x03, 0xE4, 0x20, 0x00, 0x00, 0x00, 0xA4, 0x60, 0x00, 0x1C, 0xE8, 0x00, 0x00, 0x00, 0x00, 0x00, 0x00, 0xF0, 0x10, 0xE4, 0x20, 0x3E,
  0xC6, 0x0D, 0x00, 0x00, 0xE4, 0x20, 0x00, 0x00, 0x00, 0xE4, 0x49, 0xDC, 0x08, 0x26, 0xDE, 0x65, 0xA0, 0xE4, 0x56, 0xD6, 0x06, 0x00, 0x9C, 0x60,
  0x12, 0xED, 0x0A, 0x00, 0x00, 0x00, 0x7D, 0x8E, 0x0C, 0xFF, 0x6E, 0xDC, 0xEF, 0x8E, 0x00, 0x0A, 0xFE, 0x45, 0x00, 0x00, 0x00, 0x00, 0x00, 0x66,
  0xE6, 0xEB, 0x63, 0xFF, 0x40, 0x33, 0xFF, 0x18, 0x00, 0x00, 0x00, 0x00, 0x30, 0xFF, 0xFF, 0xFF, 0xFF, 0xFF, 0x98, 0x00, 0xDA, 0x80, 0x06, 0x6A,
  0xED, 0x01, 0xFC, 0x5E, 0xC5, 0xEF, 0x7B, 0x00, 0xC8, 0xFF, 0xFF, 0xA0, 0x00, 0x00, 0xE4, 0xFF, 0xFF, 0xFF, 0x38, 0xF0, 0x5C, 0x00, 0x68, 0xEC,
  0x38, 0x00, 0x00, 0x0C, 0xFF, 0x44, 0x00, 0x00, 0x78, 0xA4, 0x00, 0xF8, 0x28, 0x74, 0xA8, 0xFC, 0x50, 0x00, 0x10, 0xFF, 0x40, 0x44, 0xFF, 0x0E,
  0x00, 0x00, 0xDA, 0x75, 0x0C, 0xFF, 0x40, 0x00, 0x00, 0xD2, 0x87, 0x55, 0xFD, 0x03, 0x00, 0x10, 0xFF, 0x40, 0x00, 0x00, 0x70, 0xDC, 0x00, 0x00,
  0x00, 0x00, 0x06, 0x54, 0x86, 0xB9, 0xF8, 0x27, 0x00, 0x00, 0x9C, 0xB4, 0x00, 0x00, 0x00, 0x0B, 0xFF, 0x42, 0x00, 0x1C, 0xFF, 0x30, 0x00, 0x22,
  0xFD, 0x1F, 0xDD, 0x54, 0x00, 0x42, 0xC6, 0xA9, 0x2C, 0xDA, 0x89, 0x73, 0x00, 0x00, 0x92, 0xF7, 0xC5, 0x04, 0x00, 0x00, 0x10, 0xF4, 0x4A, 0xF3,
  0x34, 0x00, 0x00, 0x05, 0xB3, 0xC8, 0x0D, 0x00, 0x00, 0x00, 0x00, 0x9E, 0x80, 0x00, 0xF8, 0x28, 0x00, 0x54, 0xCC, 0x05, 0x00, 0x00, 0x00, 0x00,
  0x00, 0x00, 0x00, 0x00, 0x00, 0x00, 0x00, 0x00, 0x00, 0x00, 0x00, 0x00, 0x00, 0x00, 0x00, 0x00, 0x00, 0x00, 0x00, 0x00, 0x00, 0xA8, 0xFF, 0xFF,
  0xFF, 0xF1, 0xFD, 0xC2, 0x00, 0x22, 0xE1, 0x96, 0x04, 0x6E, 0xF0, 0x3F, 0x00, 0xAE, 0x15, 0x50, 0x00, 0x4F, 0x01, 0x00, 0x00, 0x5F, 0x65, 0x00,
  0xBE, 0x06, 0x00, 0x0E, 0xEC, 0x11, 0xB8, 0x00, 0x00, 0x00, 0x00, 0x9A, 0xF5, 0xCF, 0x1D, 0x8A, 0x62, 0x00, 0x00, 0x00, 0x00, 0x00, 0x00, 0xB3,
  0xEE, 0x7A, 0x02, 0xDD, 0xD0, 0x00, 0x50, 0xBF, 0x1B, 0x00, 0x00, 0x00, 0x00, 0x18, 0xC3, 0x00, 0x00, 0xA9, 0x4B, 0xC7, 0x1F, 0x34, 0xFF, 0xFF,
  0xFF, 0xFF, 0xFF, 0x64, 0x00, 0x00, 0x00, 0x00, 0x00, 0x00, 0x00, 0x00, 0x00, 0x00, 0x00, 0x00, 0xC2, 0x1C, 0x00, 0x3B, 0xCA, 0x00, 0x00, 0x00,
  0x96, 0x6E, 0x00, 0x00, 0x00, 0x9C, 0x68, 0x00, 0x00, 0x00, 0x00, 0x00, 0x00, 0x64, 0xC6, 0x00, 0x00, 0x00, 0xC8, 0xFF, 0xC9, 0x0F, 0x00, 0x00,
  0x85, 0x7B, 0x00, 0x80, 0x74, 0x00, 0x00, 0xBE, 0x75, 0xEF, 0xE2, 0x65, 0x00, 0x04, 0xEE, 0x81, 0xEE, 0xE5, 0x6E, 0x00, 0x00, 0x00, 0x00, 0x01,
  0xD7, 0x36, 0x00, 0x00, 0x2B, 0xE6, 0xFF, 0xF7, 0x4C, 0x00, 0x0B, 0xF0, 0x50, 0x08, 0x34, 0xDF, 0x59, 0x00, 0x00, 0x00, 0x00, 0x00, 0xEB, 0x55,
  0x00, 0x00, 0x00, 0x00, 0x00, 0x00, 0x00, 0x00, 0x00, 0x00, 0x00, 0x00, 0x00, 0x00, 0x2E, 0xF3, 0x1F, 0x00, 0x00, 0x9E, 0xCF, 0x61, 0x00, 0x18,
  0xB1, 0x00, 0xD4, 0x44, 0x0B, 0xAE, 0x50, 0x00, 0xC1, 0x00, 0x17, 0xE0, 0x02, 0x41, 0xC4, 0x00, 0x00, 0xE4, 0xFF, 0xFF, 0xFF, 0xDF, 0x24, 0x00,
  0x3B, 0xCC, 0x00, 0x00, 0x00, 0x00, 0x00, 0x00, 0xE4, 0x20, 0x00, 0x00, 0x00, 0xBB, 0x49, 0xE4, 0xFF, 0xFF, 0xFF, 0xFC, 0x00, 0xE4, 0xFF, 0xFF,
  0xFF, 0xC4, 0x00, 0x39, 0xCB, 0x00, 0x00, 0x00, 0x00, 0x00, 0x00, 0xE4, 0xFF, 0xFF, 0xFF, 0xFF, 0xFF, 0x60, 0x00, 0x1C, 0xE8, 0x00, 0x00, 0x00,
  0x00, 0x00, 0x00, 0xF0, 0x10, 0xE4, 0x41, 0xE9, 0x37, 0x00, 0x00, 0x00, 0xE4, 0x20, 0x00, 0x00, 0x00, 0xE4, 0x18, 0x9A, 0x7C, 0xB5, 0x59, 0x5C,
  0xA0, 0xE4, 0x18, 0xA6, 0x80, 0x00, 0x9C, 0x60, 0x39, 0xCB, 0x00, 0x00, 0x00, 0x00, 0x4B, 0xB9, 0x0C, 0xFF, 0x85, 0x09, 0x45, 0xFB, 0x4E, 0x00,
  0xC1, 0xA9, 0x10, 0x2C, 0xC6, 0x1C, 0x20, 0xFB, 0x6D, 0x09, 0x59, 0xFF, 0x40, 0x07, 0xE1, 0x96, 0x0D, 0x2D, 0xC5, 0x15, 0x00, 0x00, 0x14, 0xFF,
  0x38, 0x00, 0x00, 0x00, 0x36, 0xF0, 0xF8, 0xD6, 0x46, 0x00, 0xFC, 0x5B, 0x0A, 0x61, 0xFE, 0x1F, 0x00, 0x00, 0xAC, 0xA0, 0x00, 0x00, 0x00, 0x00,
  0x18, 0xFF, 0x38, 0xF0, 0x5C, 0x78, 0xE7, 0x2E, 0x00, 0x00, 0x00, 0x0C, 0xFF, 0x44, 0x00, 0x00, 0x78, 0xA4, 0x00, 0xF8, 0x28, 0x74, 0xA8, 0xFC,
  0x50, 0x00, 0x10, 0xFF, 0x40, 0x0E, 0xEA, 0x76, 0x09, 0x4C, 0xF9, 0x2C, 0x0C, 0xFF, 0x83, 0x09, 0x45, 0xFB, 0x4F, 0x20, 0xFC, 0x6D, 0x08, 0x57,
  0xFF, 0x40, 0x00, 0x00, 0x70, 0xDC, 0x00, 0x00, 0x00, 0x0F, 0x98, 0x3B, 0x0B, 0x32, 0xFE, 0x3F, 0x00, 0x00, 0x9C, 0xB4, 0x00, 0x00, 0x00, 0x00,
  0xEB, 0x8E, 0x08, 0x67, 0xFF, 0x30, 0x00, 0x00, 0xC2, 0xAA, 0xEE, 0x07, 0x00, 0x1C, 0xE4, 0xD0, 0x04, 0xC8, 0xBD, 0x4E, 0x00, 0x53, 0xEB, 0x28,
  0xDF, 0x8A, 0x00, 0x00, 0x00, 0x96, 0xEA, 0xC5, 0x00, 0x00, 0x02, 0xAB, 0xCE, 0x10, 0x00, 0x00, 0x00, 0x00, 0x06, 0x7F, 0xB2, 0x00, 0xF8, 0x28,
  0x00, 0x81, 0xAC, 0x0C, 0x00, 0x00, 0x00, 0x00, 0x00, 0x00, 0x00, 0x00, 0x00, 0x00, 0x00, 0x00, 0x00, 0x00, 0x00, 0x00, 0x00, 0x00, 0x00, 0x00,
  0x00, 0x00, 0x00, 0x00, 0x00, 0x00, 0x00, 0x00, 0x00, 0x7E, 0xE0, 0x22, 0x00, 0x7C, 0x5F, 0x00, 0x00, 0x00, 0x3C, 0x9D, 0x00, 0x8F, 0x01, 0x00,
  0x00, 0x00, 0x00, 0x00, 0x00, 0x8A, 0x39, 0x00, 0xC6, 0x00, 0x00, 0x00, 0x85, 0xEF, 0xED, 0x71, 0x16, 0x00, 0x00, 0x00, 0x00, 0x00, 0x44, 0xA7,
  0x0E, 0xC0, 0xF5, 0xAE, 0x03, 0x00, 0x86, 0xAB, 0xB3, 0xA3, 0x0A, 0xD3, 0x00, 0x00, 0x00, 0xDB, 0x00, 0x00, 0x00, 0x00, 0x00, 0x00, 0xDC, 0x00,
  0x00, 0x19, 0x00, 0x18, 0x01, 0x00, 0x00, 0x00, 0xDC, 0x10, 0x00, 0x00, 0x00, 0x00, 0x00, 0x00, 0x00, 0x00, 0x00, 0x00, 0x00, 0x00, 0x00, 0x0F,
  0xCE, 0x00, 0x00, 0x3B, 0xCA, 0x00, 0x00, 0x00, 0x96, 0x6E, 0x00, 0x00, 0x00, 0x9C, 0x68, 0x00, 0x00, 0x00, 0x00, 0x00, 0x56, 0xE8, 0x28, 0x00,
  0x00, 0x00, 0x00, 0x09, 0x72, 0xBB, 0x00, 0x3C, 0xBE, 0x02, 0x00, 0x80, 0x74, 0x00, 0x00, 0x85, 0x5D, 0x0C, 0x3B, 0xF0, 0x27, 0x29, 0xF6, 0x4C,
  0x08, 0x34, 0xEA, 0x2E, 0x00, 0x00, 0x00, 0x4E, 0xC3, 0x00, 0x00, 0x10, 0xDE, 0x43, 0x07, 0x2C, 0xD8, 0x31, 0x00, 0x4A, 0xD9, 0xF5, 0x90, 0xE6,
  0x25, 0x00, 0x00, 0x00, 0x00, 0x00, 0x3D, 0xCD, 0x8F, 0x0F, 0x00, 0x00, 0x00, 0x00, 0x00, 0x00, 0x00, 0x00, 0x00, 0x00, 0x04, 0x70, 0xD7, 0x5C,
  0x00, 0x00, 0x00, 0xDC, 0x14, 0x00, 0x00, 0x32, 0x95, 0x00, 0xF9, 0x00, 0x00, 0x84, 0x50, 0x00, 0xC6, 0x00, 0x71, 0x8C, 0x00, 0x02, 0xE5, 0x23,
  0x00, 0xE4, 0x20, 0x00, 0x02, 0x57, 0xD2, 0x00, 0x3D, 0xCB, 0x00, 0x00, 0x00, 0x00, 0x00, 0x00, 0xE4, 0x20, 0x00, 0x00, 0x00, 0xBB, 0x49, 0xE4,
  0x20, 0x00, 0x00, 0x00, 0x00, 0xE4, 0x20, 0x00, 0x00, 0x00, 0x00, 0x3A, 0xCB, 0x00, 0x00, 0x5C, 0xFF, 0xFF, 0x78, 0xE4, 0x20, 0x00, 0x00, 0x00,
  0xA4, 0x60, 0x00, 0x1C, 0xE8, 0x00, 0x00, 0x00, 0x00, 0x00, 0x00, 0xF0, 0x10, 0xE4, 0xA3, 0x4E, 0xC6, 0x04, 0x00, 0x00, 0xE4, 0x20, 0x00, 0x00,
  0x00, 0xE4, 0x18, 0x14, 0xE9, 0xC1, 0x00, 0x5C, 0xA0, 0xE4, 0x18, 0x16, 0xE7, 0x28, 0x9C, 0x60, 0x3A, 0xCB, 0x00, 0x00, 0x00, 0x00, 0x4B, 0xB8,
  0x0C, 0xFF, 0x40, 0x00, 0x00, 0xD2, 0x87, 0x00, 0x1D, 0xB3, 0xF1, 0xEA, 0x82, 0x00, 0x54, 0xFD, 0x03, 0x00, 0x10, 0xFF, 0x40, 0x00, 0x2F, 0xC1,
  0xF4, 0xE5, 0x79, 0x00, 0x00, 0x00, 0x14, 0xFF, 0x38, 0x00, 0x00, 0x00, 0xCA, 0x4E, 0x00, 0x00, 0x00, 0x00, 0xFC, 0x50, 0x00, 0x12, 0xFF, 0x3E,
  0x00, 0x00, 0xAC, 0xA0, 0x00, 0x00, 0x00, 0x00, 0x18, 0xFF, 0x38, 0xF0, 0xC9, 0xFF, 0x65, 0x00, 0x00, 0x00, 0x00, 0x0C, 0xFF, 0x44, 0x00, 0x00,
  0x78, 0xA4, 0x00, 0xF8, 0x28, 0x74, 0xA8, 0xFC, 0x50, 0x00, 0x10, 0xFF, 0x40, 0x00, 0x38, 0xC8, 0xF5, 0xD8, 0x56, 0x00, 0x0C, 0xFF, 0x6E, 0xDD,
  0xEF, 0x90, 0x01, 0x00, 0x69, 0xE7, 0xEB, 0x63, 0xFF, 0x40, 0x18, 0xFF, 0xFF, 0xFF, 0xFF, 0xA0, 0x00, 0x03, 0x7C, 0xDD, 0xFA, 0xE4, 0x80, 0x00,
  0x00, 0x00, 0x9C, 0xB4, 0x00, 0x00, 0x00, 0x00, 0x55, 0xE6, 0xEE, 0x83, 0xFF, 0x30, 0x00, 0x00, 0x63, 0xFF, 0x97, 0x00, 0x00, 0x01, 0xF5, 0xCE,
  0x00, 0x9B, 0xFF, 0x2A, 0x22, 0xF0, 0x51, 0x00, 0x3A, 0xFB, 0x4C, 0x00, 0x00, 0x2C, 0xFF, 0x55, 0x00, 0x00, 0x14, 0xFF, 0xFF, 0xFF, 0xFF, 0xFF,
  0x48, 0xCC, 0xFF, 0xE1, 0x2B, 0x00, 0xF8, 0x28, 0x00, 0x11, 0xC9, 0xFF, 0xFF, 0x00, 0x00, 0x00, 0x00, 0x00, 0x00, 0x00, 0x00, 0x00, 0x00, 0x00,
  0x00, 0x00, 0x00, 0x00, 0x00, 0x00, 0x00, 0x00, 0x00, 0x00, 0x00, 0x00, 0x00, 0x00, 0x00, 0x00, 0x24, 0xD5, 0x1F, 0x00, 0x00, 0x00, 0x00, 0x00,
  0x00, 0x00, 0x00, 0x00, 0x00, 0x00, 0x00, 0x00, 0x00, 0x00, 0x00, 0x48, 0xFF, 0xFF, 0xFF, 0xFF, 0xFF, 0xFF, 0x4C, 0x00, 0x00, 0x1D, 0xCF, 0x9D,
  0xE7, 0x21, 0x00, 0x00, 0x00, 0x15, 0xC6, 0x0F, 0x61, 0x90, 0x07, 0xA7, 0x44, 0x12, 0xE8, 0x01, 0x03, 0x9E, 0xD4, 0x9E, 0x00, 0x00, 0x00, 0xDE,
  0x00, 0x00, 0x00, 0x00, 0x00, 0x00, 0xDE, 0x02, 0x00, 0x00, 0x00, 0x00, 0x00, 0x00, 0x00, 0x00, 0xDC, 0x10, 0x00, 0x00, 0x00, 0x00, 0x00, 0x00,
  0x00, 0x00, 0x00, 0x00, 0x00, 0x00, 0x00, 0x54, 0x89, 0x00, 0x00, 0x1D, 0xE5, 0x00, 0x00, 0x00, 0xB5, 0x4F, 0x00, 0x00, 0x00, 0x9C, 0x68, 0x00,
  0x00, 0x00, 0x00, 0x7A, 0xD5, 0x29, 0x00, 0x00, 0x00, 0x03, 0x00, 0x00, 0x09, 0xFE, 0x05, 0x8C, 0xFF, 0xFF, 0xFF, 0xFF, 0xFF, 0xAC, 0x00, 0x03,
  0x00, 0x00, 0x00, 0xBD, 0x4F, 0x21, 0xE1, 0x00, 0x00, 0x00, 0xAD, 0x57, 0x00, 0x00, 0x00, 0xC3, 0x50, 0x00, 0x00, 0x41, 0xCB, 0x00, 0x00, 0x00,
  0x98, 0x74, 0x00, 0x00, 0x00, 0x00, 0x65, 0xB1, 0x00, 0xC9, 0x54, 0x00, 0xCE, 0x5B, 0x00, 0x03, 0x6E, 0xD9, 0x61, 0x01, 0x00, 0x00, 0x00, 0x00,
  0x00, 0x00, 0x00, 0x43, 0xD0, 0x8E, 0x0D, 0x00, 0x00, 0x00, 0x00, 0x00, 0x00, 0x00, 0x00, 0x1D, 0xAD, 0x00, 0xD4, 0x42, 0x0A, 0xA9, 0x65, 0x3D,
  0xB2, 0x00, 0xCF, 0xFF, 0xFF, 0xFF, 0xFF, 0x80, 0x00, 0xE4, 0x20, 0x00, 0x00, 0x03, 0xFF, 0x08, 0x1A, 0xEC, 0x05, 0x00, 0x00, 0x01, 0x47, 0x00,
  0xE4, 0x20, 0x00, 0x00, 0x03, 0xE5, 0x21, 0xE4, 0x20, 0x00, 0x00, 0x00, 0x00, 0xE4, 0x20, 0x00, 0x00, 0x00, 0x00, 0x12, 0xED, 0x09, 0x00, 0x00,
  0x00, 0x89, 0x78, 0xE4, 0x20, 0x00, 0x00, 0x00, 0xA4, 0x60, 0x00, 0x1C, 0xE8, 0x00, 0x00, 0x0F, 0x10, 0x00, 0x00, 0xF3, 0x0F, 0xE4, 0x24, 0x00,
  0x99, 0x86, 0x00, 0x00, 0xE4, 0x20, 0x00, 0x00, 0x00, 0xE4, 0x18, 0x00, 0x68, 0x2E, 0x00, 0x5C, 0xA0, 0xE4, 0x18, 0x00, 0x62, 0xB8, 0x9C, 0x60,
  0x12, 0xED, 0x09, 0x00, 0x00, 0x00, 0x7D, 0x8F, 0x0C, 0xFF, 0x40, 0x00, 0x00, 0xD2, 0x87, 0x00, 0x00, 0x00, 0x00, 0x00, 0x00, 0x00, 0x55, 0xFD,
  0x03, 0x00, 0x10, 0xFF, 0x40, 0x00, 0x00, 0x00, 0x00, 0x00, 0x00, 0x00, 0x00, 0x00, 0x14, 0xFF, 0x38, 0x00, 0x00, 0x00, 0x91, 0xFF, 0xFF, 0xFC,
  0xDF, 0x57, 0xFC, 0x50, 0x00, 0x10, 0xFF, 0x40, 0x00, 0x00, 0xAC, 0xA0, 0x00, 0x00, 0x00, 0x00, 0x18, 0xFF, 0x38, 0xF0, 0xBF, 0x82, 0xEC, 0x1D,
  0x00, 0x00, 0x00, 0x0C, 0xFF, 0x44, 0x00, 0x00, 0x00, 0x00, 0x00, 0x00, 0x00, 0x00, 0x00, 0x00, 0x00, 0x00, 0x00, 0x00, 0x00, 0x00, 0x00, 0x00,
  0x00, 0x00, 0x00, 0x00, 0x0C, 0xFF, 0x40, 0x00, 0x00, 0x00, 0x00, 0x00, 0x00, 0x00, 0x00, 0x10, 0xFF, 0x40, 0x00, 0x00, 0x00, 0x00, 0x00, 0x00,
  0x00, 0x00, 0x00, 0x00, 0x00, 0x00, 0x00, 0x00, 0x00, 0x00, 0x96, 0xB4, 0x00, 0x00, 0x00, 0x00, 0x00, 0x00, 0x00, 0x00, 0x00, 0x00, 0x00, 0x00,
  0x00, 0x00, 0x00, 0x00, 0x00, 0x00, 0x00, 0x00, 0x00, 0x00, 0x00, 0x00, 0x00, 0x00, 0x00, 0x00, 0x00, 0x00, 0x00, 0x00, 0x00, 0x5D, 0xE1, 0x03,
  0x00, 0x00, 0x00, 0x00, 0x00, 0x00, 0x00, 0x00, 0x00, 0x00, 0x06, 0x7F, 0xB1, 0x00, 0xF8, 0x28, 0x00, 0x82, 0xAD, 0x0D, 0x00, 0x00, 0x00, 0x00,
  0x00, 0x00, 0x00, 0x00, 0x00, 0x00, 0x00, 0x00, 0x00, 0x00, 0x00, 0x00, 0x00, 0x00, 0x00, 0x00, 0x00, 0x00, 0x00, 0x00, 0x00, 0x00, 0x00, 0x00,
  0x00, 0x03, 0x00, 0x00, 0x00, 0x00, 0x00, 0x00, 0x00, 0x00, 0x00, 0x00, 0x01, 0xD6, 0x49, 0x00, 0x00, 0x00, 0x00, 0x00, 0x00, 0xC7, 0x00, 0x3D,
  0x87, 0x00, 0x00, 0x00, 0x0B, 0x00, 0xB8, 0x00, 0x8F, 0x6B, 0x00, 0x00, 0x00, 0xB1, 0x39, 0x00, 0x61, 0x8F, 0x07, 0xA6, 0x44, 0x07, 0xEF, 0x43,
  0x08, 0x34, 0xEB, 0xAE, 0x01, 0x00, 0x00, 0xD8, 0x00, 0x00, 0x00, 0x00, 0x00, 0x00, 0xDA, 0x00, 0x00, 0x00, 0x00, 0x00, 0x00, 0x00, 0x00, 0x00,
  0x6E, 0x08, 0x00, 0x00, 0x00, 0x00, 0x00, 0x00, 0x00, 0x00, 0x00, 0x00, 0x00, 0x00, 0x00, 0x9D, 0x40, 0x00, 0x00, 0x00, 0xC7, 0x70, 0x0D, 0x4A,
  0xE8, 0x09, 0x00, 0x00, 0x00, 0x9C, 0x68, 0x00, 0x00, 0x04, 0xA3, 0x9F, 0x0A, 0x00, 0x00, 0x00, 0x3F, 0xBD, 0x20, 0x0A, 0x72, 0xD1, 0x00, 0x00,
  0x00, 0x00, 0x00, 0x80, 0x74, 0x00, 0x01, 0xC7, 0x49, 0x07, 0x39, 0xEA, 0x1C, 0x02, 0xD5, 0x50, 0x08, 0x34, 0xE5, 0x22, 0x00, 0x00, 0x38, 0xDA,
  0x02, 0x00, 0x00, 0x1B, 0xEF, 0x43, 0x07, 0x2C, 0xDF, 0x44, 0x00, 0x00, 0x00, 0x34, 0xDC, 0x21, 0x00, 0xC9, 0x54, 0x00, 0xDA, 0x59, 0x00, 0x00,
  0x00, 0x17, 0xA0, 0x1E, 0x00, 0x00, 0x00, 0x00, 0x00, 0x00, 0x00, 0xAB, 0x2B, 0x00, 0x00, 0x00, 0x00, 0x00, 0x08, 0xDF, 0x35, 0x00, 0x00, 0x00,
  0xC8, 0x30, 0x3F, 0xDE, 0xE3, 0x3F, 0xE9, 0xD4, 0x2B, 0x2B, 0xE7, 0x05, 0x00, 0x00, 0x47, 0xDD, 0x00, 0xE4, 0x20, 0x00, 0x02, 0x57, 0xD9, 0x00,
  0x00, 0xB0, 0x9B, 0x18, 0x11, 0x8C, 0xB1, 0x00, 0xE4, 0x20, 0x00, 0x19, 0x99, 0xB2, 0x00, 0xE4, 0x20, 0x00, 0x00, 0x00, 0x00, 0xE4, 0x20, 0x00,
  0x00, 0x00, 0x00, 0x00, 0x9A, 0xB0, 0x26, 0x07, 0x36, 0xCF, 0x78, 0xE4, 0x20, 0x00, 0x00, 0x00, 0xA4, 0x60, 0x00, 0x1C, 0xE8, 0x00, 0x00, 0x79,
  0xAA, 0x0B, 0x49, 0xE9, 0x00, 0xE4, 0x20, 0x00, 0x0C, 0xDD, 0x42, 0x00, 0xE4, 0x20, 0x00, 0x00, 0x00, 0xE4, 0x18, 0x00, 0x00, 0x00, 0x00, 0x5C,
  0xA0, 0xE4, 0x18, 0x00, 0x00, 0xBF, 0xDF, 0x60, 0x00, 0x9D, 0xAD, 0x21, 0x0C, 0x54, 0xEA, 0x21, 0x0C, 0xFF, 0x83, 0x09, 0x45, 0xFB, 0x4F, 0x00,
  0x00, 0x00, 0x00, 0x00, 0x00, 0x00, 0x20, 0xFC, 0x6D, 0x08, 0x57, 0xFF, 0x40, 0x00, 0x00, 0x00, 0x00, 0x00, 0x00, 0x00, 0x00, 0x00, 0x14, 0xFF,
  0x38, 0x00, 0x00, 0x39, 0xF1, 0x1A, 0x00, 0x09, 0x9F, 0xC5, 0xFC, 0x50, 0x00, 0x10, 0xFF, 0x40, 0x00, 0x00, 0xAC, 0xA0, 0x00, 0x00, 0x00, 0x00,
  0x18, 0xFF, 0x38, 0xF0, 0x5C, 0x01, 0xB7, 0xC8, 0x05, 0x00, 0x00, 0x0C, 0xFF, 0x44, 0x00, 0x00, 0x00, 0x00, 0x00, 0x00, 0x00, 0x00, 0x00, 0x00,
  0x00, 0x00, 0x00, 0x00, 0x00, 0x00, 0x00, 0x00, 0x00, 0x00, 0x00, 0x00, 0x0C, 0xFF, 0x40, 0x00, 0x00, 0x00, 0x00, 0x00, 0x00, 0x00, 0x00, 0x10,
  0xFF, 0x40, 0x00, 0x00, 0x00, 0x00, 0x00, 0x00, 0x00, 0x00, 0x00, 0x00, 0x00, 0x00, 0x00, 0x00, 0x00, 0x00, 0x3F, 0xE9, 0xFF, 0xFF, 0x58, 0x00,
  0x00, 0x00, 0x00, 0x00, 0x00, 0x00, 0x00, 0x00, 0x00, 0x00, 0x00, 0x00, 0x00, 0x00, 0x00, 0x00, 0x00, 0x00, 0x00, 0x00, 0x00, 0x00, 0x00, 0x00,
  0x00, 0x00, 0x00, 0x10, 0xFF, 0xEB, 0x4D, 0x00, 0x00, 0x00, 0x00, 0x00, 0x00, 0x00, 0x00, 0x00, 0x00, 0x00, 0x00, 0x9E, 0x82, 0x00, 0xF8, 0x28,
  0x00, 0x54, 0xCB, 0x05, 0x00, 0x00, 0x00, 0x00, 0x00, 0x00, 0x00, 0x00, 0x00, 0x00, 0x00, 0x00, 0x00, 0x00, 0x00, 0x00, 0x00, 0x00, 0x00, 0x00,
  0x00, 0x00, 0x00, 0x00, 0x00, 0x00, 0x00, 0x00, 0x00, 0x00, 0x00, 0x00, 0x00, 0x00, 0x00, 0x00, 0x00, 0x00, 0x00, 0x00, 0x01, 0xD6, 0x49, 0x00,
  0x00, 0x00, 0x00, 0x00, 0x11, 0xB2, 0x00, 0x74, 0x4F, 0x00, 0x00, 0x21, 0xDE, 0x45, 0xBA, 0x23, 0xCF, 0x43, 0x00, 0x00, 0x6F, 0x7C, 0x00, 0x00,
  0x0E, 0xC2, 0xF6, 0xB0, 0x04, 0x00, 0x4D, 0xD8, 0xF7, 0xD1, 0x52, 0xAB, 0x90, 0x00, 0x00, 0xBD, 0x1A, 0x00, 0x00, 0x00, 0x00, 0x16, 0xC0, 0x00,
  0x00, 0x00, 0x00, 0x00, 0x00, 0x00, 0x00, 0x00, 0x00, 0x00, 0x00, 0x00, 0x00, 0x00, 0x00, 0x00, 0x00, 0x00, 0x00, 0x00, 0x00, 0x00, 0x00, 0xD7,
  0x05, 0x00, 0x00, 0x00, 0x2B, 0xCA, 0xFA, 0xDB, 0x48, 0x00, 0x00, 0xF0, 0xFF, 0xFF, 0xFF, 0xFF, 0x90, 0x18, 0xFF, 0xFF, 0xFF, 0xFF, 0xFF, 0x64,
  0x00, 0x75, 0xE5, 0xF3, 0xBB, 0x27, 0x00, 0x00, 0x00, 0x00, 0x00, 0x80, 0x74, 0x00, 0x00, 0x34, 0xCB, 0xF7, 0xD4, 0x4F, 0x00, 0x00, 0x2C, 0xC2,
  0xF4, 0xD7, 0x52, 0x00, 0x00, 0x00, 0xAD, 0x69, 0x00, 0x00, 0x00, 0x00, 0x4F, 0xD1, 0xF6, 0xDC, 0x6F, 0x00, 0x00, 0x00, 0x4E, 0xCE, 0x30, 0x00,
  0x00, 0x00, 0x00, 0x11, 0x93, 0x04, 0x00, 0x00, 0x00, 0x00, 0x00, 0x00, 0x00, 0x00, 0x00, 0x00, 0x00, 0x00, 0x00, 0x00, 0x00, 0x00, 0x00, 0x00,
  0x00, 0x00, 0x08, 0xE0, 0x35, 0x00, 0x00, 0x00, 0x3B, 0xE1, 0x6B, 0x21, 0x02, 0x00, 0x00, 0x00, 0x00, 0x89, 0x81, 0x00, 0x00, 0x00, 0x01, 0xD8,
  0x3C, 0xE4, 0xFF, 0xFF, 0xFF, 0xDC, 0x3C, 0x00, 0x00, 0x10, 0x9D, 0xE7, 0xF0, 0x9E, 0x0C, 0x00, 0xE4, 0xFF, 0xFF, 0xE6, 0x9B, 0x0F, 0x00, 0xE4,
  0xFF, 0xFF, 0xFF, 0xFF, 0x3C, 0xE4, 0x20, 0x00, 0x00, 0x00, 0x00, 0x00, 0x08, 0x8C, 0xE2, 0xF5, 0xAE, 0x83, 0x78, 0xE4, 0x20, 0x00, 0x00, 0x00,
  0xA4, 0x60, 0x48, 0xFF, 0xFF, 0xFF, 0x14, 0x08, 0xAA, 0xF5, 0xD9, 0x45, 0x00, 0xE4, 0x20, 0x00, 0x00, 0x40, 0xE4, 0x14, 0xE4, 0xFF, 0xFF, 0xFF,
  0xB0, 0xE4, 0x18, 0x00, 0x00, 0x00, 0x00, 0x5C, 0xA0, 0xE4, 0x18, 0x00, 0x00, 0x25, 0xF7, 0x60, 0x00, 0x09, 0x8B, 0xE0, 0xF2, 0xC3, 0x38, 0x00,
  0x0C, 0xFF, 0x6E, 0xDD, 0xEF, 0x90, 0x01, 0x00, 0x00, 0x00, 0x00, 0x00, 0x00, 0x00, 0x00, 0x69, 0xE7, 0xEB, 0x63, 0xFF, 0x40, 0x00, 0x00, 0x00,
  0x00, 0x00, 0x00, 0x00, 0x10, 0xFF, 0xFF, 0xFF, 0xFF, 0xFF, 0x50, 0x0B, 0xA7, 0xEE, 0xFD, 0xF1, 0xC6, 0x40, 0xFC, 0x50, 0x00, 0x10, 0xFF, 0x40,
  0xC8, 0xFF, 0xFF, 0xFF, 0xFF, 0x9C, 0x00, 0x00, 0x18, 0xFF, 0x38, 0xF0, 0x5C, 0x00, 0x15, 0xE5, 0x92, 0x18, 0xFF, 0xFF, 0xFF, 0xFF, 0xFF, 0x50,
  0x00, 0x00, 0x00, 0x00, 0x00, 0x00, 0x00, 0x00, 0x00, 0x00, 0x00, 0x00, 0x00, 0x00, 0x00, 0x00, 0x00, 0x00, 0x00, 0x00, 0x00, 0x00, 0x00, 0x00,
  0x00, 0x00, 0x00, 0x00, 0x00, 0x00, 0x00, 0x00, 0x00, 0x00, 0x00, 0x00, 0x00, 0x00, 0x00, 0x00, 0x00, 0x00, 0x00, 0x00, 0x00, 0x00, 0x00, 0x00,
  0x00, 0x00, 0x00, 0x00, 0x00, 0x00, 0x00, 0x00, 0x00, 0x00, 0x00, 0x00, 0x00, 0x00, 0x00, 0x00, 0x00, 0x00, 0x00, 0x00, 0x00, 0x00, 0x00, 0x00,
  0x00, 0x00, 0x00, 0x00, 0x00, 0x00, 0x00, 0x00, 0x00, 0x00, 0x00, 0x00, 0x00, 0x00, 0x00, 0x00, 0x00, 0x00, 0x00, 0x00, 0x00, 0x00, 0x00, 0x00,
  0x00, 0x00, 0x35, 0xE3, 0x06, 0x00, 0xF8, 0x28, 0x00, 0x00, 0xBD, 0x64, 0x00, 0x00, 0x00, 0x00, 0x00, 0x00, 0x00, 0x00, 0x00, 0x00, 0x00, 0x00,
  0x00, 0x00, 0x00, 0x00, 0x00, 0x00, 0x00, 0x00, 0x00, 0x00, 0x00, 0x00, 0x00, 0x00, 0x00, 0x00, 0x00, 0x00, 0x00, 0x00, 0x00, 0x00, 0x00, 0x00,
  0x00, 0x00, 0x00, 0x00, 0x00, 0x00, 0x00, 0x00, 0x00, 0x00, 0x00, 0x00, 0x00, 0x00, 0x00, 0x00, 0x00, 0x00, 0x00, 0x00, 0x48, 0xD3, 0xFE, 0xE2,
  0x72, 0x00, 0x00, 0x00, 0x00, 0x00, 0x00, 0x00, 0x00, 0x00, 0x00, 0x00, 0x00, 0x00, 0x00, 0x00, 0x00, 0x00, 0x00, 0x00, 0x00, 0x00, 0x00, 0x6F,
  0x6C, 0x00, 0x00, 0x00, 0x00, 0x6B, 0x72, 0x00, 0x00, 0x00, 0x00, 0x00, 0x00, 0x00, 0x00, 0x00, 0x00, 0x00, 0x00, 0x00, 0x00, 0x00, 0x00, 0x00,
  0x00, 0x00, 0x00, 0x00, 0x00, 0x00, 0x2E, 0xAE, 0x00, 0x00, 0x00, 0x00, 0x00, 0x00, 0x00, 0x00, 0x00, 0x00, 0x00, 0x00, 0x00, 0x00, 0x00, 0x00,
  0x00, 0x00, 0x00, 0x00, 0x00, 0x00, 0x00, 0x00, 0x00, 0x00, 0x00, 0x00, 0x00, 0x00, 0x00, 0x00, 0x00, 0x00, 0x00, 0x00, 0x00, 0x00, 0x00, 0x00,
  0x00, 0x00, 0x00, 0x00, 0x00, 0x00, 0x00, 0x00, 0x00, 0x00, 0x00, 0x00, 0x00, 0x00, 0x00, 0x00, 0x00, 0x00, 0x00, 0x00, 0x00, 0x00, 0x00, 0x00,
  0x00, 0x00, 0x00, 0x00, 0x00, 0x00, 0x00, 0x00, 0x00, 0x00, 0x00, 0x00, 0x00, 0x00, 0x00, 0x00, 0x00, 0x00, 0x00, 0x00, 0x00, 0x00, 0x00, 0x00,
  0x00, 0x00, 0x00, 0x00, 0x00, 0x00, 0x00, 0x00, 0x00, 0x00, 0x00, 0x00, 0x00, 0x00, 0x00, 0x00, 0x00, 0x2D, 0xAA, 0xEB, 0xFE, 0xFF, 0xFF, 0x24,
  0x00, 0x00, 0x00, 0x00, 0x00, 0x00, 0x00, 0x00, 0x00, 0x00, 0x00, 0x00, 0x00, 0x00, 0x00, 0x00, 0x00, 0x00, 0x00, 0x00, 0x00, 0x00, 0x00, 0x00,
  0x00, 0x00, 0x00, 0x00, 0x00, 0x00, 0x00, 0x00, 0x00, 0x00, 0x00, 0x00, 0x00, 0x00, 0x00, 0x00, 0x00, 0x00, 0x00, 0x00, 0x00, 0x00, 0x00, 0x00,
  0x00, 0x00, 0x00, 0x00, 0x00, 0x00, 0x00, 0x00, 0x00, 0x00, 0x00, 0x00, 0x00, 0x00, 0x00, 0x00, 0x00, 0x00, 0x00, 0x00, 0x00, 0x00, 0x00, 0x00,
  0x00, 0x00, 0x00, 0x00, 0x00, 0x00, 0x00, 0x00, 0x00, 0x00, 0x00, 0x00, 0x00, 0x00, 0x00, 0x00, 0x00, 0x00, 0x00, 0x00, 0x00, 0x00, 0x00, 0x00,
  0x00, 0x00, 0x00, 0x00, 0x00, 0x00, 0x00, 0x00, 0x00, 0x00, 0x00, 0x00, 0x00, 0x00, 0x00, 0x00, 0x00, 0x00, 0x00, 0x00, 0x00, 0x00, 0x00, 0x00,
  0x00, 0x00, 0x00, 0x00, 0x00, 0x00, 0x00, 0x00, 0x00, 0x00, 0x00, 0x00, 0x00, 0x00, 0x00, 0x00, 0x00, 0x00, 0x00, 0x00, 0x00, 0x00, 0x00, 0x00,
  0x00, 0x00, 0x00, 0x00, 0x00, 0x00, 0x00, 0x00, 0x00, 0x00, 0x00, 0x00, 0x00, 0x00, 0x00, 0x00, 0x18, 0xFF, 0x33, 0x00, 0x00, 0x00, 0x00, 0x00,
  0x00, 0x00, 0x00, 0x00, 0x00, 0x00, 0x00, 0x00, 0x00, 0x00, 0x00, 0x00, 0x00, 0x00, 0x00, 0x00, 0x00, 0x00, 0x00, 0x00, 0x00, 0x00, 0x00, 0x00,
  0x00, 0x00, 0x00, 0x00, 0x00, 0x00, 0x00, 0x00, 0x00, 0x00, 0x00, 0x00, 0x00, 0x00, 0x00, 0x00, 0x00, 0x00, 0x00, 0x00, 0x00, 0x00, 0x00, 0x00,
  0x00, 0x00, 0x00, 0x00, 0x00, 0x00, 0x00, 0x00, 0x00, 0x00, 0x00, 0x00, 0x00, 0x00, 0x00, 0x00, 0x00, 0x00, 0x00, 0x00, 0x00, 0x00, 0x00, 0x00,
  0x00, 0x00, 0x00, 0x00, 0x00, 0x00, 0x00, 0x00, 0x00, 0x00, 0x00, 0x00, 0x00, 0x00, 0x00, 0x00, 0x00, 0x00, 0x00, 0x00, 0x00, 0x00, 0x00, 0x00,
  0x00, 0x00, 0x00, 0x00, 0x00, 0x00, 0x00, 0x00, 0x00, 0x00, 0x57, 0xC0, 0x00, 0x00, 0xF8, 0x28, 0x00, 0x00, 0x8D, 0x87, 0x00, 0x00, 0x00, 0x00,
  0x00, 0x00, 0x00, 0x00, 0x00, 0x00, 0x00, 0x00, 0x00, 0x00, 0x00, 0x00, 0x00, 0x00, 0x00, 0x00, 0x00, 0x00, 0x00, 0x00, 0x00, 0x00, 0x00, 0x00,
  0x00, 0x00, 0x00, 0x00, 0x00, 0x00, 0x00, 0x00, 0x00, 0x00, 0x00, 0x00, 0x00, 0x00, 0x00, 0x00, 0x00, 0x00, 0x00, 0x00, 0x00, 0x00, 0x00, 0x00,
  0x00, 0x00, 0x00, 0x00, 0x00, 0x00, 0xC0, 0x00, 0x00, 0x00, 0x00, 0x00, 0x00, 0x00, 0x00, 0x00, 0x00, 0x00, 0x00, 0x00, 0x00, 0x00, 0x00, 0x00,
  0x00, 0x00, 0x00, 0x00, 0x00, 0x00, 0x00, 0x0D, 0xCD, 0x09, 0x00, 0x00, 0x08, 0xCD, 0x0E, 0x00, 0x00, 0x00, 0x00, 0x00, 0x00, 0x00, 0x00, 0x00,
  0x00, 0x00, 0x00, 0x00, 0x00, 0x00, 0x00, 0x00, 0x00, 0x00, 0x00, 0x00, 0x00, 0x00, 0x77, 0x65, 0x00, 0x00, 0x00, 0x00, 0x00, 0x00, 0x00, 0x00,
  0x00, 0x00, 0x00, 0x00, 0x00, 0x00, 0x00, 0x00, 0x00, 0x00, 0x00, 0x00, 0x00, 0x00, 0x00, 0x00, 0x00, 0x00, 0x00, 0x00, 0x00, 0x00, 0x00, 0x00,
  0x00, 0x00, 0x00, 0x00, 0x00, 0x00, 0x00, 0x00, 0x00, 0x00, 0x00, 0x00, 0x00, 0x00, 0x00, 0x00, 0x00, 0x00, 0x00, 0x00, 0x00, 0x00, 0x00, 0x00,
  0x00, 0x00, 0x00, 0x00, 0x00, 0x00, 0x00, 0x00, 0x00, 0x00, 0x00, 0x00, 0x00, 0x00, 0x00, 0x00, 0x00, 0x00, 0x00, 0x00, 0x00, 0x00, 0x00, 0x00,
  0x00, 0x00, 0x00, 0x00, 0x00, 0x00, 0x00, 0x00, 0x00, 0x00, 0x00, 0x00, 0x00, 0x00, 0x00, 0x00, 0x00, 0x00, 0x00, 0x00, 0x00, 0x00, 0x00, 0x00,
  0x00, 0x00, 0x00, 0x00, 0x00, 0x00, 0x00, 0x00, 0x00, 0x00, 0x00, 0x00, 0x00, 0x00, 0x00, 0x00, 0x00, 0x00, 0x00, 0x00, 0x00, 0x00, 0x00, 0x00,
  0x00, 0x00, 0x00, 0x00, 0x00, 0x00, 0x00, 0x00, 0x00, 0x00, 0x00, 0x00, 0x00, 0x00, 0x00, 0x00, 0x00, 0x00, 0x00, 0x00, 0x00, 0x00, 0x00, 0x00,
  0x00, 0x00, 0x00, 0x00, 0x00, 0x00, 0x00, 0x00, 0x00, 0x00, 0x00, 0x00, 0x00, 0x00, 0x00, 0x00, 0x00, 0x00, 0x00, 0x00, 0x00, 0x00, 0x00, 0x00,
  0x00, 0x00, 0x00, 0x00, 0x00, 0x00, 0x00, 0x00, 0x00, 0x00, 0x00, 0x00, 0x00, 0x00, 0x00, 0x00, 0x00, 0x00, 0x00, 0x00, 0x00, 0x00, 0x00, 0x00,
  0x00, 0x00, 0x00, 0x00, 0x00, 0x00, 0x00, 0x00, 0x00, 0x00, 0x00, 0x00, 0x00, 0x00, 0x00, 0x00, 0x00, 0x00, 0x00, 0x00, 0x00, 0x00, 0x00, 0x00,
  0x00, 0x00, 0x00, 0x00, 0x00, 0x00, 0x00, 0x00, 0x00, 0x00, 0x00, 0x00, 0x00, 0x00, 0x00, 0x00, 0x00, 0x00, 0x00, 0x00, 0x00, 0x00, 0x00, 0x00,
  0x00, 0x00, 0x00, 0x00, 0x00, 0x00, 0x00, 0x00, 0x00, 0x00, 0x00, 0x00, 0x00, 0x00, 0x00, 0x00, 0x00, 0x00, 0x00, 0x00, 0x00, 0x00, 0xD4, 0xFF,
  0xFD, 0xC1, 0x07, 0x00, 0x00, 0x00, 0x00, 0x00, 0x00, 0x00, 0x00, 0x00, 0x00, 0x00, 0x00, 0x00, 0x00, 0x00, 0x00, 0x00, 0x00, 0x00, 0x00, 0x00,
  0x00, 0x00, 0x00, 0x00, 0x00, 0x00, 0x00, 0x00, 0x00, 0x00, 0x00, 0x00, 0x00, 0x00, 0x00, 0x00, 0x00, 0x00, 0x00, 0x00, 0x00, 0x00, 0x00, 0x00,
  0x00, 0x00, 0x00, 0x00, 0x00, 0x00, 0x00, 0x00, 0x00, 0x00, 0x00, 0x00, 0x00, 0x00, 0x00, 0x00, 0x00, 0x00, 0x00, 0x00, 0x00, 0x00, 0x00, 0x00,
  0x00, 0x00, 0x00, 0x00, 0x00, 0x00, 0x00, 0x00, 0x00, 0x00, 0x00, 0x00, 0x00, 0x00, 0x00, 0x00, 0x00, 0x00, 0x00, 0x00, 0x00, 0x00, 0x00, 0x00,
  0x00, 0x00, 0x00, 0x00, 0x00, 0x00, 0x00, 0x00, 0x00, 0x00, 0x00, 0x00, 0x00, 0x00, 0x00, 0x00, 0x00, 0x00, 0x27, 0xEB, 0xFF, 0xFF, 0xF8, 0x28,
  0xCC, 0xFF, 0xF6, 0x4C, 0x00, 0x00, 0x00, 0x00, 0x00, 0x00, 0x00, 0x00, 0x00, 0x00, 0x00, 0x00, 0x00, 0x00, 0x00, 0x00, 0x00, 0x00, 0x00, 0x00,
  0x00, 0x00, 0x00, 0x00, 0x00, 0x00, 0x00, 0x00, 0x00, 0x00, 0x00, 0x00, 0x00, 0x00, 0x00, 0x00, 0x00, 0x00, 0x00, 0x00, 0x00, 0x00, 0x00, 0x00,
  0x00, 0x00, 0x00, 0x00, 0x00, 0x00, 0x00, 0x00, 0x00, 0x00, 0x00, 0x00, 0x00, 0x00, 0x00, 0x00, 0x00, 0x00, 0x00, 0x00, 0x00, 0x00, 0x00, 0x00,
  0x00, 0x00, 0x00, 0x00, 0x00, 0x00, 0x00, 0x00, 0x00, 0x00, 0x00, 0x00, 0x00, 0x00, 0x00, 0x00, 0x49, 0x9F, 0x00, 0x00, 0x9D, 0x4E, 0x00, 0x00,
  0x00, 0x00, 0x00, 0x00, 0x00, 0x00, 0x00, 0x00, 0x00, 0x00, 0x00, 0x00, 0x00, 0x00, 0x00, 0x00, 0x00, 0x00, 0x00, 0x00, 0x00, 0x00, 0xBF, 0x1C,
  0x00, 0x00, 0x00, 0x00, 0x00, 0x00, 0x00, 0x00, 0x00, 0x00, 0x00, 0x00, 0x00, 0x00, 0x00, 0x00, 0x00, 0x00, 0x00, 0x00, 0x00, 0x00, 0x00, 0x00,
  0x00, 0x00, 0x00, 0x00, 0x00, 0x00, 0x00, 0x00, 0x00, 0x00, 0x00, 0x00, 0x00, 0x00, 0x00, 0x00, 0x00, 0x00, 0x00, 0x00, 0x00, 0x00, 0x00, 0x00,
  0x00, 0x00, 0x00, 0x00, 0x00, 0x00, 0x00, 0x00, 0x00, 0x00, 0x00, 0x00, 0x00, 0x00, 0x00, 0x00, 0x00, 0x00, 0x00, 0x00, 0x00, 0x00, 0x00, 0x00,
  0x00, 0x00, 0x00, 0x00, 0x00, 0x00, 0x00, 0x00, 0x00, 0x00, 0x00, 0x00, 0x00, 0x00, 0x00, 0x00, 0x00, 0x00, 0x00, 0x00, 0x00, 0x00, 0x00, 0x00,
  0x00, 0x00, 0x00, 0x00, 0x00, 0x00, 0x00, 0x00, 0x00, 0x00, 0x00, 0x00, 0x00, 0x00, 0x00, 0x00, 0x00, 0x00, 0x00, 0x00, 0x00, 0x00, 0x00, 0x00,
  0x00, 0x00, 0x00, 0x00, 0x00, 0x00, 0x00, 0x00, 0x00, 0x00, 0x00, 0x00, 0x00, 0x00, 0x00, 0x00, 0x00, 0x00, 0x00, 0x00, 0x00, 0x00, 0x00, 0x00,
  0x00, 0x00, 0x00, 0x00, 0x00, 0x00, 0x00, 0x00, 0x00, 0x00, 0x00, 0x00, 0x00, 0x00, 0x00, 0x00, 0x00, 0x00, 0x00, 0x00, 0x00, 0x00, 0x00, 0x00,
  0x00, 0x00, 0x00, 0x00, 0x00, 0x00, 0x00, 0x00, 0x00, 0x00, 0x00, 0x00, 0x00, 0x00, 0x00, 0x00, 0x00, 0x00, 0x00, 0x00, 0x00, 0x00, 0x00, 0x00,
  0x00, 0x00, 0x00, 0x00, 0x00, 0x00, 0x00, 0x00, 0x00, 0x00, 0x00, 0x00, 0x00, 0x00, 0x00, 0x00, 0x00, 0x00, 0x00, 0x00, 0x00, 0x00, 0x00, 0x00,
  0xE4, 0xFF, 0xFF, 0xF9, 0xBE, 0x1A, 0x00, 0x0A, 0x93, 0xE9, 0xF8, 0xC8, 0x42, 0x00, 0xE4, 0xFF, 0xFF, 0xF9, 0xC0, 0x1C, 0x00, 0x00, 0x58, 0xD7,
  0xF7, 0xD6, 0x56, 0x00, 0xBC, 0xFF, 0xFF, 0xFF, 0xFF, 0xFF, 0x98, 0xF0, 0x10, 0x00, 0x00, 0x00, 0xEC, 0x14, 0x98, 0x7B, 0x00, 0x00, 0x00, 0x25,
  0xE0, 0x01, 0xA4, 0x6D, 0x00, 0x00, 0x60, 0xFC, 0x10, 0x00, 0x00, 0xB4, 0x50, 0x4D, 0xDC, 0x0A, 0x00, 0x00, 0x7E, 0xA7, 0x00, 0x8F, 0x96, 0x00,
  0x00, 0x00, 0x78, 0xA9, 0x50, 0xFF, 0xFF, 0xFF, 0xFF, 0xFF, 0x5C, 0xE4, 0xFF, 0x14, 0x60, 0x7B, 0x00, 0x00, 0x00, 0x48, 0xFF, 0xB0, 0x00, 0x00,
  0x35, 0xFB, 0x63, 0x00, 0x00, 0xA4, 0xFF, 0xFF, 0xFF, 0xFF, 0xFF, 0x6C, 0x12, 0x10, 0x00, 0x06, 0x9D, 0xF2, 0xEF, 0x96, 0x02, 0x00, 0xF8, 0x00,
  0x00, 0x00, 0x00, 0x00, 0x00, 0x51, 0xD6, 0xF4, 0xAD, 0x0C, 0x00, 0x00, 0x00, 0x00, 0x04, 0xF0, 0x00, 0x49, 0xD3, 0xF2, 0xB7, 0x1F, 0x00, 0x00,
  0x48, 0xF2, 0xA4, 0x00, 0x00, 0x00, 0x00, 0x76, 0xFF, 0x00, 0xF8, 0x00, 0x00, 0x00, 0x00, 0x08, 0xDA, 0x08, 0x08, 0xDA, 0x08, 0xF8, 0x00, 0x00,
  0x00, 0x00, 0x00, 0xF8, 0x00, 0xF8, 0x71, 0xF2, 0xCD, 0x2A, 0xB6, 0xF5, 0xB6, 0x0A, 0xF8, 0x67, 0xF3, 0xD7, 0x33, 0x00, 0x47, 0xD2, 0xF2, 0xB6,
  0x1E, 0x00, 0xF8, 0x6E, 0xF1, 0xDB, 0x50, 0x00, 0x00, 0x56, 0xDE, 0xEF, 0x68, 0xF0, 0xF8, 0x72, 0xF3, 0x34, 0x04, 0x9D, 0xF3, 0xE6, 0x59, 0x00,
  0x00, 0x88, 0x54, 0x00, 0x0C, 0xEC, 0x00, 0x00, 0x28, 0xCC, 0x9A, 0x5A, 0x00, 0x00, 0x6D, 0x80, 0x7D, 0x70, 0x00, 0x05, 0xF1, 0x33, 0x00, 0x32,
  0xB4, 0x4B, 0xCB, 0x05, 0x00, 0xA6, 0x67, 0x9A, 0x5B, 0x00, 0x00, 0x5C, 0x95, 0x80, 0xFF, 0xFF, 0xFF, 0xFF, 0x12, 0x00, 0x65, 0xF9, 0x64, 0x88,
  0x4C, 0x48, 0xFC, 0x7C, 0x00, 0x06, 0xC0, 0xEF, 0x97, 0x23, 0x48, 0x48, 0x9C, 0x84, 0x34, 0xFF, 0xFF, 0xFF, 0xFF, 0xFF, 0x64, 0x90, 0xFF, 0xFF,
  0xFF, 0xFF, 0xFF, 0xA0, 0x00, 0x00, 0x00, 0x00, 0x00, 0x00, 0x01, 0x00, 0x00, 0x00, 0x39, 0x7C, 0x00, 0x00, 0x00, 0x13, 0xA4, 0x00, 0x00, 0xF0,
  0x7C, 0x10, 0xFF, 0x18, 0xB0, 0x78, 0x00, 0x00, 0x2E, 0xBD, 0x00, 0x5E, 0x8E, 0x00, 0x00, 0x00, 0x00, 0xE0, 0x28, 0x00, 0x00, 0x01, 0xA0, 0xF4,
  0xD6, 0x2E, 0x00, 0x00, 0x62, 0xCD, 0x06, 0x00, 0x00, 0x07, 0xA3, 0xF1, 0xE2, 0x5D, 0x00, 0x00, 0x00, 0x10, 0xFF, 0x18, 0x00, 0x00, 0x8B, 0xB0,
  0x02, 0x01, 0xAC, 0x92, 0x00, 0x00, 0x00, 0x00, 0x77, 0x9E, 0x00, 0x00, 0x00, 0x00, 0x00, 0x5E, 0x12, 0x00, 0x00, 0x0A, 0xE7, 0x6A, 0x40, 0xFF,
  0xFF, 0xFF, 0x10, 0x0A, 0xE7, 0x6E, 0x00, 0x00, 0x00, 0xBF, 0x60, 0x00, 0x29, 0xCA, 0xF9, 0xDD, 0x54, 0x00, 0x00, 0x12, 0xC9, 0xFF, 0xBC, 0x00,
  0x00, 0x00, 0x53, 0xD5, 0xF7, 0xD5, 0x4D, 0x00, 0x01, 0x78, 0xDF, 0xF7, 0xD3, 0x51, 0x00, 0x00, 0x00, 0x00, 0x89, 0xFF, 0x98, 0x00, 0x00, 0xB1,
  0xFF, 0xFF, 0xFF, 0xFF, 0x18, 0x00, 0x00, 0x21, 0xD2, 0xB9, 0x15, 0x00, 0x40, 0xFF, 0xFF, 0xFF, 0xFF, 0xFF, 0x70, 0x00, 0x60, 0xD6, 0xF7, 0xE1,
  0x81, 0x01, 0x00, 0x43, 0xCA, 0xF4, 0xD3, 0x50, 0x00, 0x00, 0xD3, 0x8C, 0x00, 0xD3, 0x8C, 0x00, 0x00, 0x00, 0x1A, 0xA9, 0x0B, 0x34, 0xFF, 0xFF,
  0xFF, 0xFF, 0xFF, 0x64, 0x9F, 0x2F, 0x00, 0x00, 0x00, 0x00, 0x12, 0xAF, 0xF2, 0xEA, 0x8D, 0x02, 0x00, 0x00, 0x22, 0x9D, 0xE4, 0xFA, 0xE5, 0x9F,
  0x21, 0x00, 0x00, 0x00, 0x00, 0x00, 0x00, 0x00, 0xE4, 0x20, 0x00, 0x05, 0x90, 0x9A, 0x00, 0x9A, 0xB0, 0x25, 0x0E, 0x58, 0xEA, 0x1F, 0xE4, 0x20,
  0x00, 0x05, 0x90, 0x9C, 0x00, 0x19, 0xE9, 0x30, 0x06, 0x3A, 0xD0, 0x15, 0x00, 0x00, 0x14, 0xF0, 0x00, 0x00, 0x00, 0xF0, 0x10, 0x00, 0x00, 0x00,
  0xEC, 0x14, 0x3E, 0xD4, 0x00, 0x00, 0x00, 0x80, 0x88, 0x00, 0x62, 0xA9, 0x00, 0x00, 0xA7, 0xC4, 0x51, 0x00, 0x03, 0xED, 0x0F, 0x00, 0xA0, 0x90,
  0x00, 0x2F, 0xDF, 0x11, 0x00, 0x10, 0xE8, 0x29, 0x00, 0x15, 0xE7, 0x1E, 0x00, 0x00, 0x00, 0x00, 0x2E, 0xD8, 0x17, 0xD4, 0x00, 0x00, 0x18, 0xC2,
  0x00, 0x00, 0x00, 0x00, 0x24, 0xB0, 0x00, 0x00, 0xC2, 0x51, 0xD7, 0x0B, 0x00, 0x00, 0x00, 0x00, 0x00, 0x00, 0x00, 0x00, 0x77, 0x89, 0x00, 0x05,
  0x4E, 0x0E, 0x10, 0xBE, 0x46, 0x00, 0xF8, 0x00, 0x00, 0x00, 0x00, 0x00, 0x1E, 0xE2, 0x34, 0x0A, 0x91, 0x63, 0x00, 0x00, 0x00, 0x00, 0x04, 0xF0,
  0x1C, 0xC5, 0x24, 0x07, 0x53, 0xC1, 0x00, 0x00, 0x9E, 0x50, 0x00, 0x00, 0x62, 0xE3, 0xEC, 0xD5, 0x0F, 0x00, 0xF8, 0x00, 0x00, 0x00, 0x00, 0x00,
  0x00, 0x00, 0x00, 0x00, 0x00, 0xF8, 0x00, 0x00, 0x00, 0x00, 0x00, 0xF8, 0x00, 0xFA, 0x49, 0x09, 0x8E, 0xD8, 0x28, 0x10, 0xBE, 0x64, 0xFA, 0x47,
  0x09, 0x79, 0xBA, 0x1A, 0xDF, 0x35, 0x0A, 0x65, 0xC5, 0x00, 0xFA, 0x4F, 0x09, 0x41, 0xE8, 0x14, 0x1C, 0xE7, 0x3A, 0x09, 0x56, 0xF0, 0xFB, 0x4B,
  0x05, 0x00, 0x3F, 0xBE, 0x0B, 0x2C, 0x83, 0x00, 0x00, 0x9B, 0x54, 0x00, 0x0C, 0xEC, 0x00, 0x00, 0x28, 0xCC, 0x3D, 0xB7, 0x00, 0x00, 0xCC, 0x24,
  0x36, 0xB1, 0x00, 0x45, 0xD9, 0x82, 0x00, 0x74, 0x6E, 0x00, 0x8D, 0x86, 0x62, 0xA6, 0x00, 0x34, 0xC3, 0x00, 0x00, 0xC4, 0x32, 0x00, 0x00, 0x00,
  0x88, 0x88, 0x00, 0x00, 0x94, 0x40, 0x00, 0x88, 0x4C, 0x00, 0x24, 0xB0, 0x00, 0x1B, 0x73, 0x16, 0x7E, 0xE6, 0xDE, 0x1B, 0x9C, 0x84, 0x00, 0x00,
  0x00, 0x00, 0x00, 0x00, 0x00, 0x00, 0x00, 0x00, 0x00, 0x00, 0x00, 0x00, 0x00, 0x00, 0x00, 0x00, 0x00, 0x00, 0x9C, 0x48, 0x00, 0x00, 0x00, 0x9A,
  0x9E, 0x05, 0x23, 0xD3, 0x46, 0x00, 0x00, 0xF0, 0x7C, 0x10, 0xFF, 0x18, 0xB0, 0x78, 0x00, 0x00, 0x5F, 0x89, 0x00, 0x8F, 0x5C, 0x00, 0x00, 0x59,
  0xDA, 0xFF, 0xE6, 0x90, 0x07, 0x37, 0xF1, 0x18, 0x97, 0xA3, 0x00, 0x26, 0xE8, 0x25, 0x00, 0x00, 0x00, 0x65, 0xE1, 0x1C, 0x6A, 0xF4, 0x01, 0x00,
  0x00, 0x10, 0xFF, 0x18, 0x00, 0x3C, 0xEC, 0x0F, 0x00, 0x00, 0x0E, 0xEA, 0x42, 0x00, 0x42, 0x71, 0x80, 0x9F, 0x61, 0x5B, 0x00, 0x00, 0x00, 0xFC,
  0x30, 0x00, 0x00, 0x0E, 0xEC, 0x93, 0x00, 0x00, 0x00, 0x00, 0x00, 0x0B, 0xE0, 0x6A, 0x00, 0x00, 0x10, 0xF9, 0x16, 0x04, 0xE1, 0x8E, 0x0F, 0x65,
  0xFA, 0x1B, 0x18, 0xD3, 0xC5, 0xA3, 0xBC, 0x00, 0x00, 0x1F, 0xFC, 0x61, 0x0A, 0x89, 0xF6, 0x11, 0x15, 0xC6, 0x39, 0x10, 0x92, 0xF8, 0x07, 0x00,
  0x00, 0x3C, 0xEA, 0xCB, 0x98, 0x00, 0x00, 0xC3, 0x56, 0x00, 0x00, 0x00, 0x00, 0x00, 0x16, 0xDE, 0x9E, 0x02, 0x00, 0x00, 0x40, 0xEC, 0x00, 0x00,
  0x22, 0xFD, 0x3F, 0x11, 0xFE, 0x67, 0x06, 0x39, 0xFE, 0x41, 0x1A, 0xF5, 0x6C, 0x09, 0x49, 0xF8, 0x28, 0x00, 0xCD, 0x87, 0x00, 0xCD, 0x87, 0x00,
  0x03, 0x6D, 0xF1, 0xA7, 0x04, 0x00, 0x00, 0x00, 0x00, 0x00, 0x00, 0x00, 0x7D, 0xF5, 0x8D, 0x0C, 0x00, 0x00, 0x91, 0xCA, 0x14, 0x36, 0xFC, 0x55,
  0x00, 0x30, 0xE7, 0x80, 0x29, 0x09, 0x25, 0x7F, 0xE5, 0x27, 0x00, 0x00, 0x00, 0x00, 0x00, 0x00, 0xE4, 0x20, 0x00, 0x00, 0x49, 0xC2, 0x12, 0xED,
  0x0A, 0x00, 0x00, 0x00, 0x7D, 0x8E, 0xE4, 0x20, 0x00, 0x00, 0x49, 0xC3, 0x00, 0x2E, 0xDE, 0x0B, 0x00, 0x00, 0x00, 0x00, 0x00, 0x00, 0x14, 0xF0,
  0x00, 0x00, 0x00, 0xF0, 0x10, 0x00, 0x00, 0x00, 0xEC, 0x14, 0x01, 0xE2, 0x2D, 0x00, 0x00, 0xD9, 0x2E, 0x00, 0x20, 0xE5, 0x00, 0x02, 0xD7, 0x51,
  0x95, 0x00, 0x34, 0xC6, 0x00, 0x00, 0x0F, 0xE0, 0x3F, 0xCF, 0x46, 0x00, 0x00, 0x00, 0x6B, 0xB4, 0x00, 0x96, 0x7F, 0x00, 0x00, 0x00, 0x00, 0x13,
  0xD6, 0x33, 0x00, 0xD4, 0x00, 0x00, 0x00, 0xCB, 0x10, 0x00, 0x00, 0x00, 0x24, 0xB0, 0x00, 0x52, 0xA8, 0x00, 0x75, 0x81, 0x00, 0x00, 0x00, 0x00,
  0x00, 0x00, 0x00, 0x00, 0x04, 0xB3, 0x06, 0x07, 0xA0, 0xED, 0xFF, 0xFF, 0x5C, 0x00, 0xF8, 0x00, 0x00, 0x00, 0x00, 0x00, 0x5D, 0x9F, 0x00, 0x00,
  0x00, 0x00, 0x00, 0x00, 0x00, 0x00, 0x04, 0xF0, 0x5C, 0xFF, 0xFF, 0xFF, 0xFF, 0xFB, 0x03, 0x00, 0xA4, 0x50, 0x00, 0x0E, 0xEE, 0x2C, 0x14, 0xAA,
  0x70, 0x00, 0xF8, 0x00, 0x00, 0x00, 0x00, 0x00, 0x00, 0x00, 0x00, 0x00, 0x00, 0xF8, 0x00, 0x00, 0x00, 0x00, 0x00, 0xF8, 0x00, 0xF8, 0x00, 0x00,
  0x3C, 0xC0, 0x00, 0x00, 0x74, 0x82, 0xF8, 0x00, 0x00, 0x21, 0xDA, 0x5B, 0xA0, 0x00, 0x00, 0x00, 0xE8, 0x12, 0xF8, 0x00, 0x00, 0x00, 0xB3, 0x4A,
  0x56, 0xA7, 0x00, 0x00, 0x04, 0xF0, 0xF8, 0x00, 0x00, 0x00, 0x1E, 0xE9, 0xA3, 0x74, 0x1E, 0x00, 0xA8, 0xFF, 0xFF, 0xB0, 0x0C, 0xEC, 0x00, 0x00,
  0x28, 0xCC, 0x01, 0xDC, 0x18, 0x2C, 0xC5, 0x00, 0x02, 0xDD, 0x02, 0x91, 0x4F, 0xCD, 0x00, 0xB6, 0x28, 0x00, 0x05, 0xC7, 0xD1, 0x0C, 0x00, 0x00,
  0xCD, 0x2B, 0x2B, 0xCE, 0x00, 0x00, 0x00, 0x66, 0xA8, 0x01, 0x00, 0x00, 0x94, 0x40, 0x00, 0x88, 0x4C, 0x00, 0x24, 0xB0, 0x00, 0x00, 0x00, 0x00,
  0x00, 0x00, 0x00, 0x00, 0x00, 0x00, 0x00, 0x00, 0x00, 0x00, 0x00, 0x00, 0x00, 0x00, 0x00, 0x00, 0x00, 0x00, 0x00, 0x00, 0x00, 0x00, 0x00, 0x00,
  0x00, 0x00, 0x12, 0xC0, 0x41, 0x00, 0x00, 0x0A, 0xEC, 0x36, 0x8E, 0x9B, 0x00, 0x00, 0x00, 0xDF, 0x6A, 0x10, 0xFF, 0x18, 0xB0, 0x78, 0x04, 0xFF,
  0xFF, 0xFF, 0xFF, 0xFF, 0xFF, 0xA8, 0x1A, 0xFC, 0x52, 0xC9, 0x3D, 0xAE, 0x29, 0x38, 0xF1, 0x18, 0x97, 0xA3, 0x06, 0xCE, 0x5F, 0x00, 0x00, 0x00,
  0x00, 0x58, 0xEF, 0x19, 0x91, 0xC4, 0x00, 0x00, 0x00, 0x10, 0xFF, 0x18, 0x00, 0xB3, 0x7F, 0x00, 0x00, 0x00, 0x00, 0x7B, 0xB7, 0x00, 0x38, 0xA1,
  0xF3, 0xFB, 0xAC, 0x4E, 0x00, 0x00, 0x00, 0xFC, 0x30, 0x00, 0x00, 0x00, 0xB2, 0x57, 0x00, 0x00, 0x00, 0x00, 0x00, 0x00, 0x00, 0x00, 0x00, 0x00,
  0x5A, 0xC6, 0x00, 0x44, 0xFF, 0x15, 0x00, 0x00, 0xE5, 0x74, 0x20, 0xB6, 0x0F, 0x98, 0xBC, 0x00, 0x00, 0x00, 0x25, 0x00, 0x00, 0x3C, 0xFF, 0x2E,
  0x00, 0x00, 0x00, 0x0A, 0x94, 0xDA, 0x01, 0x00, 0x0C, 0xDD, 0x54, 0xB0, 0x98, 0x00, 0x00, 0xD5, 0x43, 0x00, 0x00, 0x00, 0x00, 0x00, 0xA3, 0xCA,
  0x03, 0x00, 0x00, 0x00, 0x40, 0xEC, 0x00, 0x00, 0x8F, 0xD2, 0x00, 0x07, 0xE3, 0x67, 0x05, 0x38, 0xF4, 0x24, 0x4F, 0xFF, 0x0F, 0x00, 0x00, 0xE7,
  0x70, 0x00, 0x00, 0x00, 0x00, 0x00, 0x00, 0x34, 0xCD, 0xD1, 0x3E, 0x00, 0x00, 0x34, 0xFF, 0xFF, 0xFF, 0xFF, 0xFF, 0x64, 0x00, 0x26, 0xB8, 0xE3,
  0x52, 0x00, 0x02, 0x14, 0x00, 0x2C, 0xFD, 0x50, 0x00, 0xCB, 0x51, 0x3A, 0xDF, 0xDE, 0xA1, 0x63, 0x5D, 0xAE, 0x00, 0x00, 0x00, 0x00, 0x00, 0x00,
  0xE4, 0x20, 0x00, 0x05, 0x90, 0x9A, 0x39, 0xCB, 0x00, 0x00, 0x00, 0x00, 0x4B, 0xB9, 0xE4, 0x20, 0x00, 0x05, 0x90, 0x9A, 0x00, 0x01, 0xA0, 0xEE,
  0xAF, 0x6D, 0x11, 0x00, 0x00, 0x00, 0x14, 0xF0, 0x00, 0x00, 0x00, 0xF0, 0x10, 0x00, 0x00, 0x00, 0xEC, 0x14, 0x00, 0x8B, 0x87, 0x00, 0x33, 0xD4,
  0x00, 0x00, 0x00, 0xDF, 0x21, 0x36, 0xA8, 0x0F, 0xD5, 0x00, 0x73, 0x81, 0x00, 0x00, 0x00, 0x45, 0xF8, 0x96, 0x00, 0x00, 0x00, 0x00, 0x03, 0xD4,
  0x6D, 0xDD, 0x09, 0x00, 0x00, 0x00, 0x04, 0xBD, 0x5B, 0x00, 0x00, 0xD4, 0x00, 0x00, 0x00, 0x87, 0x55, 0x00, 0x00, 0x00, 0x24, 0xB0, 0x05, 0xD2,
  0x1F, 0x00, 0x06, 0xD1, 0x1B, 0x00, 0x00, 0x00, 0x00, 0x00, 0x00, 0x00, 0x00, 0x00, 0x00, 0x5F, 0xB8, 0x12, 0x00, 0x9C, 0x5C, 0x00, 0xF8, 0x6E,
  0xF1, 0xDB, 0x50, 0x00, 0x5D, 0x9F, 0x00, 0x00, 0x00, 0x01, 0x00, 0x56, 0xDE, 0xEF, 0x68, 0xF0, 0x5D, 0xA0, 0x00, 0x00, 0x00, 0x00, 0x00, 0xA8,
  0xFF, 0xFF, 0xA4, 0x0E, 0xEA, 0x2C, 0x13, 0xA9, 0x67, 0x00, 0xF8, 0x67, 0xF3, 0xD7, 0x33, 0x00, 0xF8, 0x00, 0x00, 0xF8, 0x00, 0xF8, 0x00, 0x07,
  0xB7, 0x68, 0x00, 0xF8, 0x00, 0xF8, 0x00, 0x00, 0x38, 0xC0, 0x00, 0x00, 0x70, 0x84, 0xF8, 0x00, 0x00, 0x1C, 0xDC, 0x5B, 0xA0, 0x00, 0x00, 0x00,
  0xE8, 0x12, 0xF8, 0x00, 0x00, 0x00, 0xB3, 0x49, 0x57, 0xA7, 0x00, 0x00, 0x04, 0xF0, 0xF8, 0x00, 0x00, 0x00, 0x00, 0x1E, 0x6C, 0x9A, 0xEA, 0x0C,
  0x00, 0xA0, 0x54, 0x00, 0x0B, 0xF0, 0x00, 0x00, 0x28, 0xCC, 0x00, 0x84, 0x6D, 0x86, 0x68, 0x00, 0x00, 0xA9, 0x32, 0xCA, 0x04, 0xBF, 0x20, 0xD3,
  0x00, 0x00, 0x08, 0xC9, 0xD9, 0x19, 0x00, 0x00, 0x68, 0x91, 0x93, 0x6B, 0x00, 0x00, 0x49, 0xBF, 0x07, 0x00, 0x00, 0x11, 0xBD, 0x3D, 0x00, 0x88,
  0x4C, 0x00, 0x21, 0xD3, 0x18, 0x00, 0x00, 0x00, 0x00, 0x00, 0x00, 0x00, 0x00, 0x00, 0x00, 0x00, 0x00, 0x00, 0x00, 0x00, 0x00, 0x00, 0x00, 0x00,
  0x00, 0x00, 0x00, 0x00, 0x58, 0xFF, 0xFF, 0xFF, 0xFF, 0xFF, 0xFC, 0xE8, 0xE8, 0x09, 0x03, 0xAD, 0x87, 0x01, 0x17, 0xC8, 0x58, 0x00, 0x00, 0xBB,
  0x49, 0x09, 0x98, 0x0E, 0x68, 0x47, 0x00, 0x00, 0xB7, 0x34, 0x00, 0xE0, 0x08, 0x00, 0x2A, 0xFF, 0x2A, 0xC8, 0x14, 0x00, 0x00, 0x01, 0xA3, 0xF5,
  0xD8, 0x30, 0x90, 0xA6, 0x00, 0x00, 0x00, 0x00, 0x00, 0x02, 0xCF, 0xF6, 0xB2, 0x12, 0x00, 0x00, 0x00, 0x09, 0x98, 0x0E, 0x09, 0xF7, 0x31, 0x00,
  0x00, 0x00, 0x00, 0x2A, 0xF8, 0x0B, 0x00, 0x3A, 0xE5, 0xD6, 0x5B, 0x00, 0x34, 0xFF, 0xFF, 0xFF, 0xFF, 0xFF, 0x64, 0x35, 0xBF, 0x01, 0x00, 0x00,
  0x00, 0x00, 0x00, 0x00, 0x00, 0x00, 0x00, 0x00, 0xA7, 0x79, 0x00, 0x63, 0xFF, 0x00, 0x00, 0x00, 0xCD, 0x95, 0x00, 0x00, 0x00, 0x98, 0xBC, 0x00,
  0x00, 0x00, 0x00, 0x00, 0x00, 0x93, 0xDE, 0x05, 0x00, 0x00, 0xB4, 0xFF, 0xE1, 0x2B, 0x00, 0x00, 0x9B, 0xA1, 0x00, 0xB0, 0x98, 0x00, 0x00, 0xE7,
  0x88, 0xEA, 0xE9, 0x83, 0x00, 0x1A, 0xFD, 0x9F, 0xE4, 0xED, 0x90, 0x01, 0x00, 0x00, 0x00, 0x0D, 0xF1, 0x65, 0x00, 0x00, 0x3C, 0xF0, 0xFF, 0xFD,
  0x58, 0x00, 0x29, 0xFE, 0x6C, 0x08, 0x48, 0xFB, 0x7E, 0x00, 0x00, 0x00, 0x00, 0x00, 0x00, 0xD7, 0xC7, 0x08, 0x00, 0x00, 0x00, 0x00, 0x00, 0x00,
  0x00, 0x00, 0x00, 0x00, 0x00, 0x00, 0x00, 0x9F, 0xFF, 0x0B, 0x00, 0x00, 0xCF, 0xEB, 0x83, 0x00, 0x20, 0xCE, 0x00, 0xC7, 0x73, 0x13, 0xC1, 0x70,
  0x02, 0xE8, 0x00, 0x00, 0x00, 0x00, 0x00, 0x00, 0xE4, 0xFF, 0xFF, 0xF9, 0xBF, 0x1A, 0x3B, 0xCB, 0x00, 0x00, 0x00, 0x00, 0x4B, 0xBB, 0xE4, 0xFF,
  0xFF, 0xFF, 0xBB, 0x17, 0x00, 0x00, 0x00, 0x27, 0x6A, 0xB0, 0xE2, 0x11, 0x00, 0x00, 0x14, 0xF0, 0x00, 0x00, 0x00, 0xEE, 0x10, 0x00, 0x00, 0x00,
  0xEC, 0x12, 0x00, 0x32, 0xDA, 0x00, 0x89, 0x7A, 0x00, 0x00, 0x00, 0x9E, 0x5D, 0x7B, 0x61, 0x00, 0xC6, 0x1D, 0xB2, 0x3C, 0x00, 0x00, 0x00, 0x5A,
  0xE8, 0xB7, 0x00, 0x00, 0x00, 0x00, 0x00, 0x46, 0xFF, 0x56, 0x00, 0x00, 0x00, 0x00, 0x91, 0x8B, 0x00, 0x00, 0x00, 0xD4, 0x00, 0x00, 0x00, 0x3F,
  0x9D, 0x00, 0x00, 0x00, 0x24, 0xB0, 0x2B, 0x70, 0x00, 0x00, 0x00, 0x4B, 0x4D, 0x00, 0x00, 0x00, 0x00, 0x00, 0x00, 0x00, 0x00, 0x00, 0x00, 0x5F,
  0xB6, 0x13, 0x23, 0xCB, 0x5C, 0x00, 0xFA, 0x4F, 0x09, 0x41, 0xE8, 0x14, 0x1F, 0xE3, 0x32, 0x09, 0x7A, 0x7A, 0x1C, 0xE7, 0x3A, 0x09, 0x56, 0xF0,
  0x1D, 0xE9, 0x3E, 0x0D, 0x66, 0x87, 0x00, 0x00, 0xA4, 0x50, 0x00, 0x00, 0x5A, 0xFA, 0xF3, 0xA5, 0x07, 0x00, 0xFA, 0x47, 0x09, 0x79, 0xBA, 0x00,
  0xF8, 0x00, 0x00, 0xF8, 0x00, 0xF8, 0x05, 0xB1, 0x70, 0x00, 0x00, 0xF8, 0x00, 0xF8, 0x00, 0x00, 0x38, 0xC0, 0x00, 0x00, 0x70, 0x84, 0xF8, 0x00,
  0x00, 0x1C, 0xDC, 0x1B, 0xDF, 0x33, 0x09, 0x62, 0xC7, 0x00, 0xFB, 0x4C, 0x07, 0x3E, 0xE8, 0x15, 0x1D, 0xE7, 0x38, 0x07, 0x54, 0xF0, 0xF8, 0x00,
  0x00, 0x00, 0x46, 0x97, 0x19, 0x15, 0xDF, 0x19, 0x00, 0xA0, 0x54, 0x00, 0x00, 0xEB, 0x4C, 0x08, 0x72, 0xCC, 0x00, 0x27, 0xC2, 0xD4, 0x12, 0x00,
  0x00, 0x62, 0x96, 0xA5, 0x00, 0x72, 0x98, 0x9C, 0x00, 0x00, 0x9C, 0x6E, 0x53, 0xBC, 0x01, 0x00, 0x0D, 0xDC, 0xE6, 0x10, 0x00, 0x31, 0xCC, 0x12,
  0x00, 0x00, 0x00, 0xBC, 0xD1, 0x0C, 0x00, 0x88, 0x4C, 0x00, 0x03, 0xBD, 0xDC, 0x00, 0x00, 0x00, 0x00, 0x00, 0x00, 0x00, 0x00, 0x00, 0x00, 0x00,
  0x00, 0x00, 0x00, 0x00, 0x00, 0x00, 0x00, 0x00, 0x00, 0x00, 0x00, 0x00, 0x00, 0x00, 0x00, 0x00, 0x00, 0x00, 0x12, 0xC0, 0x42, 0x00, 0x37, 0x65,
  0x00, 0x00, 0x00, 0x0A, 0x92, 0x00, 0x00, 0x96, 0x28, 0x00, 0x00, 0x00, 0x00, 0x00, 0x00, 0x00, 0xDF, 0x09, 0x11, 0xD9, 0x00, 0x00, 0x00, 0x9C,
  0xF5, 0xF4, 0x7A, 0x1A, 0x00, 0x00, 0x00, 0x00, 0x00, 0x4A, 0xDD, 0x13, 0xAB, 0xF5, 0xD1, 0x25, 0x00, 0xA0, 0xCC, 0xBB, 0xCA, 0x10, 0xDE, 0xFF,
  0x00, 0x00, 0x00, 0x00, 0x29, 0xFF, 0x0A, 0x00, 0x00, 0x00, 0x00, 0x05, 0xFD, 0x2E, 0x00, 0xA7, 0x57, 0x34, 0xC7, 0x02, 0x00, 0x00, 0x00, 0xFC,
  0x30, 0x00, 0x00, 0x00, 0x00, 0x00, 0x00, 0x00, 0x00, 0x00, 0x00, 0x00, 0x00, 0x00, 0x00, 0x04, 0xEF, 0x2C, 0x00, 0x64, 0xFF, 0x00, 0x00, 0x00,
  0xCD, 0x95, 0x00, 0x00, 0x00, 0x98, 0xBC, 0x00, 0x00, 0x00, 0x00, 0x00, 0x70, 0xEC, 0x30, 0x00, 0x00, 0x00, 0x00, 0x0B, 0x8E, 0xE1, 0x09, 0x4B,
  0xDF, 0x0E, 0x00, 0xB0, 0x98, 0x00, 0x00, 0x7F, 0x5A, 0x0C, 0x51, 0xFF, 0x4F, 0x4A, 0xFF, 0x74, 0x09, 0x41, 0xFA, 0x59, 0x00, 0x00, 0x00, 0x6E,
  0xEE, 0x0A, 0x00, 0x20, 0xF4, 0x68, 0x09, 0x40, 0xF7, 0x46, 0x00, 0x6A, 0xE7, 0xF1, 0x96, 0xFD, 0x49, 0x00, 0x00, 0x00, 0x00, 0x00, 0x00, 0x35,
  0xCD, 0xD3, 0x40, 0x00, 0x00, 0x00, 0x00, 0x00, 0x00, 0x00, 0x00, 0x00, 0x00, 0x27, 0xBA, 0xE3, 0x53, 0x00, 0x00, 0x00, 0xF4, 0x48, 0x00, 0x00,
  0x3A, 0xB1, 0x00, 0xEB, 0x38, 0x00, 0x9C, 0x70, 0x00, 0xEA, 0x00, 0x00, 0x00, 0x00, 0x00, 0x00, 0xE4, 0x20, 0x00, 0x00, 0x00, 0x00, 0x15, 0xED,
  0x09, 0x00, 0x00, 0x00, 0x7D, 0x92, 0xE4, 0x20, 0x00, 0x9F, 0x7C, 0x00, 0x00, 0x00, 0x09, 0x00, 0x00, 0x00, 0xB7, 0x4B, 0x00, 0x00, 0x14, 0xF0,
  0x00, 0x00, 0x00, 0xDC, 0x28, 0x00, 0x00, 0x08, 0xF6, 0x01, 0x00, 0x00, 0xD8, 0x2A, 0xD7, 0x21, 0x00, 0x00, 0x00, 0x5C, 0x99, 0xBD, 0x19, 0x00,
  0x81, 0x62, 0xE1, 0x05, 0x00, 0x00, 0x19, 0xE1, 0x22, 0xC5, 0x63, 0x00, 0x00, 0x00, 0x00, 0x00, 0xF8, 0x0C, 0x00, 0x00, 0x00, 0x60, 0xB8, 0x03,
  0x00, 0x00, 0x00, 0xD4, 0x00, 0x00, 0x00, 0x04, 0xD6, 0x00, 0x00, 0x00, 0x24, 0xB0, 0x00, 0x00, 0x00, 0x00, 0x00, 0x00, 0x00, 0x00, 0x00, 0x00,
  0x00, 0x00, 0x00, 0x00, 0x00, 0x00, 0x00, 0x08, 0xB2, 0xF6, 0xC2, 0x4F, 0xF9, 0x10, 0xF8, 0x00, 0x00, 0x00, 0xB3, 0x4A, 0x00, 0x53, 0xD9, 0xF5,
  0xB1, 0x10, 0x56, 0xA7, 0x00, 0x00, 0x04, 0xF0, 0x00, 0x4D, 0xD7, 0xF6, 0xBE, 0x21, 0x00, 0x00, 0xA4, 0x50, 0x00, 0x02, 0xD7, 0x12, 0x00, 0x00,
  0x00, 0x00, 0xF8, 0x00, 0x00, 0x21, 0xDA, 0x00, 0xF8, 0x00, 0x00, 0xF8, 0x00, 0xF8, 0xA4, 0xCB, 0x00, 0x00, 0x00, 0xF8, 0x00, 0xF8, 0x00, 0x00,
  0x38, 0xC0, 0x00, 0x00, 0x70, 0x84, 0xF8, 0x00, 0x00, 0x1C, 0xDC, 0x00, 0x4A, 0xD5, 0xF3, 0xBA, 0x21, 0x00, 0xF8, 0x68, 0xF0, 0xDE, 0x51, 0x00,
  0x00, 0x57, 0xE0, 0xEE, 0x64, 0xF0, 0xF8, 0x00, 0x00, 0x00, 0x03, 0x93, 0xF2, 0xEA, 0x79, 0x00, 0x00, 0xA0, 0x54, 0x00, 0x00, 0x55, 0xE6, 0xE9,
  0x72, 0xCC, 0x00, 0x00, 0xCA, 0xAE, 0x00, 0x00, 0x00, 0x1C, 0xFB, 0x57, 0x00, 0x23, 0xFB, 0x56, 0x00, 0x5E, 0xAF, 0x00, 0x00, 0xA4, 0x77, 0x00,
  0x00, 0x9F, 0xA4, 0x00, 0x00, 0x9B, 0xFF, 0xFF, 0xFF, 0xFF, 0x2C, 0xBC, 0x1C, 0x00, 0x00, 0x88, 0x4C, 0x00, 0x00, 0x00, 0xDC, 0x00, 0x00, 0x00,
  0x00, 0x00, 0x00, 0x00, 0x00, 0x00, 0x00, 0x00, 0x00, 0x00, 0x00, 0x00, 0x00, 0x00, 0x00, 0x00, 0x00, 0x00, 0x00, 0x00, 0x00, 0x00, 0x00, 0x00,
  0x00, 0x00, 0x9C, 0x49, 0x00, 0x00, 0x00, 0x00, 0x00, 0x00, 0x00, 0x00, 0x00, 0x00, 0x00, 0x00, 0x00, 0x00, 0x00, 0x00, 0x00, 0x00, 0x84, 0xFF,
  0xFF, 0xFF, 0xFF, 0xFF, 0xFF, 0x28, 0x00, 0x00, 0x25, 0xDA, 0xB8, 0xF3, 0x33, 0x00, 0x00, 0x00, 0x19, 0xE5, 0x38, 0x47, 0xE6, 0x15, 0xA5, 0x93,
  0x2B, 0xFF, 0x25, 0x07, 0xB6, 0xD8, 0xED, 0x0A, 0x00, 0x00, 0x00, 0x00, 0x3A, 0xFC, 0x00, 0x00, 0x00, 0x00, 0x00, 0x00, 0xF4, 0x41, 0x00, 0x01,
  0x00, 0x00, 0x01, 0x00, 0x00, 0x00, 0x00, 0xFC, 0x30, 0x00, 0x00, 0x00, 0x00, 0x00, 0x00, 0x00, 0x00, 0x00, 0x00, 0x00, 0x00, 0x00, 0x00, 0x42,
  0xDF, 0x00, 0x00, 0x45, 0xFF, 0x15, 0x00, 0x00, 0xE4, 0x74, 0x00, 0x00, 0x00, 0x98, 0xBC, 0x00, 0x00, 0x00, 0x03, 0x93, 0xDA, 0x24, 0x00, 0x00,
  0x00, 0x04, 0x00, 0x00, 0x31, 0xFF, 0x2F, 0x94, 0xFF, 0xFF, 0xFF, 0xFF, 0xFF, 0xBC, 0x00, 0x01, 0x00, 0x00, 0x00, 0xEC, 0x7A, 0x3D, 0xFF, 0x1B,
  0x00, 0x00, 0xDB, 0x82, 0x00, 0x00, 0x02, 0xDB, 0x8B, 0x00, 0x00, 0x5D, 0xFF, 0x0A, 0x00, 0x00, 0xD6, 0x8C, 0x00, 0x00, 0x00, 0x00, 0x98, 0xD1,
  0x01, 0x00, 0xD3, 0x8C, 0x00, 0xD2, 0x89, 0x00, 0x03, 0x6E, 0xF1, 0xA7, 0x04, 0x00, 0x00, 0x00, 0x00, 0x00, 0x00, 0x00, 0x7D, 0xF6, 0x8E, 0x0C,
  0x00, 0x00, 0x00, 0x00, 0x00, 0x00, 0x00, 0x00, 0x25, 0xC9, 0x00, 0xC7, 0x73, 0x13, 0xC0, 0x86, 0x3E, 0xC6, 0x00, 0x00, 0x00, 0x00, 0x00, 0x00,
  0xE4, 0x20, 0x00, 0x00, 0x00, 0x00, 0x00, 0xA1, 0xAD, 0x21, 0x0C, 0x54, 0xEB, 0x25, 0xE4, 0x20, 0x00, 0x15, 0xE5, 0x23, 0x00, 0x37, 0xD2, 0x34,
  0x06, 0x34, 0xE4, 0x23, 0x00, 0x00, 0x14, 0xF0, 0x00, 0x00, 0x00, 0x9F, 0xA6, 0x16, 0x10, 0x8B, 0xB9, 0x00, 0x00, 0x00, 0x7F, 0xA2, 0xC6, 0x00,
  0x00, 0x00, 0x00, 0x1B, 0xDD, 0xC8, 0x00, 0x00, 0x3A, 0xD2, 0xB2, 0x00, 0x00, 0x00, 0xB3, 0x6B, 0x00, 0x28, 0xE9, 0x1D, 0x00, 0x00, 0x00, 0x00,
  0xF8, 0x0C, 0x00, 0x00, 0x36, 0xD3, 0x10, 0x00, 0x00, 0x00, 0x00, 0xD4, 0x00, 0x00, 0x00, 0x00, 0xAE, 0x2E, 0x00, 0x00, 0x24, 0xB0, 0x00, 0x00,
  0x00, 0x00, 0x00, 0x00, 0x00, 0x00, 0x00, 0x00, 0x00, 0x00, 0x00, 0x00, 0x00, 0x00, 0x00, 0x00, 0x00, 0x00, 0x00, 0x00, 0x00, 0x00, 0xF8, 0x00,
  0x00, 0x00, 0xB3, 0x49, 0x00, 0x00, 0x00, 0x00, 0x00, 0x00, 0x57, 0xA7, 0x00, 0x00, 0x04, 0xF0, 0x00, 0x00, 0x00, 0x00, 0x00, 0x00, 0x00, 0x00,
  0xA4, 0x50, 0x00, 0x00, 0xC5, 0xFF, 0xFF, 0xF4, 0xAF, 0x07, 0xF8, 0x00, 0x00, 0x1C, 0xDC, 0x00, 0xF8, 0x00, 0x00, 0xF8, 0x00, 0xFB, 0x5F, 0xB7,
  0x60, 0x00, 0x00, 0xF8, 0x00, 0x00, 0x00, 0x00, 0x00, 0x00, 0x00, 0x00, 0x00, 0x00, 0x00, 0x00, 0x00, 0x00, 0x00, 0x00, 0x00, 0x00, 0x00, 0x00,
  0x00, 0x00, 0xF8, 0x00, 0x00, 0x00, 0x00, 0x00, 0x00, 0x00, 0x00, 0x00, 0x04, 0xF0, 0x00, 0x00, 0x00, 0x00, 0x00, 0x00, 0x00, 0x00, 0x00, 0x00,
  0x00, 0xA0, 0x54, 0x00, 0x00, 0x00, 0x00, 0x00, 0x00, 0x00, 0x00, 0x00, 0x00, 0x00, 0x00, 0x00, 0x00, 0x00, 0x00, 0x00, 0x00, 0x00, 0x00, 0x00,
  0x00, 0x00, 0x00, 0x00, 0x00, 0x00, 0x00, 0x00, 0x00, 0xC1, 0x40, 0x00, 0x00, 0x00, 0x00, 0x00, 0x00, 0x00, 0x00, 0xBC, 0xD1, 0x0B, 0x00, 0x88,
  0x4C, 0x00, 0x02, 0xBD, 0xDC, 0x00, 0x00, 0x00, 0x00, 0x00, 0x00, 0x00, 0x00, 0x00, 0x00, 0x00, 0x00, 0x00, 0x00, 0x00, 0x00, 0x00, 0x00, 0x00,
  0x00, 0x00, 0x00, 0x00, 0x00, 0x00, 0x00, 0x00, 0x00, 0x00, 0x01, 0x00, 0x00, 0x00, 0x00, 0x00, 0x00, 0x00, 0x00, 0x00, 0x00, 0x00, 0x06, 0xDD,
  0x7D, 0x00, 0x00, 0x00, 0x00, 0x00, 0x00, 0x3B, 0xB2, 0x00, 0x6A, 0x81, 0x00, 0x00, 0x00, 0x02, 0x00, 0xC8, 0x14, 0xC2, 0x87, 0x00, 0x00, 0x01,
  0xBB, 0x79, 0x00, 0x48, 0xE6, 0x15, 0xA5, 0x93, 0x1C, 0xFC, 0x6C, 0x09, 0x40, 0xFA, 0xDB, 0x10, 0x00, 0x00, 0x00, 0x00, 0x29, 0xFF, 0x0A, 0x00,
  0x00, 0x00, 0x00, 0x05, 0xFD, 0x2E, 0x00, 0x00, 0x00, 0x00, 0x00, 0x00, 0x00, 0x00, 0x00, 0x5E, 0x12, 0x00, 0x00, 0x00, 0x00, 0x00, 0x00, 0x00,
  0x00, 0x00, 0x00, 0x00, 0x00, 0x00, 0x00, 0x90, 0x92, 0x00, 0x00, 0x05, 0xE3, 0x8C, 0x0D, 0x61, 0xFA, 0x1C, 0x00, 0x00, 0x00, 0x98, 0xBC, 0x00,
  0x00, 0x0B, 0xB8, 0xC4, 0x13, 0x00, 0x00, 0x00, 0x50, 0xCF, 0x28, 0x0B, 0x91, 0xEE, 0x0B, 0x00, 0x00, 0x00, 0x00, 0xB0, 0x98, 0x00, 0x0D, 0xD0,
  0x53, 0x08, 0x4E, 0xFE, 0x3C, 0x0A, 0xE5, 0x77, 0x09, 0x40, 0xFA, 0x41, 0x00, 0x00, 0x4D, 0xFD, 0x21, 0x00, 0x00, 0x2B, 0xFC, 0x68, 0x08, 0x40,
  0xF9, 0x58, 0x00, 0x00, 0x00, 0x6E, 0xF4, 0x33, 0x00, 0x00, 0xCD, 0x87, 0x00, 0xDA, 0xB3, 0x00, 0x00, 0x00, 0x1A, 0xAA, 0x0B, 0x00, 0x00, 0x00,
  0x00, 0x00, 0x00, 0x00, 0x9F, 0x2F, 0x00, 0x00, 0x00, 0x00, 0x00, 0x16, 0xE5, 0x5C, 0x00, 0x00, 0x00, 0xCD, 0x44, 0x3B, 0xDF, 0xE1, 0x52, 0xEC,
  0xDA, 0x36, 0x00, 0x00, 0x00, 0x00, 0x00, 0x00, 0xE4, 0x20, 0x00, 0x00, 0x00, 0x00, 0x00, 0x08, 0x92, 0xE7, 0xFD, 0xC2, 0x3B, 0x00, 0xE4, 0x20,
  0x00, 0x00, 0x69, 0xB8, 0x00, 0x00, 0x56, 0xD9, 0xF7, 0xD5, 0x57, 0x00, 0x00, 0x00, 0x14, 0xF0, 0x00, 0x00, 0x00, 0x18, 0xB1, 0xF5, 0xF7, 0xB9,
  0x21, 0x00, 0x00, 0x00, 0x25, 0xFF, 0x6C, 0x00, 0x00, 0x00, 0x00, 0x00, 0xD9, 0x88, 0x00, 0x00, 0x03, 0xEF, 0x6E, 0x00, 0x00, 0x61, 0xC2, 0x01,
  0x00, 0x00, 0x78, 0xB9, 0x00, 0x00, 0x00, 0x00, 0xF8, 0x0C, 0x00, 0x00, 0x90, 0xFF, 0xFF, 0xFF, 0xFF, 0xFF, 0x88, 0xD4, 0x00, 0x00, 0x00, 0x00,
  0x66, 0x76, 0x00, 0x00, 0x24, 0xB0, 0x00, 0x00, 0x00, 0x00, 0x00, 0x00, 0x00, 0x00, 0x00, 0x00, 0x00, 0x00, 0x00, 0x00, 0x00, 0x00, 0x00, 0x00,
  0x00, 0x00, 0x00, 0x00, 0x00, 0x00, 0xFB, 0x4C, 0x07, 0x3E, 0xE8, 0x15, 0x00, 0x00, 0x00, 0x00, 0x00, 0x00, 0x1D, 0xE7, 0x38, 0x07, 0x54, 0xF0,
  0x00, 0x00, 0x00, 0x00, 0x00, 0x00, 0x00, 0x00, 0xA4, 0x50, 0x00, 0x5B, 0x9E, 0x05, 0x00, 0x1B, 0xD6, 0x2B, 0xF8, 0x00, 0x00, 0x1C, 0xDC, 0x00,
  0xF8, 0x00, 0x00, 0xF8, 0x00, 0xF8, 0x00, 0x1C, 0xE3, 0x21, 0x00, 0xF7, 0x00, 0x00, 0x00, 0x00, 0x00, 0x00, 0x00, 0x00, 0x00, 0x00, 0x00, 0x00,
  0x00, 0x00, 0x00, 0x00, 0x00, 0x00, 0x00, 0x00, 0x00, 0x00, 0xF8, 0x00, 0x00, 0x00, 0x00, 0x00, 0x00, 0x00, 0x00, 0x00, 0x04, 0xF0, 0x00, 0x00,
  0x00, 0x00, 0x00, 0x00, 0x00, 0x00, 0x00, 0x00, 0x00, 0x6A, 0xFD, 0x98, 0x00, 0x00, 0x00, 0x00, 0x00, 0x00, 0x00, 0x00, 0x00, 0x00, 0x00, 0x00,
  0x00, 0x00, 0x00, 0x00, 0x00, 0x00, 0x00, 0x00, 0x00, 0x00, 0x00, 0x00, 0x00, 0x00, 0x00, 0x00, 0xEA, 0xBA, 0x01, 0x00, 0x00, 0x00, 0x00, 0x00,
  0x00, 0x00, 0x00, 0x12, 0xBD, 0x3D, 0x00, 0x88, 0x4C, 0x00, 0x21, 0xD3, 0x18, 0x00, 0x00, 0x00, 0x00, 0x00, 0x00, 0x00, 0x00, 0x00, 0x00, 0x00,
  0x00, 0x00, 0x00, 0x00, 0x00, 0x00, 0x00, 0x00, 0x00, 0x00, 0x00, 0x00, 0x00, 0x00, 0x00, 0x00, 0x00, 0x00, 0x00, 0x00, 0x00, 0x00, 0x00, 0x00,
  0x00, 0x00, 0x00, 0x00, 0x00, 0x00, 0x06, 0xDD, 0x7D, 0x00, 0x00, 0x00, 0x00, 0x00, 0x00, 0x6E, 0x80, 0x00, 0x9B, 0x4D, 0x00, 0x00, 0x32, 0xD7,
  0x40, 0xC9, 0x43, 0xEA, 0x5A, 0x00, 0x00, 0x77, 0xBE, 0x02, 0x00, 0x04, 0xAD, 0xF6, 0xD3, 0x27, 0x00, 0x5D, 0xDB, 0xF9, 0xD6, 0x5E, 0xC0, 0xC5,
  0x0A, 0x00, 0x00, 0x00, 0x09, 0xF7, 0x30, 0x00, 0x00, 0x00, 0x00, 0x29, 0xF9, 0x0B, 0x00, 0x00, 0x00, 0x00, 0x00, 0x00, 0x00, 0x00, 0x00, 0x00,
  0x00, 0x00, 0x00, 0x00, 0x00, 0x00, 0x00, 0x00, 0x00, 0x00, 0x00, 0x00, 0x00, 0x00, 0x00, 0xDD, 0x45, 0x00, 0x00, 0x00, 0x2D, 0xCD, 0xFA, 0xDE,
  0x57, 0x00, 0x00, 0xF0, 0xFF, 0xFF, 0xFF, 0xFF, 0xC8, 0x34, 0xFF, 0xFF, 0xFF, 0xFF, 0xFF, 0x7C, 0x0D, 0x96, 0xEA, 0xF5, 0xC5, 0x3A, 0x00, 0x00,
  0x00, 0x00, 0x00, 0xB0, 0x98, 0x00, 0x00, 0x5C, 0xD8, 0xF8, 0xD9, 0x60, 0x00, 0x00, 0x34, 0xC8, 0xF5, 0xDB, 0x64, 0x00, 0x00, 0x00, 0xBC, 0xB2,
  0x00, 0x00, 0x00, 0x00, 0x56, 0xD2, 0xF6, 0xDD, 0x7A, 0x00, 0x00, 0x06, 0x93, 0xE9, 0x40, 0x00, 0x00, 0x00, 0x00, 0x00, 0x00, 0x92, 0x77, 0x00,
  0x00, 0x00, 0x00, 0x00, 0x00, 0x00, 0x00, 0x00, 0x00, 0x00, 0x00, 0x00, 0x00, 0x00, 0x00, 0x00, 0x00, 0x00, 0x00, 0x16, 0xE5, 0x5C, 0x00, 0x00,
  0x00, 0x31, 0xE6, 0x75, 0x24, 0x03, 0x00, 0x00, 0x00, 0x00, 0x00, 0x00, 0x00, 0x00, 0x00, 0x00, 0x00, 0x00, 0x00, 0x00, 0x00, 0x00, 0x00, 0x00,
  0x00, 0x23, 0xD0, 0x00, 0x00, 0x00, 0x00, 0x00, 0x00, 0x00, 0x00, 0x00, 0x00, 0x00, 0x00, 0x00, 0x00, 0x00, 0x00, 0x00, 0x00, 0x00, 0x00, 0x00,
  0x00, 0x00, 0x00, 0x00, 0x00, 0x00, 0x00, 0x00, 0x00, 0x00, 0x00, 0x00, 0x00, 0x00, 0x00, 0x00, 0x00, 0x00, 0x00, 0x00, 0x00, 0x00, 0x00, 0x00,
  0x00, 0x00, 0x00, 0x00, 0x00, 0x00, 0x00, 0x00, 0x00, 0x00, 0x00, 0x00, 0x00, 0x00, 0x00, 0x00, 0x00, 0x00, 0x00, 0x00, 0x00, 0x00, 0x00, 0x00,
  0x00, 0x00, 0x00, 0xD4, 0x00, 0x00, 0x00, 0x00, 0x1D, 0xBE, 0x00, 0x00, 0x24, 0xB0, 0x00, 0x00, 0x00, 0x00, 0x00, 0x00, 0x00, 0x00, 0x00, 0x00,
  0x00, 0x00, 0x00, 0x00, 0x00, 0x00, 0x00, 0x00, 0x00, 0x00, 0x00, 0x00, 0x00, 0x00, 0xF8, 0x68, 0xF0, 0xDE, 0x51, 0x00, 0x00, 0x00, 0x00, 0x00,
  0x00, 0x00, 0x00, 0x57, 0xE0, 0xEE, 0x64, 0xF0, 0x00, 0x00, 0x00, 0x00, 0x00, 0x00, 0x00, 0x00, 0xA4, 0x50, 0x00, 0x28, 0xC8, 0xF5, 0xFA, 0xE3,
  0x8B, 0x02, 0xF8, 0x00, 0x00, 0x1C, 0xDC, 0x00, 0xF8, 0x00, 0x00, 0xF8, 0x00, 0xF8, 0x00, 0x00, 0x62, 0xC3, 0x02, 0xC0, 0xE3, 0x00, 0x00, 0x00,
  0x00, 0x00, 0x00, 0x00, 0x00, 0x00, 0x00, 0x00, 0x00, 0x00, 0x00, 0x00, 0x00, 0x00, 0x00, 0x00, 0x00, 0x00, 0x00, 0x00, 0x00, 0x00, 0x00, 0x00,
  0x00, 0x00, 0x00, 0x00, 0x00, 0x00, 0x00, 0x00, 0x00, 0x00, 0x00, 0x00, 0x00, 0x00, 0x00, 0x00, 0x00, 0x00, 0x00, 0x00, 0x00, 0x00, 0x00, 0x00,
  0x00, 0x00, 0x00, 0x00, 0x00, 0x00, 0x00, 0x00, 0x00, 0x00, 0x00, 0x00, 0x00, 0x00, 0x00, 0x00, 0x00, 0x00, 0x00, 0x00, 0x00, 0x00, 0x00, 0x00,
  0x00, 0x00, 0x00, 0x00, 0x00, 0x00, 0x00, 0x00, 0x00, 0x00, 0x00, 0x00, 0x94, 0x40, 0x00, 0x88, 0x4C, 0x00, 0x24, 0xB0, 0x00, 0x00, 0x00, 0x00,
  0x00, 0x00, 0x00, 0x00, 0x00, 0x00, 0x00, 0x00, 0x00, 0x00, 0x00, 0x00, 0x00, 0x00, 0x00, 0x00, 0x00, 0x00, 0x00, 0x00, 0x00, 0x00, 0x00, 0x00,
  0x00, 0x00, 0x00, 0x00, 0x00, 0x00, 0x00, 0x00, 0x00, 0x00, 0x00, 0x00, 0x00, 0x00, 0x00, 0x00, 0x00, 0x00, 0x00, 0x00, 0x00, 0x00, 0x00, 0x00,
  0x00, 0x00, 0x00, 0x00, 0x00, 0x00, 0x01, 0x7B, 0xE4, 0xFF, 0xE2, 0x7C, 0x01, 0x00, 0x00, 0x00, 0x00, 0x00, 0x00, 0x00, 0x00, 0x00, 0x00, 0x00,
  0x00, 0x00, 0x00, 0x00, 0x00, 0x00, 0x00, 0x00, 0x00, 0x00, 0x00, 0x00, 0x00, 0xB5, 0x7E, 0x00, 0x00, 0x00, 0x00, 0x7A, 0xB8, 0x00, 0x00, 0x00,
  0x00, 0x00, 0x00, 0x00, 0x00, 0x00, 0x00, 0x00, 0x00, 0x00, 0x00, 0x00, 0x00, 0x00, 0x00, 0x00, 0x00, 0x00, 0x00, 0x00, 0x00, 0x00, 0x2B, 0xF2,
  0x06, 0x00, 0x00, 0x00, 0x00, 0x00, 0x00, 0x00, 0x00, 0x00, 0x00, 0x00, 0x00, 0x00, 0x00, 0x00, 0x00, 0x00, 0x00, 0x00, 0x00, 0x00, 0x00, 0x00,
  0x00, 0x00, 0x00, 0x00, 0x00, 0x00, 0x00, 0x00, 0x00, 0x00, 0x00, 0x00, 0x00, 0x00, 0x00, 0x00, 0x00, 0x00, 0x00, 0x00, 0x00, 0x00, 0x00, 0x00,
  0x00, 0x00, 0x00, 0x00, 0x00, 0x00, 0x00, 0x00, 0x00, 0x00, 0x00, 0x00, 0x00, 0x00, 0x00, 0x00, 0x00, 0x00, 0x00, 0x00, 0x00, 0x00, 0x00, 0x00,
  0x00, 0x00, 0x00, 0x00, 0x1F, 0xCD, 0x09, 0x00, 0x00, 0x00, 0x00, 0x00, 0x00, 0x00, 0x00, 0x00, 0x00, 0x00, 0x00, 0x00, 0x00, 0x00, 0x00, 0x00,
  0x00, 0x00, 0x00, 0x00, 0x00, 0x00, 0x00, 0x00, 0x00, 0x00, 0x1F, 0xA6, 0xEA, 0xFE, 0xFF, 0xFF, 0x1C, 0x00, 0x00, 0x00, 0x00, 0x00, 0x00, 0x00,
  0x00, 0x00, 0x00, 0x00, 0x00, 0x00, 0x00, 0x00, 0x00, 0x05, 0xDF, 0xFF, 0x18, 0x00, 0x00, 0x00, 0x00, 0x00, 0x00, 0x00, 0x00, 0x00, 0x00, 0x00,
  0x00, 0x00, 0x00, 0x00, 0x00, 0x00, 0x00, 0x00, 0x00, 0x00, 0x00, 0x00, 0x00, 0x00, 0x00, 0x00, 0x00, 0x00, 0x00, 0x00, 0x00, 0x00, 0x00, 0x00,
  0x00, 0x00, 0x00, 0x00, 0x00, 0x00, 0x00, 0x00, 0x00, 0x00, 0x00, 0x00, 0x00, 0x00, 0x00, 0x00, 0x00, 0x00, 0x00, 0x00, 0x00, 0x00, 0x00, 0x00,
  0x00, 0x00, 0x00, 0x00, 0x00, 0x00, 0x00, 0x00, 0x00, 0x00, 0x00, 0xD4, 0x00, 0x00, 0x00, 0x00, 0x00, 0xCF, 0x0C, 0x00, 0x24, 0xB0, 0x00, 0x00,
  0x00, 0x00, 0x00, 0x00, 0x00, 0x00, 0x00, 0x00, 0x00, 0x00, 0x00, 0x00, 0x00, 0x00, 0x00, 0x00, 0x00, 0x00, 0x00, 0x00, 0x00, 0x00, 0x00, 0x00,
  0x00, 0x00, 0x00, 0x00, 0x00, 0x00, 0x00, 0x00, 0x00, 0x00, 0x00, 0x00, 0x00, 0x00, 0x00, 0x00, 0x00, 0x00, 0x00, 0x00, 0x00, 0x00, 0x00, 0x00,
  0x00, 0x00, 0x00, 0x00, 0x00, 0x00, 0x00, 0x00, 0x00, 0x00, 0x00, 0x00, 0x00, 0x00, 0x00, 0x00, 0x00, 0x00, 0x00, 0xF5, 0x00, 0x00, 0x00, 0x00,
  0x00, 0x00, 0x00, 0x00, 0x00, 0x00, 0x00, 0x00, 0x00, 0x00, 0x00, 0x00, 0x00, 0x00, 0x00, 0x00, 0x00, 0x00, 0x00, 0x00, 0x00, 0x00, 0x00, 0x00,
  0x00, 0x00, 0x00, 0x00, 0x00, 0x00, 0x00, 0x00, 0x00, 0x00, 0x00, 0x00, 0x00, 0x00, 0x00, 0x00, 0x00, 0x00, 0x00, 0x00, 0x00, 0x00, 0x00, 0x00,
  0x00, 0x00, 0x00, 0x00, 0x00, 0x00, 0x00, 0x00, 0x00, 0x00, 0x00, 0x00, 0x00, 0x00, 0x00, 0x00, 0x00, 0x00, 0x00, 0x00, 0x00, 0x00, 0x00, 0x00,
  0x00, 0x00, 0x00, 0x00, 0x00, 0x00, 0x00, 0x00, 0x00, 0x00, 0x00, 0x00, 0x00, 0x00, 0x00, 0x00, 0x00, 0x00, 0x00, 0x00, 0x94, 0x40, 0x00, 0x88,
  0x4C, 0x00, 0x24, 0xB0, 0x00, 0x00, 0x00, 0x00, 0x00, 0x00, 0x00, 0x00, 0x00, 0x00, 0x00, 0x00, 0x00, 0x00, 0x00, 0x00, 0x00, 0x00, 0x00, 0x00,
  0x00, 0x00, 0x00, 0x00, 0x00, 0x00, 0x00, 0x00, 0x00, 0x00, 0x00, 0x00, 0x00, 0x00, 0x00, 0x00, 0x00, 0x00, 0x00, 0x00, 0x00, 0x00, 0x00, 0x00,
  0x00, 0x00, 0x00, 0x00, 0x00, 0x00, 0x00, 0x00, 0x00, 0x00, 0x00, 0x00, 0x00, 0x00, 0x00, 0x00, 0x00, 0xE0, 0x28, 0x00, 0x00, 0x00, 0x00, 0x00,
  0x00, 0x00, 0x00, 0x00, 0x00, 0x00, 0x00, 0x00, 0x00, 0x00, 0x00, 0x00, 0x00, 0x00, 0x00, 0x00, 0x00, 0x00, 0x00, 0x00, 0x00, 0x3D, 0xEB, 0x0E,
  0x00, 0x00, 0x0D, 0xE9, 0x43, 0x00, 0x00, 0x00, 0x00, 0x00, 0x00, 0x00, 0x00, 0x00, 0x00, 0x00, 0x00, 0x00, 0x00, 0x00, 0x00, 0x00, 0x00, 0x00,
  0x00, 0x00, 0x00, 0x00, 0x00, 0x00, 0x78, 0xAB, 0x00, 0x00, 0x00, 0x00, 0x00, 0x00, 0x00, 0x00, 0x00, 0x00, 0x00, 0x00, 0x00, 0x00, 0x00, 0x00,
  0x00, 0x00, 0x00, 0x00, 0x00, 0x00, 0x00, 0x00, 0x00, 0x00, 0x00, 0x00, 0x00, 0x00, 0x00, 0x00, 0x00, 0x00, 0x00, 0x00, 0x00, 0x00, 0x00, 0x00,
  0x00, 0x00, 0x00, 0x00, 0x00, 0x00, 0x00, 0x00, 0x00, 0x00, 0x00, 0x00, 0x00, 0x00, 0x00, 0x00, 0x00, 0x00, 0x00, 0x00, 0x00, 0x00, 0x00, 0x00,
  0x00, 0x00, 0x00, 0x00, 0x00, 0x00, 0x00, 0x00, 0x00, 0x00, 0x00, 0x00, 0x00, 0x00, 0x00, 0x00, 0x00, 0x00, 0x00, 0x00, 0x00, 0x00, 0x00, 0x00,
  0x00, 0x00, 0x00, 0x00, 0x00, 0x00, 0x00, 0x00, 0x00, 0x00, 0x00, 0x00, 0x00, 0x00, 0x00, 0x00, 0x00, 0x00, 0x00, 0x00, 0x00, 0x00, 0x00, 0x00,
  0x00, 0x00, 0x00, 0x00, 0x00, 0x00, 0x00, 0x00, 0x00, 0x00, 0x00, 0x00, 0x00, 0x00, 0x00, 0x00, 0x00, 0x00, 0x00, 0x00, 0x00, 0x00, 0x00, 0x00,
  0x00, 0x00, 0x00, 0x00, 0x00, 0x00, 0x00, 0x00, 0x00, 0x00, 0x00, 0x00, 0x00, 0x00, 0x00, 0x00, 0x00, 0x00, 0x00, 0x00, 0x00, 0x00, 0x00, 0x00,
  0x00, 0x00, 0x00, 0x00, 0x00, 0x00, 0x00, 0x00, 0x00, 0x00, 0x00, 0x00, 0x00, 0x00, 0x00, 0x00, 0x00, 0x00, 0x00, 0x00, 0x00, 0x00, 0x00, 0x00,
  0x00, 0x00, 0x00, 0x00, 0x00, 0x00, 0x00, 0x00, 0x00, 0x00, 0x00, 0x00, 0x00, 0x00, 0x00, 0x00, 0x00, 0x00, 0x00, 0xE4, 0xFF, 0x14, 0x00, 0x00,
  0x00, 0x8C, 0x4F, 0x48, 0xFF, 0xB0, 0x00, 0x00, 0x00, 0x00, 0x00, 0x00, 0x00, 0x00, 0x00, 0x00, 0x00, 0x00, 0x00, 0x00, 0x00, 0x00, 0x00, 0x00,
  0x00, 0x00, 0x00, 0x00, 0x00, 0x00, 0x00, 0x00, 0x00, 0x00, 0x00, 0x00, 0x00, 0x00, 0x00, 0x00, 0x00, 0x00, 0x00, 0x00, 0x00, 0x00, 0x00, 0x00,
  0x00, 0x00, 0x00, 0x00, 0x00, 0x00, 0x00, 0x00, 0x00, 0x00, 0x00, 0x00, 0x00, 0x00, 0x00, 0x00, 0x00, 0x00, 0x00, 0x00, 0x00, 0x00, 0x00, 0x00,
  0x00, 0x00, 0xF9, 0xA7, 0x00, 0x00, 0x00, 0x00, 0x00, 0x00, 0x00, 0x00, 0x00, 0x00, 0x00, 0x00, 0x00, 0x00, 0x00, 0x00, 0x00, 0x00, 0x00, 0x00,
  0x00, 0x00, 0x00, 0x00, 0x00, 0x00, 0x00, 0x00, 0x00, 0x00, 0x00, 0x00, 0x00, 0x00, 0x00, 0x00, 0x00, 0x00, 0x00, 0x00, 0x00, 0x00, 0x00, 0x00,
  0x00, 0x00, 0x00, 0x00, 0x00, 0x00, 0x00, 0x00, 0x00, 0x00, 0x00, 0x00, 0x00, 0x00, 0x00, 0x00, 0x00, 0x00, 0x00, 0x00, 0x00, 0x00, 0x00, 0x00,
  0x00, 0x00, 0x00, 0x00, 0x00, 0x00, 0x00, 0x00, 0x00, 0x00, 0x00, 0x00, 0x00, 0x00, 0x00, 0x00, 0x00, 0x00, 0x00, 0x00, 0x00, 0x00, 0x00, 0x00,
  0x00, 0x00, 0x00, 0x00, 0x66, 0xFA, 0x64, 0x88, 0x4C, 0x48, 0xFD, 0x7E, 0x00, 0x00, 0x00, 0x00, 0x00, 0x00, 0x00, 0x00, 0x00, 0x00, 0x00, 0x00,
  0x00, 0x00, 0x00, 0x00, 0x00, 0x00, 0x00, 0x00, 0x00, 0x00, 0x00, 0x00, 0x00, 0x00, 0x00, 0x00, 0x00, 0x00, 0x00, 0x00, 0x00, 0x00, 0x00, 0x00,
  0x00, 0x00, 0x00, 0x00, 0x00, 0x00, 0x00, 0x00, 0x00, 0x00, 0x00, 0x00, 0x00, 0x00, 0x00, 0x00, 0x00, 0x00, 0x00, 0x00, 0x00, 0x00, 0x00, 0x00,
  0x00, 0x00, 0x00, 0x00, 0x00, 0x00, 0x00, 0x00, 0x00, 0x00, 0x00, 0x00, 0x00, 0x00, 0x00, 0x00, 0x00, 0x00, 0x00, 0x00, 0x00, 0x00, 0x00, 0x00,
  0x00, 0x00, 0x00, 0x00, 0x00, 0x00, 0x8B, 0xAE, 0x02, 0x01, 0xAA, 0x93, 0x00, 0x00, 0x00, 0x00, 0x00, 0x00, 0x00, 0x00, 0x00, 0x00, 0x00, 0x00,
  0x00, 0x00, 0x00, 0x00, 0x00, 0x00, 0x00, 0x00, 0x00, 0x00, 0x00, 0x00, 0x00, 0x00, 0xC5, 0x5E, 0x00, 0x00, 0x00, 0x00, 0x00, 0x00, 0x00, 0x00,
  0x00, 0x00, 0x00, 0x00, 0x00, 0x00, 0x00, 0x00, 0x00, 0x00, 0x00, 0x00, 0x00, 0x00, 0x00, 0x00, 0x00, 0x00, 0x00, 0x00, 0x00, 0x00, 0x00, 0x00,
  0x00, 0x00, 0x00, 0x00, 0x00, 0x00, 0x00, 0x00, 0x00, 0x00, 0x00, 0x00, 0x00, 0x00, 0x00, 0x00, 0x00, 0x00, 0x00, 0x00, 0x00, 0x00, 0x00, 0x00,
  0x00, 0x00, 0x00, 0x00, 0x00, 0x00, 0x00, 0x00, 0x00, 0x00, 0x00, 0x00, 0x00, 0x00, 0x00, 0x00, 0x00, 0x00, 0x00, 0x00, 0x00, 0x00, 0x00, 0x00,
  0x00, 0x00, 0x00, 0x00, 0x00, 0x00, 0x00, 0x00, 0x00, 0x00, 0x00, 0x00, 0x00, 0x00, 0x00, 0x00, 0x00, 0x00, 0x00, 0x00, 0x00, 0x00, 0x00, 0x00,
  0x00, 0x00, 0x00, 0x00, 0x00, 0x00, 0x00, 0x00, 0x00, 0x00, 0x00, 0x00, 0x00, 0x00, 0x00, 0x00, 0x00, 0x00, 0x13, 0xFA, 0xF5, 0x0C, 0x00, 0x00,
  0xF8, 0xFF, 0xFF, 0xFE, 0xDF, 0x51, 0x00, 0x00, 0x0F, 0x9D, 0xEC, 0xF6, 0xC5, 0x39, 0x00, 0xF8, 0xFF, 0xFF, 0xE9, 0xAA, 0x1B, 0x00, 0xF8, 0xFF,
  0xFF, 0xFF, 0xFF, 0x64, 0xF8, 0xFF, 0xFF, 0xFF, 0xFF, 0x44, 0x00, 0x0A, 0x90, 0xE7, 0xF8, 0xCE, 0x4F, 0x00, 0xF8, 0x64, 0x00, 0x00, 0x00, 0xD0,
  0x88, 0x54, 0xFF, 0xFF, 0xFF, 0x50, 0x00, 0xB4, 0xFF, 0xFF, 0xFF, 0x64, 0xF8, 0x64, 0x00, 0x00, 0x8B, 0xE6, 0x1F, 0xF8, 0x64, 0x00, 0x00, 0x00,
  0xF8, 0xE5, 0x0E, 0x00, 0x00, 0x24, 0xF7, 0xBC, 0xF8, 0xD5, 0x06, 0x00, 0x00, 0xC4, 0x88, 0x00, 0x0B, 0x94, 0xE9, 0xF9, 0xCC, 0x4A, 0x00, 0xF8,
  0xFF, 0xFF, 0xFC, 0xD3, 0x38, 0x00, 0x00, 0x0B, 0x94, 0xE9, 0xF9, 0xCC, 0x4A, 0x00, 0xF8, 0xFF, 0xFF, 0xFD, 0xD2, 0x36, 0x00, 0x00, 0x50, 0xD1,
  0xF7, 0xE7, 0x93, 0x0B, 0xB8, 0xFF, 0xFF, 0xFF, 0xFF, 0xFF, 0xA4, 0x04, 0xFF, 0x50, 0x00, 0x00, 0x14, 0xFF, 0x40, 0x9D, 0xCA, 0x00, 0x00, 0x00,
  0x38, 0xFF, 0x23, 0x99, 0xC7, 0x00, 0x00, 0x52, 0xFF, 0x74, 0x00, 0x00, 0xA2, 0xB2, 0x52, 0xFF, 0x42, 0x00, 0x00, 0x84, 0xE6, 0x12, 0x9B, 0xE7,
  0x09, 0x00, 0x00, 0x7A, 0xED, 0x10, 0x50, 0xFF, 0xFF, 0xFF, 0xFF, 0xFF, 0x84, 0xF8, 0xFF, 0x3C, 0x62, 0xBE, 0x00, 0x00, 0x00, 0x54, 0xFF, 0xE0,
  0x00, 0x00, 0x46, 0xFF, 0x7A, 0x00, 0x00, 0xA4, 0xFF, 0xFF, 0xFF, 0xFF, 0xFF, 0x60, 0x39, 0x2D, 0x00, 0x0A, 0x9E, 0xF2, 0xF2, 0xAD, 0x0C, 0x00,
  0x10, 0xFF, 0x40, 0x00, 0x00, 0x00, 0x00, 0x00, 0x54, 0xD7, 0xF6, 0xC2, 0x23, 0x00, 0x00, 0x00, 0x00, 0x24, 0xFF, 0x2C, 0x00, 0x50, 0xD4, 0xF4,
  0xC4, 0x30, 0x00, 0x00, 0x49, 0xEE, 0xE0, 0x00, 0x00, 0x00, 0x00, 0x7A, 0xFF, 0x20, 0x10, 0xFF, 0x40, 0x00, 0x00, 0x00, 0x00, 0x14, 0xE3, 0x37,
  0x00, 0x14, 0xE3, 0x37, 0x10, 0xFF, 0x40, 0x00, 0x00, 0x00, 0x00, 0x10, 0xFF, 0x40, 0x00, 0x10, 0xFF, 0x8E, 0xEB, 0xE9, 0x57, 0x98, 0xF5, 0xCF,
  0x21, 0x10, 0xFF, 0x83, 0xE7, 0xEB, 0x5E, 0x00, 0x00, 0x4D, 0xD3, 0xF3, 0xBF, 0x2B, 0x00, 0x10, 0xFF, 0x80, 0xE6, 0xEA, 0x7E, 0x00, 0x00, 0x69,
  0xE5, 0xEC, 0x81, 0xFF, 0x2C, 0x10, 0xFF, 0x98, 0xEB, 0x5F, 0x05, 0x9D, 0xF1, 0xF0, 0x96, 0x09, 0x00, 0x94, 0x98, 0x00, 0x20, 0xFF, 0x30, 0x00,
  0x48, 0xFF, 0x08, 0xA7, 0xA3, 0x00, 0x00, 0x73, 0xC9, 0x8C, 0xB4, 0x00, 0x03, 0xEC, 0x8E, 0x00, 0x13, 0xFE, 0x23, 0x58, 0xF9, 0x2C, 0x00, 0xA8,
  0xB6, 0x01, 0xAC, 0xA3, 0x00, 0x00, 0x6D, 0xD6, 0x00, 0x74, 0xFF, 0xFF, 0xFF, 0xFF, 0x53, 0x00, 0x66, 0xF7, 0x94, 0x70, 0xAC, 0x54, 0xFE, 0xA4,
  0x00, 0x00, 0x10, 0xCD, 0xF0, 0x97, 0x23, 0x4F, 0x41, 0xA5, 0xE1, 0x06, 0x34, 0xFF, 0xFF, 0xFF, 0xFF, 0xFF, 0x64, 0x90, 0xFF, 0xFF, 0xFF, 0xFF,
  0xFF, 0xA0, 0x00, 0x00, 0x00, 0x00, 0x00, 0x00, 0x03, 0x00, 0x00, 0x00, 0x36, 0x91, 0x02, 0x00, 0x00, 0x16, 0xAF, 0x03, 0x28, 0xFF, 0xC4, 0x00,
  0x90, 0xFF, 0x08, 0x6C, 0xFF, 0x2C, 0x00, 0x00, 0x00, 0x8E, 0xEC, 0x00, 0x87, 0xEA, 0x00, 0x00, 0x00, 0x00, 0x00, 0x00, 0xB8, 0xA0, 0x00, 0x00,
  0x00, 0x0A, 0xA4, 0xF1, 0xCE, 0x2E, 0x00, 0x00, 0x55, 0xF7, 0x23, 0x00, 0x00, 0x72, 0xDD, 0xF5, 0xCA, 0x4B, 0x00, 0x00, 0x00, 0xFF, 0x98, 0x00,
  0x00, 0x31, 0xEB, 0x8E, 0x02, 0x21, 0xD6, 0xB1, 0x07, 0x00, 0x00, 0x00, 0x00, 0x00, 0x00, 0xF8, 0x90, 0x00, 0x00, 0x00, 0x00, 0x00, 0x00, 0x00,
  0x00, 0x00, 0x6A, 0xD7, 0xEE, 0x5C, 0x00, 0x00, 0xF8, 0x64, 0x00, 0x09, 0x9F, 0xE5, 0x00, 0x00, 0xAA, 0xC9, 0x26, 0x0E, 0x97, 0xE3, 0x06, 0xF8,
  0x64, 0x00, 0x18, 0xAA, 0xD4, 0x04, 0xF8, 0x64, 0x00, 0x00, 0x00, 0x00, 0xF8, 0x64, 0x00, 0x00, 0x00, 0x00, 0x00, 0x9D, 0xD1, 0x2E, 0x0A, 0x69,
  0xFD, 0x31, 0xF8, 0x64, 0x00, 0x00, 0x00, 0xD0, 0x88, 0x00, 0x30, 0xFF, 0x2C, 0x00, 0x00, 0x00, 0x00, 0x00, 0xF8, 0x64, 0xF8, 0x64, 0x00, 0x67,
  0xF2, 0x31, 0x00, 0xF8, 0x64, 0x00, 0x00, 0x00, 0xF8, 0xFF, 0x94, 0x00, 0x00, 0xBC, 0xFF, 0xBC, 0xF8, 0xFF, 0x7C, 0x00, 0x00, 0xC4, 0x88, 0x00,
  0xA2, 0xD2, 0x2F, 0x0F, 0x6C, 0xFB, 0x2D, 0xF8, 0x64, 0x00, 0x04, 0x9A, 0xDA, 0x00, 0x00, 0xA2, 0xD2, 0x2F, 0x0F, 0x6C, 0xFB, 0x2D, 0xF8, 0x64,
  0x00, 0x04, 0x9A, 0xD8, 0x00, 0x1B, 0xFB, 0x62, 0x09, 0x37, 0xB6, 0x28, 0x00, 0x00, 0x38, 0xFF, 0x24, 0x00, 0x00, 0x04, 0xFF, 0x50, 0x00, 0x00,
  0x14, 0xFF, 0x40, 0x45, 0xFF, 0x22, 0x00, 0x00, 0x8E, 0xC9, 0x00, 0x59, 0xF9, 0x07, 0x00, 0x95, 0xEB, 0xB7, 0x00, 0x00, 0xDC, 0x70, 0x00, 0xA6,
  0xDC, 0x09, 0x2E, 0xFA, 0x4B, 0x00, 0x1A, 0xF6, 0x72, 0x00, 0x0E, 0xED, 0x72, 0x00, 0x00, 0x00, 0x00, 0x00, 0x66, 0xF6, 0x2E, 0xF8, 0x34, 0x00,
  0x16, 0xF9, 0x10, 0x00, 0x00, 0x00, 0x50, 0xE0, 0x00, 0x02, 0xD1, 0xB7, 0xF2, 0x16, 0x00, 0x00, 0x00, 0x00, 0x00, 0x00, 0x00, 0x00, 0x9A, 0xB8,
  0x00, 0x04, 0x56, 0x13, 0x12, 0xD5, 0x76, 0x00, 0x10, 0xFF, 0x40, 0x00, 0x00, 0x00, 0x00, 0x25, 0xF9, 0x4E, 0x0B, 0x9B, 0x6B, 0x00, 0x00, 0x00,
  0x00, 0x24, 0xFF, 0x2C, 0x25, 0xF1, 0x36, 0x08, 0x79, 0xE1, 0x02, 0x00, 0xB0, 0x90, 0x00, 0x00, 0x76, 0xE6, 0xF0, 0xE3, 0x26, 0x00, 0x10, 0xFF,
  0x40, 0x00, 0x00, 0x00, 0x00, 0x15, 0xE5, 0x38, 0x00, 0x15, 0xE5, 0x38, 0x10, 0xFF, 0x40, 0x00, 0x00, 0x00, 0x00, 0x10, 0xFF, 0x40, 0x00, 0x10,
  0xFF, 0x80, 0x09, 0x98, 0xFB, 0x3F, 0x11, 0xD2, 0x94, 0x10, 0xFF, 0x84, 0x09, 0x81, 0xF1, 0x01, 0x22, 0xF8, 0x51, 0x0B, 0x87, 0xDB, 0x04, 0x10,
  0xFF, 0x87, 0x0A, 0x4B, 0xFD, 0x3E, 0x27, 0xFD, 0x5F, 0x09, 0x6E, 0xFF, 0x2C, 0x10, 0xFF, 0x84, 0x09, 0x00, 0x51, 0xF7, 0x18, 0x20, 0x6C, 0x02,
  0x01, 0xAC, 0x98, 0x00, 0x20, 0xFF, 0x30, 0x00, 0x48, 0xFF, 0x08, 0x4C, 0xF3, 0x09, 0x00, 0xD0, 0x6E, 0x43, 0xF2, 0x04, 0x3C, 0xF4, 0xDD, 0x00,
  0x54, 0xDB, 0x00, 0x00, 0x9F, 0xCC, 0x5C, 0xE8, 0x16, 0x00, 0x4C, 0xF5, 0x0E, 0x00, 0xCD, 0x75, 0x00, 0x00, 0x00, 0x00, 0xA2, 0xCF, 0x0B, 0x00,
  0x98, 0x94, 0x00, 0x70, 0xAC, 0x00, 0x50, 0xE0, 0x00, 0x00, 0x17, 0x78, 0x15, 0x7E, 0xE8, 0xE4, 0x2A, 0xA7, 0xE2, 0x06, 0x00, 0x00, 0x00, 0x00,
  0x00, 0x00, 0x00, 0x00, 0x00, 0x00, 0x00, 0x00, 0x00, 0x00, 0x00, 0x00, 0x00, 0x00, 0x00, 0x00, 0xBB, 0x5D, 0x00, 0x00, 0x08, 0xC3, 0xB1, 0x0A,
  0x29, 0xDE, 0x7F, 0x00, 0x28, 0xFF, 0xC4, 0x00, 0x90, 0xFF, 0x08, 0x6C, 0xFF, 0x2C, 0x00, 0x00, 0x00, 0xC0, 0xBF, 0x00, 0xB5, 0xB9, 0x00, 0x00,
  0x00, 0x00, 0x00, 0x00, 0xB8, 0xA0, 0x00, 0x00, 0x00, 0x78, 0xD4, 0x13, 0x8B, 0xCE, 0x00, 0x0E, 0xE5, 0x79, 0x00, 0x00, 0x5D, 0xFE, 0x49, 0x0F,
  0xAF, 0xBB, 0x02, 0x00, 0x00, 0xFF, 0x98, 0x00, 0x1C, 0xEE, 0x89, 0x00, 0x00, 0x00, 0x12, 0xDF, 0xA5, 0x00, 0x00, 0x00, 0x00, 0x00, 0x00, 0xF8,
  0x90, 0x00, 0x00, 0x00, 0x00, 0x00, 0x00, 0x00, 0x00, 0x00, 0xC5, 0x81, 0xA2, 0xB8, 0x00, 0x00, 0xF8, 0x64, 0x00, 0x09, 0x9F, 0xC5, 0x00, 0x1F,
  0xFF, 0x3E, 0x00, 0x00, 0x06, 0x18, 0x00, 0xF8, 0x64, 0x00, 0x00, 0x11, 0xFF, 0x4D, 0xF8, 0x64, 0x00, 0x00, 0x00, 0x00, 0xF8, 0x64, 0x00, 0x00,
  0x00, 0x00, 0x1F, 0xFE, 0x44, 0x00, 0x00, 0x00, 0x31, 0x00, 0xF8, 0x64, 0x00, 0x00, 0x00, 0xD0, 0x88, 0x00, 0x30, 0xFF, 0x2C, 0x00, 0x00, 0x00,
  0x00, 0x00, 0xF8, 0x64, 0xF8, 0x64, 0x47, 0xF6, 0x46, 0x00, 0x00, 0xF8, 0x64, 0x00, 0x00, 0x00, 0xF8, 0xA3, 0xFD, 0x36, 0x5D, 0xF6, 0xAC, 0xBC,
  0xF8, 0xAD, 0xF7, 0x25, 0x00, 0xC4, 0x88, 0x1C, 0xFE, 0x46, 0x00, 0x00, 0x00, 0xBB, 0xAA, 0xF8, 0x64, 0x00, 0x00, 0x5D, 0xFF, 0x06, 0x1C, 0xFE,
  0x46, 0x00, 0x00, 0x00, 0xBB, 0xAA, 0xF8, 0x64, 0x00, 0x00, 0x5D, 0xFF, 0x06, 0x33, 0xFF, 0x33, 0x00, 0x00, 0x00, 0x00, 0x00, 0x00, 0x38, 0xFF,
  0x24, 0x00, 0x00, 0x04, 0xFF, 0x50, 0x00, 0x00, 0x14, 0xFF, 0x40, 0x03, 0xE9, 0x78, 0x00, 0x01, 0xE3, 0x70, 0x00, 0x1A, 0xFF, 0x39, 0x00, 0xD8,
  0x73, 0xF3, 0x05, 0x17, 0xFF, 0x2E, 0x00, 0x12, 0xE7, 0x8F, 0xCC, 0x9D, 0x00, 0x00, 0x00, 0x86, 0xE9, 0x0A, 0x7E, 0xE0, 0x07, 0x00, 0x00, 0x00,
  0x00, 0x30, 0xF7, 0x63, 0x00, 0xF8, 0x34, 0x00, 0x00, 0xC7, 0x59, 0x00, 0x00, 0x00, 0x50, 0xE0, 0x00, 0x62, 0xDD, 0x07, 0xBF, 0x95, 0x00, 0x00,
  0x00, 0x00, 0x00, 0x00, 0x00, 0x00, 0x0A, 0xC7, 0x18, 0x09, 0xA4, 0xEE, 0xFF, 0xFF, 0x93, 0x00, 0x10, 0xFF, 0x40, 0x00, 0x00, 0x00, 0x00, 0x69,
  0xE8, 0x00, 0x00, 0x00, 0x00, 0x00, 0x00, 0x00, 0x00, 0x24, 0xFF, 0x2C, 0x69, 0xFF, 0xFF, 0xFF, 0xFF, 0xFF, 0x20, 0x00, 0xBC, 0x90, 0x00, 0x28,
  0xFF, 0x3F, 0x14, 0xBA, 0x9D, 0x00, 0x10, 0xFF, 0x40, 0x00, 0x00, 0x00, 0x00, 0x00, 0x00, 0x00, 0x00, 0x00, 0x00, 0x00, 0x10, 0xFF, 0x40, 0x00,
  0x00, 0x00, 0x00, 0x10, 0xFF, 0x40, 0x00, 0x10, 0xFF, 0x40, 0x00, 0x56, 0xF8, 0x00, 0x00, 0x9A, 0xB2, 0x10, 0xFF, 0x40, 0x00, 0x3A, 0xFF, 0x12,
  0x67, 0xE9, 0x00, 0x00, 0x25, 0xFF, 0x2A, 0x10, 0xFF, 0x40, 0x00, 0x00, 0xDD, 0x7B, 0x60, 0xF4, 0x00, 0x00, 0x24, 0xFF, 0x2C, 0x10, 0xFF, 0x40,
  0x00, 0x00, 0x2D, 0xFA, 0xB1, 0x7F, 0x31, 0x00, 0xB0, 0xFF, 0xFF, 0xE8, 0x20, 0xFF, 0x30, 0x00, 0x48, 0xFF, 0x08, 0x05, 0xEC, 0x55, 0x2C, 0xFC,
  0x17, 0x06, 0xF4, 0x38, 0x89, 0x88, 0xED, 0x2C, 0x95, 0x93, 0x00, 0x00, 0x0C, 0xDA, 0xFC, 0x48, 0x00, 0x00, 0x04, 0xE7, 0x64, 0x2C, 0xFB, 0x18,
  0x00, 0x00, 0x00, 0x78, 0xE8, 0x1D, 0x00, 0x00, 0x98, 0x94, 0x00, 0x70, 0xAC, 0x00, 0x50, 0xE0, 0x00, 0x00, 0x00, 0x00, 0x00, 0x00, 0x00, 0x00,
  0x00, 0x00, 0x00, 0x00, 0x00, 0x00, 0x00, 0x00, 0x00, 0x00, 0x00, 0x00, 0x00, 0x00, 0x00, 0x00, 0x00, 0x00, 0x00, 0x00, 0x00, 0x00, 0x00, 0x00,
  0x33, 0xE7, 0x61, 0x00, 0x00, 0x19, 0xF9, 0x44, 0x90, 0xC6, 0x00, 0x00, 0x24, 0xFF, 0xC0, 0x00, 0x90, 0xFF, 0x08, 0x6C, 0xFF, 0x2C, 0x00, 0x00,
  0x01, 0xF1, 0x91, 0x00, 0xE3, 0x88, 0x00, 0x00, 0x00, 0x04, 0x75, 0xD4, 0xFD, 0xFD, 0xDF, 0x93, 0x13, 0xB4, 0x94, 0x00, 0x3C, 0xFF, 0x0B, 0x95,
  0xD3, 0x05, 0x00, 0x00, 0xA9, 0xE6, 0x00, 0x00, 0x05, 0x00, 0x00, 0x00, 0x00, 0xFF, 0x98, 0x00, 0xB6, 0xC6, 0x03, 0x00, 0x00, 0x00, 0x00, 0x35,
  0xFD, 0x4F, 0x00, 0x10, 0xA8, 0x53, 0x09, 0xF8, 0x90, 0x20, 0x76, 0x7F, 0x00, 0x00, 0x00, 0x00, 0x00, 0x21, 0xFF, 0x2F, 0x50, 0xFC, 0x17, 0x00,
  0xF8, 0xFF, 0xFF, 0xFF, 0xEA, 0x41, 0x00, 0x46, 0xFF, 0x1A, 0x00, 0x00, 0x00, 0x00, 0x00, 0xF8, 0x64, 0x00, 0x00, 0x00, 0xEE, 0x75, 0xF8, 0xFF,
  0xFF, 0xFF, 0xFF, 0x08, 0xF8, 0xFF, 0xFF, 0xFF, 0xD4, 0x00, 0x4E, 0xFF, 0x1E, 0x00, 0x00, 0x00, 0x00, 0x00, 0xF8, 0xFF, 0xFF, 0xFF, 0xFF, 0xFF,
  0x88, 0x00, 0x30, 0xFF, 0x2C, 0x00, 0x00, 0x00, 0x00, 0x00, 0xF8, 0x64, 0xF8, 0x8C, 0xF0, 0xAE, 0x00, 0x00, 0x00, 0xF8, 0x64, 0x00, 0x00, 0x00,
  0xF8, 0x54, 0xB6, 0xD3, 0xEA, 0x7A, 0x90, 0xBC, 0xF8, 0x55, 0xC9, 0xBC, 0x00, 0xC4, 0x88, 0x45, 0xFF, 0x1E, 0x00, 0x00, 0x00, 0x92, 0xDA, 0xF8,
  0x64, 0x00, 0x04, 0x98, 0xDB, 0x00, 0x45, 0xFF, 0x1E, 0x00, 0x00, 0x00, 0x92, 0xDA, 0xF8, 0x64, 0x00, 0x04, 0x98, 0xDE, 0x00, 0x02, 0xAE, 0xF4,
  0xB4, 0x7B, 0x23, 0x00, 0x00, 0x00, 0x38, 0xFF, 0x24, 0x00, 0x00, 0x04, 0xFF, 0x50, 0x00, 0x00, 0x14, 0xFF, 0x40, 0x00, 0x95, 0xCF, 0x00, 0x3B,
  0xFD, 0x1A, 0x00, 0x00, 0xDA, 0x71, 0x1B, 0xF6, 0x09, 0xED, 0x3B, 0x52, 0xEB, 0x01, 0x00, 0x00, 0x4F, 0xFF, 0xE3, 0x0E, 0x00, 0x00, 0x00, 0x0F,
  0xEC, 0x86, 0xEF, 0x5C, 0x00, 0x00, 0x00, 0x00, 0x0E, 0xDB, 0xA0, 0x00, 0x00, 0xF8, 0x34, 0x00, 0x00, 0x79, 0xA6, 0x00, 0x00, 0x00, 0x50, 0xE0,
  0x0A, 0xE5, 0x56, 0x00, 0x32, 0xF9, 0x27, 0x00, 0x00, 0x00, 0x00, 0x00, 0x00, 0x00, 0x00, 0x00, 0x00, 0x6A, 0xEA, 0x1F, 0x00, 0xBC, 0x94, 0x00,
  0x10, 0xFF, 0x80, 0xE6, 0xEA, 0x7E, 0x00, 0x69, 0xE8, 0x00, 0x00, 0x00, 0x00, 0x00, 0x69, 0xE5, 0xEC, 0x81, 0xFF, 0x2C, 0x69, 0xEB, 0x00, 0x00,
  0x00, 0x00, 0x00, 0xB0, 0xFF, 0xFF, 0xE0, 0x2C, 0xFF, 0x3E, 0x14, 0xBA, 0x97, 0x00, 0x10, 0xFF, 0x83, 0xE7, 0xEB, 0x5E, 0x00, 0x10, 0xFF, 0x40,
  0x00, 0x10, 0xFF, 0x40, 0x10, 0xFF, 0x40, 0x08, 0xC1, 0xB3, 0x04, 0x10, 0xFF, 0x40, 0x00, 0x10, 0xFF, 0x40, 0x00, 0x54, 0xF8, 0x00, 0x00, 0x98,
  0xB4, 0x10, 0xFF, 0x40, 0x00, 0x38, 0xFF, 0x14, 0x68, 0xE9, 0x00, 0x00, 0x25, 0xFF, 0x2A, 0x10, 0xFF, 0x40, 0x00, 0x00, 0xDD, 0x7A, 0x60, 0xF4,
  0x00, 0x00, 0x24, 0xFF, 0x2C, 0x10, 0xFF, 0x40, 0x00, 0x00, 0x00, 0x26, 0x71, 0xA2, 0xFD, 0x33, 0x00, 0xB8, 0x98, 0x00, 0x1E, 0xFF, 0x32, 0x00,
  0x48, 0xFF, 0x08, 0x00, 0x97, 0xA6, 0x7D, 0xB7, 0x00, 0x00, 0xB2, 0x78, 0xD4, 0x37, 0xA4, 0x77, 0xD6, 0x4B, 0x00, 0x00, 0x11, 0xE1, 0xF7, 0x57,
  0x00, 0x00, 0x00, 0x8C, 0xBF, 0x89, 0xB2, 0x00, 0x00, 0x00, 0x4F, 0xF6, 0x38, 0x00, 0x00, 0x13, 0xC1, 0x8F, 0x00, 0x70, 0xAC, 0x00, 0x4C, 0xF3,
  0x28, 0x00, 0x00, 0x00, 0x00, 0x00, 0x00, 0x00, 0x00, 0x00, 0x00, 0x00, 0x00, 0x00, 0x00, 0x00, 0x00, 0x00, 0x00, 0x00, 0x00, 0x00, 0x00, 0x00,
  0x00, 0x00, 0x24, 0xFF, 0xFF, 0xFF, 0xFF, 0xFF, 0xFA, 0xF4, 0xFC, 0x26, 0x03, 0xB2, 0xC3, 0x10, 0x35, 0xE9, 0x69, 0x00, 0x05, 0xF8, 0x99, 0x00,
  0x90, 0xFF, 0x08, 0x6C, 0xFF, 0x2C, 0x34, 0xFF, 0xFF, 0xFF, 0x63, 0x11, 0xFF, 0xFF, 0xFF, 0x64, 0x00, 0x85, 0xFE, 0x5B, 0xA5, 0x98, 0x5F, 0xEE,
  0x62, 0xB4, 0x94, 0x00, 0x3C, 0xFF, 0x41, 0xFB, 0x39, 0x00, 0x00, 0x00, 0x93, 0xFD, 0x22, 0x00, 0x00, 0x00, 0x00, 0x00, 0x00, 0xFF, 0x98, 0x31,
  0xFF, 0x47, 0x00, 0x00, 0x00, 0x00, 0x00, 0x00, 0xB0, 0xC8, 0x00, 0x31, 0xDD, 0xFF, 0xF3, 0xFE, 0xF3, 0xFF, 0xFC, 0xAB, 0x00, 0x00, 0x00, 0x00,
  0x00, 0x7C, 0xDC, 0x00, 0x09, 0xF4, 0x6F, 0x00, 0xF8, 0x64, 0x00, 0x01, 0x6D, 0xEF, 0x0F, 0x47, 0xFF, 0x1A, 0x00, 0x00, 0x00, 0x00, 0x00, 0xF8,
  0x64, 0x00, 0x00, 0x00, 0xEE, 0x75, 0xF8, 0x64, 0x00, 0x00, 0x00, 0x00, 0xF8, 0x64, 0x00, 0x00, 0x00, 0x00, 0x46, 0xFF, 0x1E, 0x00, 0x6C, 0xFF,
  0xFF, 0x9C, 0xF8, 0x64, 0x00, 0x00, 0x00, 0xD0, 0x88, 0x00, 0x30, 0xFF, 0x2C, 0x00, 0x00, 0x00, 0x00, 0x00, 0xF8, 0x64, 0xF8, 0xFD, 0x9A, 0xFE,
  0x46, 0x00, 0x00, 0xF8, 0x64, 0x00, 0x00, 0x00, 0xF8, 0x54, 0x1E, 0xF3, 0xD2, 0x05, 0x90, 0xBC, 0xF8, 0x54, 0x31, 0xFC, 0x5A, 0xC4, 0x88, 0x46,
  0xFF, 0x1E, 0x00, 0x00, 0x00, 0x92, 0xDA, 0xF8, 0xFF, 0xFF, 0xFD, 0xD4, 0x3A, 0x00, 0x47, 0xFF, 0x1E, 0x00, 0x00, 0x00, 0x92, 0xD4, 0xF8, 0xFF,
  0xFF, 0xFF, 0xDC, 0x3B, 0x00, 0x00, 0x00, 0x2D, 0x69, 0xB1, 0xF8, 0x38, 0x00, 0x00, 0x38, 0xFF, 0x24, 0x00, 0x00, 0x02, 0xFF, 0x50, 0x00, 0x00,
  0x14, 0xFF, 0x3E, 0x00, 0x3D, 0xFF, 0x1E, 0x8C, 0xBE, 0x00, 0x00, 0x00, 0x9B, 0xAB, 0x5D, 0xBB, 0x00, 0xAD, 0x7C, 0x8D, 0xAA, 0x00, 0x00, 0x00,
  0x6D, 0xF8, 0xF3, 0x20, 0x00, 0x00, 0x00, 0x00, 0x71, 0xFF, 0xCF, 0x01, 0x00, 0x00, 0x00, 0x00, 0xAC, 0xD3, 0x0A, 0x00, 0x00, 0xF8, 0x34, 0x00,
  0x00, 0x2C, 0xEF, 0x04, 0x00, 0x00, 0x50, 0xE0, 0x2E, 0xA8, 0x00, 0x00, 0x00, 0x8F, 0x51, 0x00, 0x00, 0x00, 0x00, 0x00, 0x00, 0x00, 0x00, 0x00,
  0x00, 0x6E, 0xE9, 0x1C, 0x24, 0xE0, 0x94, 0x00, 0x10, 0xFF, 0x87, 0x0A, 0x4B, 0xFD, 0x3E, 0x27, 0xFA, 0x4B, 0x0A, 0x99, 0x81, 0x27, 0xFD, 0x5F,
  0x09, 0x6E, 0xFF, 0x2C, 0x26, 0xFA, 0x68, 0x09, 0x5C, 0x9B, 0x00, 0x00, 0xBC, 0x90, 0x00, 0x00, 0x8C, 0xF5, 0xF5, 0xBA, 0x19, 0x00, 0x10, 0xFF,
  0x84, 0x09, 0x80, 0xF1, 0x01, 0x10, 0xFF, 0x40, 0x00, 0x10, 0xFF, 0x40, 0x10, 0xFF, 0x42, 0xB1, 0xBF, 0x08, 0x00, 0x10, 0xFF, 0x40, 0x00, 0x10,
  0xFF, 0x40, 0x00, 0x54, 0xF8, 0x00, 0x00, 0x98, 0xB4, 0x10, 0xFF, 0x40, 0x00, 0x38, 0xFF, 0x14, 0x23, 0xF8, 0x4F, 0x0A, 0x85, 0xDC, 0x04, 0x10,
  0xFF, 0x85, 0x09, 0x4A, 0xFD, 0x3F, 0x27, 0xFD, 0x5F, 0x08, 0x6C, 0xFF, 0x2C, 0x10, 0xFF, 0x40, 0x00, 0x00, 0x35, 0x8A, 0x19, 0x18, 0xF3, 0x4D,
  0x00, 0xB8, 0x98, 0x00, 0x07, 0xF9, 0x79, 0x09, 0x8D, 0xFF, 0x08, 0x00, 0x3C, 0xF0, 0xD0, 0x5C, 0x00, 0x00, 0x69, 0xD4, 0xE7, 0x01, 0x56, 0xD5,
  0xF7, 0x0A, 0x00, 0x00, 0xAC, 0xA7, 0x61, 0xEF, 0x1E, 0x00, 0x00, 0x2B, 0xFB, 0xE4, 0x50, 0x00, 0x00, 0x2E, 0xF3, 0x5B, 0x00, 0x00, 0x00, 0xC4,
  0xED, 0x38, 0x00, 0x70, 0xAC, 0x00, 0x0F, 0xD3, 0xFF, 0x08, 0x00, 0x00, 0x00, 0x00, 0x00, 0x00, 0x00, 0x00, 0x00, 0x00, 0x00, 0x00, 0x00, 0x00,
  0x00, 0x00, 0x00, 0x00, 0x00, 0x00, 0x00, 0x00, 0x00, 0x00, 0x00, 0x00, 0x00, 0x00, 0x00, 0x00, 0x35, 0xE7, 0x61, 0x00, 0x3B, 0xA7, 0x07, 0x00,
  0x00, 0x21, 0xC3, 0x03, 0x00, 0xCC, 0x67, 0x00, 0x6E, 0xC4, 0x06, 0x52, 0xC4, 0x21, 0x00, 0x00, 0x56, 0xFF, 0x35, 0x3F, 0xFF, 0x25, 0x00, 0x00,
  0x00, 0xDD, 0xCD, 0x00, 0xA0, 0x8C, 0x00, 0x0D, 0x00, 0x79, 0xD2, 0x12, 0x89, 0xCF, 0x00, 0x00, 0x00, 0x00, 0x00, 0x00, 0x20, 0xF5, 0xB7, 0x00,
  0x00, 0x00, 0x00, 0x00, 0x00, 0xC4, 0x74, 0x8D, 0xDF, 0x00, 0x00, 0x00, 0x00, 0x00, 0x00, 0x00, 0x48, 0xFF, 0x25, 0x00, 0x00, 0x35, 0xC1, 0xFF,
  0xFF, 0x79, 0x15, 0x00, 0x00, 0x00, 0x00, 0x00, 0x00, 0xD7, 0xFF, 0xFF, 0xFF, 0xFF, 0xCA, 0x00, 0xF8, 0x64, 0x00, 0x00, 0x2A, 0xFF, 0x38, 0x20,
  0xFF, 0x3E, 0x00, 0x00, 0x05, 0x29, 0x00, 0xF8, 0x64, 0x00, 0x00, 0x11, 0xFF, 0x4D, 0xF8, 0x64, 0x00, 0x00, 0x00, 0x00, 0xF8, 0x64, 0x00, 0x00,
  0x00, 0x00, 0x1C, 0xFF, 0x44, 0x00, 0x00, 0x00, 0xBA, 0x9C, 0xF8, 0x64, 0x00, 0x00, 0x00, 0xD0, 0x88, 0x00, 0x30, 0xFF, 0x2C, 0x00, 0x00, 0x11,
  0x00, 0x00, 0xF9, 0x61, 0xF8, 0x8B, 0x00, 0xA0, 0xE5, 0x12, 0x00, 0xF8, 0x64, 0x00, 0x00, 0x00, 0xF8, 0x54, 0x00, 0x6C, 0x37, 0x00, 0x90, 0xBC,
  0xF8, 0x54, 0x00, 0x8C, 0xE0, 0xCB, 0x88, 0x1C, 0xFF, 0x46, 0x00, 0x00, 0x00, 0xBA, 0xAA, 0xF8, 0x64, 0x00, 0x00, 0x00, 0x00, 0x00, 0x1E, 0xFE,
  0x46, 0x00, 0x00, 0x00, 0xBA, 0xAB, 0xF8, 0x64, 0x00, 0xA9, 0xCA, 0x01, 0x00, 0x00, 0x01, 0x00, 0x00, 0x00, 0xD4, 0x87, 0x00, 0x00, 0x38, 0xFF,
  0x24, 0x00, 0x00, 0x00, 0xED, 0x61, 0x00, 0x00, 0x26, 0xFF, 0x26, 0x00, 0x01, 0xE3, 0x68, 0xD9, 0x65, 0x00, 0x00, 0x00, 0x5B, 0xE5, 0x9F, 0x76,
  0x00, 0x6A, 0xBC, 0xC9, 0x68, 0x00, 0x00, 0x22, 0xF4, 0x52, 0xC3, 0xBE, 0x01, 0x00, 0x00, 0x00, 0x06, 0xFD, 0x66, 0x00, 0x00, 0x00, 0x00, 0x70,
  0xF3, 0x28, 0x00, 0x00, 0x00, 0xF8, 0x34, 0x00, 0x00, 0x00, 0xDE, 0x41, 0x00, 0x00, 0x50, 0xE0, 0x00, 0x00, 0x00, 0x00, 0x00, 0x00, 0x00, 0x00,
  0x00, 0x00, 0x00, 0x00, 0x00, 0x00, 0x00, 0x00, 0x00, 0x11, 0xC0, 0xF7, 0xBD, 0x5E, 0xF9, 0x3C, 0x10, 0xFF, 0x40, 0x00, 0x00, 0xDD, 0x7B, 0x00,
  0x56, 0xDA, 0xF7, 0xC4, 0x26, 0x60, 0xF4, 0x00, 0x00, 0x24, 0xFF, 0x2C, 0x00, 0x51, 0xD7, 0xF8, 0xCD, 0x3D, 0x00, 0x00, 0xBC, 0x90, 0x00, 0x21,
  0xE6, 0x0E, 0x00, 0x00, 0x00, 0x00, 0x10, 0xFF, 0x40, 0x00, 0x3A, 0xFF, 0x12, 0x10, 0xFF, 0x40, 0x00, 0x10, 0xFF, 0x40, 0x10, 0xFF, 0xC4, 0xFF,
  0x37, 0x00, 0x00, 0x10, 0xFF, 0x40, 0x00, 0x10, 0xFF, 0x40, 0x00, 0x54, 0xF8, 0x00, 0x00, 0x98, 0xB4, 0x10, 0xFF, 0x40, 0x00, 0x38, 0xFF, 0x14,
  0x00, 0x4F, 0xD6, 0xF4, 0xC2, 0x2C, 0x00, 0x10, 0xFF, 0x80, 0xE6, 0xEB, 0x80, 0x00, 0x00, 0x6C, 0xE6, 0xEC, 0x80, 0xFF, 0x2C, 0x10, 0xFF, 0x40,
  0x00, 0x00, 0x18, 0xB3, 0xF6, 0xED, 0x94, 0x02, 0x00, 0xB8, 0x98, 0x00, 0x00, 0x6B, 0xED, 0xE7, 0x90, 0xFF, 0x08, 0x00, 0x01, 0xE0, 0xF5, 0x0C,
  0x00, 0x00, 0x20, 0xFF, 0x9B, 0x00, 0x0D, 0xF9, 0xBB, 0x00, 0x00, 0x67, 0xE5, 0x12, 0x00, 0xB7, 0xC1, 0x02, 0x00, 0x00, 0xCC, 0xE9, 0x05, 0x00,
  0x00, 0x8F, 0xFF, 0xFF, 0xFF, 0xFF, 0x68, 0xC4, 0x64, 0x00, 0x00, 0x70, 0xAC, 0x00, 0x00, 0x20, 0xFF, 0x08, 0x00, 0x00, 0x00, 0x00, 0x00, 0x00,
  0x00, 0x00, 0x00, 0x00, 0x00, 0x00, 0x00, 0x00, 0x00, 0x00, 0x00, 0x00, 0x00, 0x00, 0x00, 0x00, 0x00, 0x00, 0x00, 0x00, 0x00, 0x00, 0x00, 0x00,
  0xBC, 0x5E, 0x00, 0x00, 0x00, 0x01, 0x00, 0x00, 0x00, 0x00, 0x01, 0x00, 0x00, 0x99, 0x35, 0x00, 0x00, 0x00, 0x00, 0x00, 0x00, 0x00, 0x00, 0x00,
  0x70, 0xFD, 0x0A, 0x6C, 0xFF, 0x09, 0x00, 0x00, 0x00, 0xD7, 0xE0, 0x02, 0xA0, 0x8C, 0x00, 0x00, 0x00, 0x0B, 0xA7, 0xF2, 0xCF, 0x30, 0x76, 0xEA,
  0xE2, 0x57, 0x00, 0x00, 0x52, 0xE9, 0xF3, 0x7A, 0x00, 0x6D, 0xFF, 0xFF, 0x1C, 0x00, 0x00, 0xC0, 0xAC, 0x00, 0x00, 0x00, 0x00, 0x00, 0x00, 0x00,
  0x14, 0xFF, 0x64, 0x00, 0x00, 0x24, 0xF2, 0xCA, 0xF7, 0xAE, 0x00, 0x00, 0x00, 0x00, 0x00, 0x00, 0x33, 0xFF, 0x30, 0x00, 0x00, 0x4D, 0xFF, 0x26,
  0xF8, 0x64, 0x00, 0x01, 0x6D, 0xF8, 0x14, 0x00, 0xAD, 0xC8, 0x24, 0x0D, 0x93, 0xEC, 0x0B, 0xF8, 0x64, 0x00, 0x18, 0xA9, 0xD5, 0x04, 0xF8, 0x64,
  0x00, 0x00, 0x00, 0x00, 0xF8, 0x64, 0x00, 0x00, 0x00, 0x00, 0x00, 0xA6, 0xD1, 0x2E, 0x09, 0x4C, 0xF0, 0x9C, 0xF8, 0x64, 0x00, 0x00, 0x00, 0xD0,
  0x88, 0x00, 0x30, 0xFF, 0x2C, 0x00, 0x83, 0xE0, 0x16, 0x45, 0xFF, 0x35, 0xF8, 0x64, 0x00, 0x0F, 0xE2, 0xAA, 0x00, 0xF8, 0x64, 0x00, 0x00, 0x00,
  0xF8, 0x54, 0x00, 0x00, 0x00, 0x00, 0x90, 0xBC, 0xF8, 0x54, 0x00, 0x0A, 0xDF, 0xFF, 0x88, 0x00, 0xA4, 0xD0, 0x2B, 0x0D, 0x68, 0xFC, 0x2F, 0xF8,
  0x64, 0x00, 0x00, 0x00, 0x00, 0x00, 0x00, 0xAB, 0xD0, 0x2B, 0x0D, 0x68, 0xFB, 0x39, 0xF8, 0x64, 0x00, 0x21, 0xF8, 0x61, 0x00, 0x34, 0xDA, 0x43,
  0x06, 0x35, 0xF3, 0x58, 0x00, 0x00, 0x38, 0xFF, 0x24, 0x00, 0x00, 0x00, 0xAB, 0xC7, 0x1C, 0x0F, 0x9C, 0xDE, 0x04, 0x00, 0x00, 0x8D, 0xD4, 0xFA,
  0x12, 0x00, 0x00, 0x00, 0x1B, 0xFF, 0xF0, 0x32, 0x00, 0x28, 0xF6, 0xFA, 0x26, 0x00, 0x01, 0xBF, 0xB0, 0x00, 0x29, 0xF9, 0x6A, 0x00, 0x00, 0x00,
  0x00, 0xFC, 0x60, 0x00, 0x00, 0x00, 0x37, 0xFA, 0x59, 0x00, 0x00, 0x00, 0x00, 0xF8, 0x34, 0x00, 0x00, 0x00, 0x91, 0x8F, 0x00, 0x00, 0x50, 0xE0,
  0x00, 0x00, 0x00, 0x00, 0x00, 0x00, 0x00, 0x00, 0x00, 0x00, 0x00, 0x00, 0x00, 0x00, 0x00, 0x00, 0x00, 0x00, 0x00, 0x00, 0x00, 0x00, 0x00, 0x00,
  0x10, 0xFF, 0x40, 0x00, 0x00, 0xDD, 0x7A, 0x00, 0x00, 0x00, 0x00, 0x00, 0x00, 0x60, 0xF4, 0x00, 0x00, 0x24, 0xFF, 0x2C, 0x00, 0x00, 0x00, 0x00,
  0x00, 0x00, 0x00, 0x00, 0xBC, 0x90, 0x00, 0x0C, 0xD5, 0xFF, 0xFF, 0xF8, 0xC6, 0x18, 0x10, 0xFF, 0x40, 0x00, 0x38, 0xFF, 0x14, 0x10, 0xFF, 0x40,
  0x00, 0x10, 0xFF, 0x40, 0x10, 0xFF, 0xC3, 0xB3, 0xC9, 0x03, 0x00, 0x10, 0xFF, 0x40, 0x00, 0x00, 0x00, 0x00, 0x00, 0x00, 0x00, 0x00, 0x00, 0x00,
  0x00, 0x00, 0x00, 0x00, 0x00, 0x00, 0x00, 0x00, 0x00, 0x00, 0x00, 0x00, 0x00, 0x00, 0x00, 0x10, 0xFF, 0x40, 0x00, 0x00, 0x00, 0x00, 0x00, 0x00,
  0x00, 0x00, 0x24, 0xFF, 0x2C, 0x00, 0x00, 0x00, 0x00, 0x00, 0x00, 0x00, 0x00, 0x00, 0x00, 0x00, 0x00, 0xB6, 0x98, 0x00, 0x00, 0x00, 0x00, 0x00,
  0x00, 0x00, 0x00, 0x00, 0x00, 0x00, 0x00, 0x00, 0x00, 0x00, 0x00, 0x00, 0x00, 0x00, 0x00, 0x00, 0x00, 0x00, 0x00, 0x00, 0x00, 0x00, 0x00, 0x00,
  0x00, 0x00, 0x00, 0x00, 0xC4, 0x8D, 0x00, 0x00, 0x00, 0x00, 0x00, 0x00, 0x00, 0x00, 0x00, 0xC4, 0xED, 0x36, 0x00, 0x70, 0xAC, 0x00, 0x0E, 0xD2,
  0xFF, 0x08, 0x00, 0x00, 0x00, 0x00, 0x00, 0x00, 0x00, 0x00, 0x00, 0x00, 0x00, 0x00, 0x00, 0x00, 0x00, 0x00, 0x00, 0x00, 0x00, 0x00, 0x00, 0x00,
  0x00, 0x00, 0x00, 0x00, 0x00, 0x00, 0x00, 0x00, 0x03, 0x00, 0x00, 0x00, 0x00, 0x00, 0x00, 0x00, 0x00, 0x00, 0x00, 0x00, 0x00, 0x00, 0x00, 0x00,
  0x00, 0x00, 0x00, 0x00, 0x00, 0x00, 0x00, 0x00, 0x8B, 0xDA, 0x00, 0x9A, 0xED, 0x00, 0x00, 0x00, 0x00, 0x65, 0xFF, 0xB1, 0xC2, 0x91, 0x00, 0x00,
  0x00, 0x00, 0x00, 0x00, 0x00, 0x34, 0xFA, 0x2D, 0x4E, 0xF6, 0x17, 0x39, 0xFC, 0x68, 0x4F, 0xFC, 0x4C, 0x77, 0xDA, 0x00, 0x00, 0x00, 0x00, 0xDD,
  0x9C, 0x00, 0x00, 0x00, 0x00, 0x00, 0x00, 0x00, 0x04, 0xFF, 0x80, 0x00, 0x06, 0xCD, 0xE9, 0x18, 0x6B, 0xFF, 0x6E, 0x00, 0x00, 0x00, 0x00, 0x00,
  0x8E, 0xD3, 0x00, 0x00, 0x00, 0x04, 0xE7, 0x82, 0xF8, 0xFF, 0xFF, 0xFF, 0xE9, 0x5F, 0x00, 0x00, 0x10, 0x9F, 0xEE, 0xF6, 0xC5, 0x38, 0x00, 0xF8,
  0xFF, 0xFF, 0xEA, 0xAA, 0x1B, 0x00, 0xF8, 0xFF, 0xFF, 0xFF, 0xFF, 0x64, 0xF8, 0x64, 0x00, 0x00, 0x00, 0x00, 0x00, 0x0B, 0x92, 0xE4, 0xF5, 0xB0,
  0xA3, 0x9C, 0xF8, 0x64, 0x00, 0x00, 0x00, 0xD0, 0x88, 0x54, 0xFF, 0xFF, 0xFF, 0x50, 0x11, 0xB4, 0xF5, 0xE6, 0x74, 0x00, 0xF8, 0x64, 0x00, 0x00,
  0x44, 0xFE, 0x5E, 0xF8, 0xFF, 0xFF, 0xFF, 0xCC, 0xF8, 0x54, 0x00, 0x00, 0x00, 0x00, 0x90, 0xBC, 0xF8, 0x54, 0x00, 0x00, 0x49, 0xFF, 0x88, 0x00,
  0x09, 0x8C, 0xDF, 0xF3, 0xC7, 0x41, 0x00, 0xF8, 0x64, 0x00, 0x00, 0x00, 0x00, 0x00, 0x00, 0x0A, 0x95, 0xEC, 0xFF, 0xCB, 0x49, 0x00, 0xF8, 0x64,
  0x00, 0x00, 0x8B, 0xE7, 0x0D, 0x01, 0x75, 0xDF, 0xF9, 0xDE, 0x78, 0x00, 0x00, 0x00, 0x38, 0xFF, 0x24, 0x00, 0x00, 0x00, 0x19, 0xAD, 0xF4, 0xF9,
  0xC7, 0x32, 0x00, 0x00, 0x00, 0x34, 0xFF, 0xB4, 0x00, 0x00, 0x00, 0x00, 0x00, 0xDC, 0xEC, 0x01, 0x00, 0x00, 0xE4, 0xE4, 0x00, 0x00, 0x6B, 0xF3,
  0x1D, 0x00, 0x00, 0x81, 0xF4, 0x21, 0x00, 0x00, 0x00, 0xFC, 0x60, 0x00, 0x00, 0x00, 0x90, 0xFF, 0xFF, 0xFF, 0xFF, 0xFF, 0xA4, 0xF8, 0x34, 0x00,
  0x00, 0x00, 0x43, 0xDC, 0x00, 0x00, 0x50, 0xE0, 0x00, 0x00, 0x00, 0x00, 0x00, 0x00, 0x00, 0x00, 0x00, 0x00, 0x00, 0x00, 0x00, 0x00, 0x00, 0x00,
  0x00, 0x00, 0x00, 0x00, 0x00, 0x00, 0x00, 0x00, 0x10, 0xFF, 0x85, 0x09, 0x4A, 0xFD, 0x3F, 0x00, 0x00, 0x00, 0x00, 0x00, 0x00, 0x27, 0xFD, 0x5F,
  0x08, 0x6C, 0xFF, 0x2C, 0x00, 0x00, 0x00, 0x00, 0x00, 0x00, 0x00, 0x00, 0xBC, 0x90, 0x00, 0x73, 0xAB, 0x06, 0x00, 0x21, 0xF0, 0x57, 0x10, 0xFF,
  0x40, 0x00, 0x38, 0xFF, 0x14, 0x10, 0xFF, 0x40, 0x00, 0x10, 0xFF, 0x40, 0x10, 0xFF, 0x41, 0x1C, 0xF2, 0x75, 0x00, 0x0E, 0xFF, 0x40, 0x00, 0x00,
  0x00, 0x00, 0x00, 0x00, 0x00, 0x00, 0x00, 0x00, 0x00, 0x00, 0x00, 0x00, 0x00, 0x00, 0x00, 0x00, 0x00, 0x00, 0x00, 0x00, 0x00, 0x00, 0x00, 0x10,
  0xFF, 0x40, 0x00, 0x00, 0x00, 0x00, 0x00, 0x00, 0x00, 0x00, 0x24, 0xFF, 0x2C, 0x00, 0x00, 0x00, 0x00, 0x00, 0x00, 0x00, 0x00, 0x00, 0x00, 0x00,
  0x00, 0x68, 0xF7, 0xCC, 0x00, 0x00, 0x00, 0x00, 0x00, 0x00, 0x00, 0x00, 0x00, 0x00, 0x00, 0x00, 0x00, 0x00, 0x00, 0x00, 0x00, 0x00, 0x00, 0x00,
  0x00, 0x00, 0x00, 0x00, 0x00, 0x00, 0x00, 0x00, 0x00, 0x00, 0x00, 0xFF, 0xDA, 0x1D, 0x00, 0x00, 0x00, 0x00, 0x00, 0x00, 0x00, 0x00, 0x00, 0x15,
  0xC2, 0x8F, 0x00, 0x70, 0xAC, 0x00, 0x4B, 0xF4, 0x2B, 0x00, 0x00, 0x00, 0x00, 0x00, 0x00, 0x00, 0x00, 0x00, 0x00, 0x00, 0x00, 0x00, 0x00, 0x00,
  0x00, 0x00, 0x00, 0x00, 0x00, 0x00, 0x00, 0x00, 0x00, 0x00, 0x00, 0x00, 0x00, 0x00, 0x00, 0x00, 0x00, 0x00, 0x00, 0x00, 0x00, 0x00, 0x00, 0x00,
  0x00, 0x00, 0x00, 0x00, 0x00, 0x00, 0x00, 0x00, 0x00, 0x00, 0x00, 0x00, 0x00, 0x00, 0xCC, 0xFF, 0xFF, 0xAC, 0x00, 0xC8, 0xFF, 0xFF, 0xCC, 0x00,
  0x00, 0x00, 0x41, 0xA0, 0xEC, 0xFF, 0xDD, 0x7C, 0x04, 0x00, 0x00, 0xA1, 0xC9, 0x72, 0xD8, 0x00, 0x01, 0xFB, 0x4B, 0x9A, 0xFF, 0x18, 0x00, 0x82,
  0xEF, 0xB3, 0xA7, 0x00, 0x00, 0x00, 0x00, 0xDE, 0x9C, 0x00, 0x00, 0x00, 0x00, 0x00, 0x00, 0x00, 0x04, 0xFF, 0x7F, 0x00, 0x13, 0xB8, 0x49, 0x00,
  0x00, 0xA8, 0x6E, 0x00, 0x00, 0x00, 0x00, 0x00, 0x00, 0x00, 0x00, 0x00, 0x00, 0x00, 0x00, 0x00, 0x00, 0x00, 0x00, 0x00, 0x00, 0x00, 0x00, 0x00,
  0x00, 0x00, 0x00, 0x00, 0x00, 0x00, 0x00, 0x00, 0x00, 0x00, 0x00, 0x00, 0x00, 0x00, 0x00, 0x00, 0x00, 0x00, 0x00, 0x00, 0x00, 0x00, 0x00, 0x00,
  0x00, 0x00, 0x00, 0x00, 0x00, 0x00, 0x00, 0x00, 0x00, 0x00, 0x00, 0x00, 0x00, 0x00, 0x00, 0x00, 0x00, 0x00, 0x00, 0x00, 0x00, 0x00, 0x00, 0x00,
  0x00, 0x00, 0x00, 0x00, 0x00, 0x00, 0x00, 0x00, 0x00, 0x00, 0x00, 0x00, 0x00, 0x00, 0x00, 0x00, 0x00, 0x00, 0x00, 0x00, 0x00, 0x00, 0x00, 0x00,
  0x00, 0x00, 0x00, 0x00, 0x00, 0x00, 0x00, 0x00, 0x00, 0x00, 0x00, 0x00, 0x00, 0x00, 0x00, 0x00, 0x00, 0x00, 0x00, 0x00, 0x00, 0x00, 0x00, 0x00,
  0x00, 0x45, 0xFC, 0x00, 0x00, 0x00, 0x00, 0x00, 0x00, 0x00, 0x00, 0x00, 0x00, 0x00, 0x00, 0x00, 0x00, 0x00, 0x00, 0x00, 0x00, 0x00, 0x00, 0x00,
  0x00, 0x00, 0x00, 0x00, 0x00, 0x00, 0x00, 0x00, 0x00, 0x00, 0x00, 0x00, 0x00, 0x00, 0x00, 0x00, 0x00, 0x00, 0x00, 0x00, 0x00, 0x00, 0x00, 0x00,
  0x00, 0x00, 0x00, 0x00, 0x00, 0x00, 0x00, 0x00, 0x00, 0x00, 0x00, 0x00, 0x00, 0x00, 0x00, 0x00, 0x00, 0x00, 0x00, 0x00, 0x00, 0x00, 0x00, 0x00,
  0x00, 0x00, 0x00, 0x00, 0x00, 0xF8, 0x34, 0x00, 0x00, 0x00, 0x05, 0xF0, 0x2A, 0x00, 0x50, 0xE0, 0x00, 0x00, 0x00, 0x00, 0x00, 0x00, 0x00, 0x00,
  0x00, 0x00, 0x00, 0x00, 0x00, 0x00, 0x00, 0x00, 0x00, 0x00, 0x00, 0x00, 0x00, 0x00, 0x00, 0x00, 0x10, 0xFF, 0x80, 0xE6, 0xEB, 0x80, 0x00, 0x00,
  0x00, 0x00, 0x00, 0x00, 0x00, 0x00, 0x6C, 0xE6, 0xEC, 0x80, 0xFF, 0x2C, 0x00, 0x00, 0x00, 0x00, 0x00, 0x00, 0x00, 0x00, 0xBC, 0x90, 0x00, 0x39,
  0xCD, 0xF5, 0xFA, 0xE7, 0x9F, 0x0B, 0x10, 0xFF, 0x40, 0x00, 0x38, 0xFF, 0x14, 0x10, 0xFF, 0x40, 0x00, 0x10, 0xFF, 0x40, 0x10, 0xFF, 0x40, 0x00,
  0x6D, 0xF7, 0x27, 0x00, 0xBD, 0xFE, 0x1C, 0x00, 0x00, 0x00, 0x00, 0x00, 0x00, 0x00, 0x00, 0x00, 0x00, 0x00, 0x00, 0x00, 0x00, 0x00, 0x00, 0x00,
  0x00, 0x00, 0x00, 0x00, 0x00, 0x00, 0x00, 0x00, 0x00, 0x00, 0x00, 0x00, 0x00, 0x00, 0x00, 0x00, 0x00, 0x00, 0x00, 0x00, 0x00, 0x00, 0x00, 0x00,
  0x00, 0x00, 0x00, 0x00, 0x00, 0x00, 0x00, 0x00, 0x00, 0x00, 0x00, 0x00, 0x00, 0x00, 0x00, 0x00, 0x00, 0x00, 0x00, 0x00, 0x00, 0x00, 0x00, 0x00,
  0x00, 0x00, 0x00, 0x00, 0x00, 0x00, 0x00, 0x00, 0x00, 0x00, 0x00, 0x00, 0x00, 0x00, 0x00, 0x00, 0x00, 0x00, 0x00, 0x00, 0x00, 0x00, 0x00, 0x00,
  0x00, 0x00, 0x00, 0x00, 0x00, 0x00, 0x00, 0x00, 0x98, 0x94, 0x00, 0x70, 0xAC, 0x00, 0x50, 0xE0, 0x00, 0x00, 0x00, 0x00, 0x00, 0x00, 0x00, 0x00,
  0x00, 0x00, 0x00, 0x00, 0x00, 0x00, 0x00, 0x00, 0x00, 0x00, 0x00, 0x00, 0x00, 0x00, 0x00, 0x00, 0x00, 0x00, 0x00, 0x00, 0x00, 0x00, 0x00, 0x00,
  0x00, 0x00, 0x00, 0x00, 0x00, 0x00, 0x00, 0x00, 0x00, 0x00, 0x00, 0x00, 0x48, 0xF1, 0xCB, 0x05, 0x00, 0x00, 0x00, 0x00, 0x00, 0x00, 0x00, 0x00,
  0xF0, 0x7E, 0x01, 0xF3, 0x8A, 0x00, 0x00, 0x00, 0x00, 0x00, 0x00, 0x00, 0xA0, 0x9C, 0x79, 0xFF, 0x8C, 0x00, 0x42, 0xFB, 0x2F, 0x70, 0xD8, 0x00,
  0x01, 0xFB, 0x4A, 0x9C, 0xFF, 0x14, 0x00, 0x02, 0xBA, 0xFF, 0x72, 0x00, 0x00, 0x00, 0x00, 0xC0, 0xAC, 0x00, 0x00, 0x00, 0x00, 0x00, 0x00, 0x00,
  0x14, 0xFF, 0x64, 0x00, 0x00, 0x00, 0x00, 0x00, 0x00, 0x00, 0x00, 0x00, 0x00, 0x00, 0x00, 0x00, 0x00, 0x00, 0x00, 0x00, 0x00, 0x00, 0x00, 0x00,
  0x00, 0x00, 0x00, 0x00, 0x00, 0x00, 0x00, 0x00, 0x00, 0x00, 0x00, 0x00, 0x00, 0x00, 0x00, 0x00, 0x00, 0x00, 0x00, 0x00, 0x00, 0x00, 0x00, 0x00,
  0x00, 0x00, 0x00, 0x00, 0x00, 0x00, 0x00, 0x00, 0x00, 0x00, 0x00, 0x00, 0x00, 0x00, 0x00, 0x00, 0x00, 0x00, 0x00, 0x00, 0x00, 0x00, 0x00, 0x00,
  0x00, 0x00, 0x00, 0x00, 0x00, 0x00, 0x00, 0x00, 0x00, 0x00, 0x00, 0x00, 0x00, 0x00, 0x00, 0x00, 0x00, 0x00, 0x00, 0x00, 0x00, 0x00, 0x00, 0x00,
  0x00, 0x00, 0x00, 0x00, 0x00, 0x00, 0x00, 0x00, 0x00, 0x00, 0x00, 0x00, 0x00, 0x00, 0x00, 0x00, 0x00, 0x00, 0x00, 0x00, 0x00, 0x00, 0x00, 0x00,
  0x00, 0x00, 0x00, 0x00, 0x00, 0x00, 0x00, 0x00, 0x00, 0x14, 0xDB, 0xFF, 0x48, 0x00, 0x00, 0x00, 0x00, 0x00, 0x00, 0x00, 0x00, 0x00, 0x00, 0x00,
  0x00, 0x00, 0x00, 0x00, 0x00, 0x00, 0x00, 0x00, 0x00, 0x00, 0x00, 0x00, 0x00, 0x00, 0x00, 0x00, 0x00, 0x00, 0x00, 0x00, 0x00, 0x00, 0x00, 0x00,
  0x00, 0x00, 0x00, 0x00, 0x00, 0x00, 0x00, 0x00, 0x00, 0x00, 0x00, 0x00, 0x00, 0x00, 0x00, 0x00, 0x00, 0x00, 0x00, 0x00, 0x00, 0x00, 0x00, 0x00,
  0x00, 0x00, 0x00, 0x00, 0x00, 0x00, 0x00, 0x00, 0x00, 0x00, 0x00, 0x00, 0x00, 0xF8, 0x34, 0x00, 0x00, 0x00, 0x00, 0xA8, 0x77, 0x00, 0x50, 0xE0,
  0x00, 0x00, 0x00, 0x00, 0x00, 0x00, 0x00, 0x00, 0x00, 0x00, 0x00, 0x00, 0x00, 0x00, 0x00, 0x00, 0x00, 0x00, 0x00, 0x00, 0x00, 0x00, 0x00, 0x00,
  0x00, 0x00, 0x00, 0x00, 0x00, 0x00, 0x00, 0x00, 0x00, 0x00, 0x00, 0x00, 0x00, 0x00, 0x00, 0x00, 0x00, 0x00, 0x00, 0x00, 0x00, 0x00, 0x00, 0x00,
  0x00, 0x00, 0x00, 0x00, 0x00, 0x00, 0x00, 0x00, 0x00, 0x00, 0x00, 0x00, 0x00, 0x00, 0x00, 0x00, 0x00, 0x00, 0x00, 0x00, 0x00, 0x00, 0x00, 0x00,
  0x00, 0x10, 0xFF, 0x3C, 0x00, 0x00, 0x00, 0x00, 0x00, 0x00, 0x00, 0x00, 0x00, 0x00, 0x00, 0x00, 0x00, 0x00, 0x00, 0x00, 0x00, 0x00, 0x00, 0x00,
  0x00, 0x00, 0x00, 0x00, 0x00, 0x00, 0x00, 0x00, 0x00, 0x00, 0x00, 0x00, 0x00, 0x00, 0x00, 0x00, 0x00, 0x00, 0x00, 0x00, 0x00, 0x00, 0x00, 0x00,
  0x00, 0x00, 0x00, 0x00, 0x00, 0x00, 0x00, 0x00, 0x00, 0x00, 0x00, 0x00, 0x00, 0x00, 0x00, 0x00, 0x00, 0x00, 0x00, 0x00, 0x00, 0x00, 0x00, 0x00,
  0x00, 0x00, 0x00, 0x00, 0x00, 0x00, 0x00, 0x00, 0x00, 0x00, 0x00, 0x00, 0x00, 0x00, 0x00, 0x00, 0x00, 0x00, 0x00, 0x00, 0x00, 0x00, 0x00, 0x00,
  0x00, 0x00, 0x00, 0x00, 0x00, 0x00, 0x00, 0x00, 0x00, 0x00, 0x00, 0x00, 0x00, 0x00, 0x00, 0x00, 0x98, 0x94, 0x00, 0x70, 0xAC, 0x00, 0x50, 0xE0,
  0x00, 0x00, 0x00, 0x00, 0x00, 0x00, 0x00, 0x00, 0x00, 0x00, 0x00, 0x00, 0x00, 0x00, 0x00, 0x00, 0x00, 0x00, 0x00, 0x00, 0x00, 0x00, 0x00, 0x00,
  0x00, 0x00, 0x00, 0x00, 0x00, 0x00, 0x00, 0x00, 0x00, 0x00, 0x00, 0x00, 0x00, 0x00, 0x00, 0x00, 0x00, 0x00, 0x00, 0x00, 0x89, 0xFF, 0xFF, 0x21,
  0x00, 0x00, 0x00, 0x00, 0x00, 0x00, 0x00, 0x22, 0xFF, 0x50, 0x24, 0xFF, 0x57, 0x00, 0x00, 0x00, 0x00, 0x00, 0x00, 0x00, 0xA0, 0x8C, 0x00, 0xD2,
  0xDF, 0x08, 0xDA, 0x8B, 0x00, 0x35, 0xFA, 0x2B, 0x4C, 0xF7, 0x18, 0x49, 0xFF, 0x9A, 0x10, 0x27, 0xB1, 0xBD, 0xED, 0x24, 0x00, 0x00, 0x00, 0x8E,
  0xDF, 0x00, 0x00, 0x00, 0x00, 0x00, 0x00, 0x00, 0x48, 0xFF, 0x27, 0x00, 0x00, 0x00, 0x00, 0x00, 0x00, 0x00, 0x00, 0x00, 0x00, 0x00, 0x00, 0x00,
  0x00, 0x00, 0x00, 0x00, 0x00, 0x00, 0x00, 0x00, 0x00, 0x00, 0x00, 0x00, 0x00, 0x00, 0x00, 0x00, 0x00, 0x00, 0x00, 0x00, 0x00, 0x00, 0x00, 0x00,
  0x00, 0x00, 0x00, 0x00, 0x00, 0x00, 0x00, 0x00, 0x00, 0x00, 0x00, 0x00, 0x00, 0x00, 0x00, 0x00, 0x00, 0x00, 0x00, 0x00, 0x00, 0x00, 0x00, 0x00,
  0x00, 0x00, 0x00, 0x00, 0x00, 0x00, 0x00, 0x00, 0x00, 0x00, 0x00, 0x00, 0x00, 0x00, 0x00, 0x00, 0x00, 0x00, 0x00, 0x00, 0x00, 0x00, 0x00, 0x00,
  0x00, 0x00, 0x00, 0x00, 0x00, 0x00, 0x00, 0x00, 0x00, 0x00, 0x00, 0x00, 0x00, 0x00, 0x00, 0x00, 0x00, 0x00, 0x00, 0x00, 0x00, 0x00, 0x00, 0x00,
  0x00, 0x00, 0x00, 0x00, 0x00, 0x00, 0x00, 0x00, 0x00, 0x00, 0x00, 0x00, 0x00, 0x00, 0x00, 0x00, 0x00, 0x00, 0x00, 0x00, 0x00, 0x00, 0x00, 0x00,
  0x00, 0x00, 0x00, 0x00, 0x00, 0x00, 0x00, 0x00, 0x00, 0x00, 0x00, 0x00, 0x00, 0x00, 0x00, 0x00, 0x00, 0x00, 0x00, 0x00, 0x00, 0x00, 0x00, 0x00,
  0x00, 0x00, 0x00, 0x00, 0x00, 0x00, 0x00, 0x00, 0x00, 0x00, 0x00, 0x00, 0x00, 0x00, 0x00, 0x00, 0x00, 0x00, 0x00, 0x00, 0x00, 0x00, 0x00, 0x00,
  0x00, 0x00, 0x00, 0x00, 0x00, 0x00, 0x00, 0x00, 0x00, 0x00, 0x00, 0x00, 0x00, 0x00, 0x00, 0x00, 0x00, 0x00, 0x00, 0x00, 0x00, 0xF8, 0xFF, 0x3C,
  0x00, 0x00, 0x00, 0x5B, 0xC5, 0x54, 0xFF, 0xE0, 0x00, 0x00, 0x00, 0x00, 0x00, 0x00, 0x00, 0x00, 0x00, 0x00, 0x00, 0x00, 0x00, 0x00, 0x00, 0x00,
  0x00, 0x00, 0x00, 0x00, 0x00, 0x00, 0x00, 0x00, 0x00, 0x00, 0x00, 0x00, 0x00, 0x00, 0x00, 0x00, 0x00, 0x00, 0x00, 0x00, 0x00, 0x00, 0x00, 0x00,
  0x00, 0x00, 0x00, 0x00, 0x00, 0x00, 0x00, 0x00, 0x00, 0x00, 0x00, 0x00, 0x00, 0x00, 0x00, 0x00, 0x00, 0x00, 0x00, 0x00, 0x00, 0x00, 0x00, 0x00,
  0x00, 0x00, 0x00, 0x00, 0x00, 0x00, 0x00, 0x00, 0x08, 0xFE, 0xCB, 0x0B, 0x00, 0x00, 0x00, 0x00, 0x00, 0x00, 0x00, 0x00, 0x00, 0x00, 0x00, 0x00,
  0x00, 0x00, 0x00, 0x00, 0x00, 0x00, 0x00, 0x00, 0x00, 0x00, 0x00, 0x00, 0x00, 0x00, 0x00, 0x00, 0x00, 0x00, 0x00, 0x00, 0x00, 0x00, 0x00, 0x00,
  0x00, 0x00, 0x00, 0x00, 0x00, 0x00, 0x00, 0x00, 0x00, 0x00, 0x00, 0x00, 0x00, 0x00, 0x00, 0x00, 0x00, 0x00, 0x00, 0x00, 0x00, 0x00, 0x00, 0x00,
  0x00, 0x00, 0x00, 0x00, 0x00, 0x00, 0x00, 0x00, 0x00, 0x00, 0x00, 0x00, 0x00, 0x00, 0x00, 0x00, 0x00, 0x00, 0x00, 0x00, 0x00, 0x00, 0x00, 0x00,
  0x00, 0x00, 0x00, 0x00, 0x00, 0x00, 0x00, 0x00, 0x00, 0x00, 0x00, 0x00, 0x00, 0x00, 0x00, 0x00, 0x00, 0x00, 0x00, 0x00, 0x00, 0x00, 0x00, 0x00,
  0x67, 0xF8, 0x94, 0x70, 0xAC, 0x54, 0xFE, 0xA7, 0x00, 0x00, 0x00, 0x00, 0x00, 0x00, 0x00, 0x00, 0x00, 0x00, 0x00, 0x00, 0x00, 0x00, 0x00, 0x00,
  0x00, 0x00, 0x00, 0x00, 0x00, 0x00, 0x00, 0x00, 0x00, 0x00, 0x00, 0x00, 0x00, 0x00, 0x00, 0x00, 0x00, 0x00, 0x00, 0x00, 0x00, 0x00, 0x00, 0x00,
  0x00, 0x00, 0x00, 0x00, 0x48, 0xF1, 0xCB, 0x05, 0x00, 0x00, 0x00, 0x00, 0x00, 0x00, 0x00, 0x53, 0xFF, 0x22, 0x51, 0xFF, 0x25, 0x00, 0x00, 0x00,
  0x00, 0x2A, 0x0A, 0x00, 0xA0, 0x8C, 0x00, 0xD7, 0xD2, 0x84, 0xE0, 0x0B, 0x00, 0x00, 0x79, 0xEB, 0xE3, 0x5A, 0x00, 0x00, 0x60, 0xD6, 0xF6, 0xC9,
  0x30, 0x17, 0xE6, 0xD8, 0x10, 0x00, 0x00, 0x32, 0xFF, 0x47, 0x00, 0x00, 0x00, 0x00, 0x00, 0x00, 0xB0, 0xC9, 0x00, 0x00, 0x00, 0x00, 0x00, 0x00,
  0x00, 0x00, 0x00, 0x00, 0x00, 0x00, 0x00, 0x00, 0x00, 0x00, 0x00, 0x00, 0x00, 0x00, 0x00, 0x00, 0x00, 0x00, 0x00, 0x00, 0x00, 0x00, 0x00, 0x00,
  0x00, 0x00, 0x00, 0x00, 0x00, 0x00, 0x00, 0x00, 0x00, 0x00, 0x00, 0x00, 0x00, 0x00, 0x00, 0x00, 0x00, 0x00, 0x00, 0x00, 0x00, 0x00, 0x00, 0x00,
  0x00, 0x00, 0x00, 0x00, 0x00, 0x00, 0x00, 0x00, 0x00, 0x00, 0x00, 0x00, 0x00, 0x00, 0x00, 0x00, 0x00, 0x00, 0x00, 0x00, 0x00, 0x00, 0x00, 0x00,
  0x00, 0x00, 0x00, 0x00, 0x00, 0x00, 0x00, 0x00, 0x00, 0x00, 0x00, 0x00, 0x00, 0x00, 0x00, 0x00, 0x00, 0x00, 0x00, 0x00, 0x00, 0x00, 0x00, 0x00,
  0x00, 0x00, 0x00, 0x00, 0x00, 0x00, 0x00, 0x00, 0x00, 0x00, 0x00, 0x00, 0x00, 0x00, 0x00, 0x00, 0x00, 0x00, 0x00, 0x00, 0x00, 0x00, 0x00, 0x00,
  0x00, 0x00, 0x00, 0x00, 0x00, 0x00, 0x00, 0x00, 0x00, 0x00, 0x00, 0x00, 0x00, 0x00, 0x00, 0x00, 0x00, 0x00, 0x00, 0x00, 0x00, 0x00, 0x00, 0x00,
  0x00, 0x00, 0x00, 0x00, 0x00, 0x00, 0x00, 0x00, 0x00, 0x00, 0x00, 0x00, 0x00, 0x00, 0x00, 0x00, 0x00, 0x00, 0x00, 0x00, 0x00, 0x00, 0x00, 0x00,
  0x00, 0x00, 0x00, 0x00, 0x00, 0x00, 0x00, 0x00, 0x00, 0x00, 0x00, 0x00, 0x00, 0x00, 0x00, 0x00, 0x00, 0x00, 0x00, 0x00, 0x00, 0x00, 0x00, 0x00,
  0x00, 0x00, 0x00, 0x00, 0x00, 0x00, 0x00, 0x00, 0x00, 0x00, 0x00, 0x00, 0x00, 0x00, 0x00, 0x00, 0x00, 0x00, 0x00, 0x00, 0x00, 0x00, 0x00, 0x00,
  0x00, 0x00, 0x00, 0x00, 0x00, 0x00, 0x00, 0x00, 0x00, 0x00, 0x00, 0x00, 0x00, 0x00, 0x00, 0x00, 0x00, 0x00, 0x00, 0x00, 0x00, 0x00, 0x00, 0x00,
  0x00, 0x00, 0x00, 0x00, 0x00, 0x00, 0x00, 0x00, 0x00, 0x00, 0x00, 0x00, 0x00, 0x00, 0x00, 0x00, 0x00, 0x00, 0x00, 0x00, 0x00, 0x00, 0x00, 0x00,
  0x00, 0x00, 0x00, 0x00, 0x00, 0x00, 0x00, 0x00, 0x00, 0x00, 0x00, 0x00, 0x00, 0x00, 0x00, 0x00, 0x00, 0x00, 0x00, 0x00, 0x00, 0x00, 0x00, 0x00,
  0x00, 0x00, 0x00, 0x00, 0x00, 0x00, 0x00, 0x00, 0x00, 0x00, 0x00, 0x00, 0x00, 0x00, 0x00, 0x00, 0x00, 0x00, 0x00, 0x00, 0x00, 0x00, 0x00, 0x00,
  0x00, 0x00, 0x00, 0x00, 0x00, 0x00, 0x00, 0x00, 0x00, 0x00, 0x00, 0x00, 0x00, 0x00, 0x00, 0x00, 0x00, 0x00, 0x00, 0x00, 0x00, 0x00, 0x00, 0x00,
  0x00, 0x00, 0x00, 0x00, 0x00, 0x00, 0x00, 0x00, 0x00, 0x00, 0x00, 0x00, 0x00, 0x00, 0x00, 0x00, 0x00, 0x00, 0x00, 0x00, 0x00, 0x00, 0x00, 0x00,
  0x00, 0x00, 0x00, 0x00, 0x00, 0x00, 0x00, 0x00, 0x00, 0x00, 0x00, 0x00, 0x00, 0x00, 0x00, 0x00, 0x00, 0x00, 0x00, 0x00, 0x00, 0x00, 0x00, 0x00,
  0x00, 0x00, 0x00, 0x00, 0x00, 0x00, 0x00, 0x00, 0x00, 0x00, 0x00, 0x00, 0x00, 0x00, 0x00, 0x00, 0x00, 0x00, 0x00, 0x00, 0x00, 0x00, 0x00, 0x00,
  0x00, 0x00, 0x00, 0x00, 0x00, 0x00, 0x00, 0x00, 0x00, 0x00, 0x00, 0x00, 0x00, 0x00, 0x00, 0x00, 0x00, 0x00, 0x00, 0x00, 0x00, 0x00, 0x00, 0x00,
  0x00, 0x00, 0x00, 0x00, 0x00, 0x00, 0x00, 0x00, 0x00, 0x00, 0x00, 0x00, 0x00, 0x00, 0x00, 0x00, 0x00, 0x00, 0x00, 0x00, 0x00, 0x00, 0x00, 0x00,
  0x00, 0x00, 0x00, 0x00, 0x00, 0x00, 0x00, 0x00, 0x16, 0xEE, 0xC8, 0x39, 0xA3, 0x95, 0x75, 0xFF, 0x66, 0x00, 0x00, 0x00, 0x00, 0x00, 0x00, 0x00,
  0x00, 0x00, 0x00, 0x00, 0x00, 0x00, 0x00, 0x00, 0x00, 0x00, 0x00, 0x00, 0x00, 0x00, 0x00, 0x00, 0xB8, 0xC6, 0x03, 0x00, 0x00, 0x00, 0x00, 0x35,
  0xFD, 0x51, 0x00, 0x00, 0x00, 0x00, 0x00, 0x00, 0x00, 0x00, 0x00, 0x00, 0x00, 0x00, 0x00, 0x00, 0x00, 0x00, 0x00, 0x00, 0x00, 0x00, 0x00, 0x00,
  0x00, 0x00, 0x00, 0x00, 0x00, 0x00, 0x00, 0x00, 0x00, 0x00, 0x00, 0x00, 0x00, 0x00, 0x00, 0x00, 0x00, 0x00, 0x00, 0x00, 0x00, 0x00, 0x00, 0x00,
  0x00, 0x00, 0x00, 0x00, 0x00, 0x00, 0x00, 0x00, 0x00, 0x00, 0x00, 0x00, 0x00, 0x00, 0x00, 0x00, 0x00, 0x00, 0x00, 0x00, 0x00, 0x00, 0x00, 0x00,
  0x00, 0x00, 0x00, 0x00, 0x00, 0x00, 0x00, 0x00, 0x00, 0x00, 0x00, 0x00, 0x00, 0x00, 0x00, 0x00, 0x00, 0x00, 0x00, 0x00, 0x00, 0x00, 0x00, 0x00,
  0x00, 0x00, 0x00, 0x00, 0x00, 0x00, 0x00, 0x00, 0x00, 0x00, 0x00, 0x00, 0x00, 0x00, 0x00, 0x00, 0x00, 0x00, 0x00, 0x00, 0x00, 0x00, 0x00, 0x00,
  0x00, 0x00, 0x00, 0x00, 0x00, 0x00, 0x00, 0x00, 0x00, 0x00, 0x00, 0x00, 0x00, 0x00, 0x00, 0x00, 0x00, 0x00, 0x00, 0x00, 0x00, 0x00, 0x00, 0x00,
  0x00, 0x00, 0x00, 0x00, 0x00, 0x00, 0x00, 0x00, 0x00, 0x00, 0x00, 0x00, 0x00, 0x00, 0x00, 0x00, 0x00, 0x00, 0x00, 0x00, 0x00, 0x00, 0x00, 0x00,
  0x00, 0x00, 0x00, 0x00, 0x00, 0x00, 0x00, 0x00, 0x00, 0x00, 0x00, 0x00, 0x00, 0x00, 0x00, 0x00, 0x00, 0x00, 0x00, 0x00, 0x00, 0x00, 0x00, 0x00,
  0x00, 0x00, 0x00, 0x00, 0x00, 0x00, 0x00, 0x00, 0x00, 0x00, 0x00, 0x00, 0x00, 0x00, 0x00, 0x00, 0x00, 0x00, 0x00, 0x00, 0x00, 0x00, 0x00, 0x00,
  0x00, 0x00, 0x00, 0x00, 0x00, 0x00, 0x00, 0x00, 0x00, 0x00, 0x00, 0x00, 0x00, 0x00, 0x00, 0x00, 0x00, 0x00, 0x00, 0x00, 0x00, 0x00, 0x00, 0x00,
  0x00, 0x00, 0x00, 0x00, 0x00, 0x00, 0x00, 0x00, 0x00, 0x00, 0x00, 0x00, 0x00, 0x00, 0x00, 0x00, 0x00, 0x00, 0x00, 0x00, 0x00, 0x00, 0x00, 0x00,
  0x00, 0x00, 0x00, 0x00, 0x00, 0x00, 0x00, 0x00, 0x00, 0x00, 0x00, 0x00, 0x00, 0x00, 0x00, 0x00, 0x00, 0x00, 0x00, 0x00, 0x00, 0x00, 0x00, 0x00,
  0x00, 0x00, 0x00, 0x00, 0x00, 0x00, 0x00, 0x00, 0x00, 0x00, 0x00, 0x00, 0x00, 0x00, 0x00, 0x00, 0x00, 0x00, 0x00, 0x00, 0x00, 0x00, 0x00, 0x00,
  0x00, 0x00, 0x00, 0x00, 0x00, 0x00, 0x00, 0x00, 0x00, 0x00, 0x00, 0x00, 0x00, 0x00, 0x00, 0x00, 0x00, 0x00, 0x00, 0x00, 0x00, 0x00, 0x00, 0x00,
  0x00, 0x00, 0x00, 0x00, 0x00, 0x00, 0x00, 0x00, 0x00, 0x00, 0x00, 0x00, 0x00, 0x00, 0x00, 0x00, 0x00, 0x00, 0x00, 0x00, 0x00, 0x00, 0x00, 0x00,
  0x00, 0x00, 0x00, 0x00, 0x00, 0x00, 0x00, 0x00, 0x00, 0x00, 0x00, 0x00, 0x00, 0x00, 0x00, 0x00, 0x00, 0x00, 0x00, 0x00, 0x00, 0x00, 0x00, 0x00,
  0x00, 0x00, 0x00, 0x00, 0x00, 0x00, 0x00, 0x00, 0x00, 0x00, 0x00, 0x00, 0x00, 0x00, 0x00, 0x00, 0x00, 0x00, 0x00, 0x00, 0x00, 0x00, 0x00, 0x00,
  0x00, 0x00, 0x00, 0x00, 0x00, 0x00, 0x00, 0x00, 0x00, 0x00, 0x00, 0x00, 0x00, 0x00, 0x00, 0x00, 0x00, 0x00, 0x00, 0x00, 0x00, 0x00, 0x00, 0x00,
  0x00, 0x00, 0x00, 0x00, 0x00, 0x00, 0x00, 0x00, 0x00, 0x00, 0x00, 0x00, 0x00, 0x00, 0x00, 0x00, 0x00, 0x00, 0x00, 0x00, 0x00, 0x00, 0x00, 0x00,
  0x00, 0x00, 0x00, 0x00, 0x00, 0x00, 0x00, 0x00, 0x00, 0x00, 0x00, 0x00, 0x00, 0x00, 0x00, 0x00, 0x00, 0x46, 0xB5, 0xEA, 0xFF, 0xF7, 0xC0, 0x55,
  0x00, 0x00, 0x00, 0x00, 0x00, 0x00, 0x00, 0x00, 0x00, 0x00, 0x00, 0x00, 0x00, 0x00, 0x00, 0x00, 0x00, 0x00, 0x00, 0x00, 0x00, 0x00, 0x00, 0x00,
  0x1D, 0xEF, 0x89, 0x00, 0x00, 0x00, 0x12, 0xDF, 0xA8, 0x00, 0x00, 0x00, 0x00, 0x00, 0x00, 0x00, 0x00, 0x00, 0x00, 0x00, 0x00, 0x00, 0x00, 0x00,
  0x00, 0x00, 0x00, 0x00, 0x00, 0x00, 0x00, 0x00, 0x00, 0x00, 0x00, 0x00, 0x00, 0x00, 0x00, 0x00, 0x00, 0x00, 0x00, 0x00, 0x00, 0x00, 0x00, 0x00,
  0x00, 0x00, 0x00, 0x00, 0x00, 0x00, 0x00, 0x00, 0x00, 0x00, 0x00, 0x00, 0x00, 0x00, 0x00, 0x00, 0x00, 0x00, 0x00, 0x00, 0x00, 0x00, 0x00, 0x00,
  0x00, 0x00, 0x00, 0x00, 0x00, 0x00, 0x00, 0x00, 0x00, 0x00, 0x00, 0x00, 0x00, 0x00, 0x00, 0x00, 0x00, 0x00, 0x00, 0x00, 0x00, 0x00, 0x00, 0x00,
  0x00, 0x00, 0x00, 0x00, 0x00, 0x00, 0x00, 0x00, 0x00, 0x00, 0x00, 0x00, 0x00, 0x00, 0x00, 0x00, 0x00, 0x00, 0x00, 0x00, 0x00, 0x00, 0x00, 0x00,
  0x00, 0x00, 0x00, 0x00, 0x00, 0x00, 0x00, 0x00, 0x00, 0x00, 0x00, 0x00, 0x00, 0x00, 0x00, 0x00, 0x00, 0x00, 0x00, 0x00, 0x00, 0x00, 0x00, 0x00,
  0x00, 0x00, 0x00, 0x00, 0x00, 0x00, 0x00, 0x00, 0x00, 0x00, 0x00, 0x00, 0x00, 0x00, 0x00, 0x00, 0x00, 0x00, 0x00, 0x00, 0x00, 0x00, 0x00, 0x00,
  0x00, 0x00, 0x00, 0x00, 0x00, 0x00, 0x00, 0x00, 0x00, 0x00, 0x00, 0x00, 0x00, 0x00, 0x00, 0x00, 0x00, 0x00, 0x00, 0x00, 0x00, 0x00, 0x00, 0x00,
  0x00, 0x00, 0x00, 0x00, 0x00, 0x00, 0x00, 0x00, 0x00, 0x00, 0x00, 0x00, 0x00, 0x00, 0x00, 0x00, 0x00, 0x00, 0x00, 0x00, 0x00, 0x00, 0x00, 0x00,
  0x00, 0x00, 0x00, 0x00, 0x00, 0x00, 0x00, 0x00, 0x00, 0x00, 0x00, 0x00, 0x00, 0x00, 0x00, 0x00, 0x00, 0x00, 0x00, 0x00, 0x00, 0x00, 0x00, 0x00,
  0x00, 0x00, 0x00, 0x00, 0x00, 0x00, 0x00, 0x00, 0x00, 0x00, 0x00, 0x00, 0x00, 0x00, 0x00, 0x00, 0x00, 0x00, 0x00, 0x00, 0x00, 0x00, 0x00, 0x00,
  0x00, 0x00, 0x00, 0x00, 0x00, 0x00, 0x00, 0x00, 0x00, 0x00, 0x00, 0x00, 0x00, 0x00, 0x00, 0x00, 0x00, 0x00, 0x00, 0x00, 0x00, 0x00, 0x00, 0x00,
  0x00, 0x00, 0x00, 0x00, 0x00, 0x00, 0x00, 0x00, 0x00, 0x00, 0x00, 0x00, 0x00, 0x00, 0x00, 0x00, 0x00, 0x00, 0x00, 0x00, 0x00, 0x00, 0x00, 0x00,
  0x00, 0x00, 0x00, 0x00, 0x00, 0x00, 0x00, 0x00, 0x00, 0x00, 0x00, 0x00, 0x00, 0x00, 0x00, 0x00, 0x00, 0x00, 0x00, 0x00, 0x00, 0x00, 0x00, 0x00,
  0x00, 0x00, 0x00, 0x00, 0x00, 0x00, 0x00, 0x00, 0x00, 0x00, 0x00, 0x00, 0x00, 0x00, 0x00, 0x00, 0x00, 0x00, 0x00, 0x00, 0x00, 0x00, 0x00, 0x00,
  0x00, 0x00, 0x00, 0x00, 0x00, 0x00, 0x00, 0x00, 0x00, 0x00, 0x00, 0x00, 0x00, 0x00, 0x00, 0x00, 0x00, 0x00, 0x00, 0x00, 0x00, 0x00, 0x00, 0x00,
  0x00, 0x00, 0x00, 0x00, 0x00, 0x00, 0x00, 0x00, 0x00, 0x00, 0x00, 0x00, 0x00, 0x00, 0x00, 0x00, 0x00, 0x00, 0x00, 0x00, 0x00, 0x00, 0x00, 0x00,
  0x00, 0x00, 0x00, 0x00, 0x00, 0x00, 0x00, 0x00, 0x00, 0x00, 0x00, 0x00, 0x00, 0x00, 0x00, 0x00, 0x00, 0x00, 0x00, 0x00, 0x00, 0x00, 0x00, 0x00,
  0x00, 0x00, 0x00, 0x00, 0x00, 0x00, 0x00, 0x00, 0x00, 0x00, 0x00, 0x00, 0x00, 0x00, 0x00, 0x00, 0x00, 0x00, 0x00, 0x00, 0x00, 0x00, 0x00, 0x00,
  0x00, 0x00, 0x00, 0x00, 0x00, 0x00, 0x00, 0x00, 0x00, 0x00, 0x00, 0x00, 0x00, 0x00, 0x00, 0x00, 0x00, 0x00, 0x00, 0x00, 0x00, 0x00, 0x00, 0x00,
  0x00, 0x00, 0x00, 0x00, 0xB8, 0xA0, 0x00, 0x00, 0x00, 0x00, 0x00, 0x00, 0x00, 0x00, 0x00, 0x00, 0x00, 0x00, 0x00, 0x00, 0x00, 0x00, 0x00, 0x00,
  0x00, 0x00, 0x00, 0x00, 0x00, 0x00, 0x00, 0x00, 0x00, 0x33, 0xEC, 0x8D, 0x02, 0x20, 0xD6, 0xB2, 0x07, 0x00, 0x00, 0x00, 0x00, 0x00, 0x00, 0x00,
  0x00, 0x00, 0x00, 0x00, 0x00, 0x00, 0x00, 0x00, 0x00, 0x00, 0x00, 0x00, 0x00, 0x00, 0x00, 0x00, 0x00, 0x00, 0x00, 0x00, 0x00, 0x00, 0x00, 0x00,
  0x00, 0x00, 0x00, 0x00, 0x00, 0x00, 0x00, 0x00, 0x00, 0x00, 0x00, 0x00, 0x00, 0x00, 0x00, 0x00, 0x00, 0x00, 0x00, 0x00, 0x00, 0x00, 0x00, 0x00,
  0x00, 0x00, 0x00, 0x00, 0x00, 0x00, 0x00, 0x00, 0x00, 0x00, 0x00, 0x00, 0x00, 0x00, 0x00, 0x00, 0x00, 0x00, 0x00, 0x00, 0x00, 0x00, 0x00, 0x00,
  0x00, 0x00, 0x00, 0x00, 0x00, 0x00, 0x00, 0x00, 0x00, 0x00, 0x00, 0x00, 0x00, 0x00, 0x00, 0x00, 0x00, 0x00, 0x00, 0x00, 0x00, 0x00, 0x00, 0x00,
  0x00, 0x00, 0x00, 0x00, 0x00, 0x00, 0x00, 0x00, 0x00, 0x00, 0x00, 0x00, 0x00, 0x00, 0x00, 0x00, 0x00, 0x00, 0x00, 0x00, 0x00, 0x00, 0x00, 0x00,
  0x00, 0x00, 0x00, 0x00, 0x00, 0x00, 0x00, 0x00, 0x00, 0x00, 0x00, 0x00, 0x00, 0x00, 0x00, 0x00, 0x00, 0x00, 0x00, 0x00, 0x00, 0x00, 0x00, 0x00,
  0x00, 0x00, 0x00, 0x00, 0x00, 0x00, 0x00, 0x00, 0x00, 0x00, 0x00, 0x00, 0x00, 0x00, 0x00, 0x00, 0x00, 0x00, 0x00, 0x00, 0x00, 0x00, 0x00, 0x00,
  0x00, 0x00, 0x00, 0x00, 0x00, 0x00, 0x00, 0x00, 0x00, 0x00, 0x00, 0x00, 0x00, 0x00, 0x00, 0x00, 0x00, 0x00, 0x00, 0x00, 0x00, 0x00, 0x00, 0x00,
  0x00, 0x00, 0x00, 0x00, 0x00, 0x00, 0x00, 0x00, 0x00, 0x00, 0x00, 0x00, 0x00, 0x00, 0x00, 0x00, 0x00, 0x00, 0x00, 0x00, 0x00, 0x00, 0x00, 0x00,
  0x00, 0x00, 0x00, 0x00, 0x00, 0x00, 0x00, 0x00, 0x00, 0x00, 0x00, 0x00, 0x00, 0x00, 0x00, 0x00, 0x00, 0x00, 0x00, 0x00, 0x00, 0x00, 0x00, 0x00,
  0x00, 0x00, 0x00, 0x00, 0x00, 0x00, 0x00, 0x00, 0x00, 0x00, 0x00, 0x00, 0x00, 0x00, 0x00, 0x00, 0x00, 0x00, 0x00, 0x00, 0x00, 0x00, 0x00, 0x00,
  0x00, 0x00, 0x00, 0x00, 0x00, 0x00, 0x00, 0x00, 0x00, 0x00, 0x00, 0x00, 0x00, 0x00, 0x00, 0x00, 0x00, 0x00, 0x00, 0x00, 0x00, 0x00, 0x00, 0x00,
  0x00, 0x00, 0x00, 0x00, 0x00, 0x00, 0x00, 0x00, 0x00, 0x00, 0x00, 0x00, 0x00, 0x00, 0x00, 0x00, 0x00, 0x00, 0x00, 0x00, 0x00, 0x00, 0x00, 0x00,
  0x00, 0x00, 0x00, 0x00, 0x00, 0x00, 0x00, 0x00, 0x00, 0x00, 0x00, 0x00, 0x00, 0x00, 0x00, 0x00, 0x00, 0x00, 0x00, 0x00, 0x00, 0x00, 0x00, 0x00,
  0x00, 0x00, 0x00, 0x00, 0x00, 0x00, 0x00, 0x00, 0x00, 0x00, 0x00, 0x00, 0x00, 0x00, 0x00, 0x00, 0x00, 0x00, 0x00, 0x00, 0x00, 0x00, 0x00, 0x00,
  0x00, 0x00, 0x00, 0x00, 0x00, 0x00, 0x00, 0x00, 0x00, 0x00, 0x00, 0x00, 0x00, 0x00, 0x00, 0x00, 0x00, 0x00, 0x00, 0x00, 0x00, 0x00, 0x00, 0x00,
  0x00, 0x00, 0x00, 0x00, 0x00, 0x00, 0x00, 0x00, 0x00, 0x00, 0x00, 0x00, 0x00, 0x00, 0x00, 0x00, 0x00, 0x00, 0x00, 0x00, 0x00, 0x00, 0x00, 0x00,
  0x00, 0x00, 0x00, 0x00, 0x00, 0x00, 0x00, 0x00, 0x00, 0x00, 0x00, 0x00, 0x00, 0x00, 0x00, 0x00, 0x00, 0x00, 0x00, 0x00, 0x00, 0x00, 0x00, 0x00,
  0x00, 0x00, 0x00, 0x00, 0x00, 0x00, 0x00, 0x00, 0x00, 0x00, 0x00, 0x00, 0x00, 0x00, 0x00, 0x00, 0x00, 0x00, 0x00, 0x00, 0x00, 0x00, 0x00, 0x00,
  0x00, 0x00, 0x00, 0x00, 0x00, 0x00, 0x00, 0x00, 0x00, 0x00, 0x00, 0x00, 0xB8, 0xA0, 0x00, 0x00, 0x00, 0x00, 0x00, 0x00, 0x00, 0x00, 0x00, 0x00,
  0x00, 0x00, 0x00, 0x00, 0x00, 0x00, 0x00, 0x00, 0x00, 0x00, 0x00, 0x00, 0x00, 0x00, 0x00, 0x00, 0x00, 0x00, 0x00, 0x00, 0x00, 0x00, 0x00, 0x00,
  0x00, 0x00, 0x00, 0x00, 0x00, 0x00, 0x00, 0x00, 0x00, 0x00, 0x00, 0x00, 0x00, 0x00, 0x00, 0x00, 0x00, 0x00, 0x00, 0x00, 0x2F, 0x1B, 0x00, 0x00,
  0x00, 0x34, 0xFF, 0xFD, 0x27, 0x9C, 0xFF, 0xFF, 0xFF, 0xFF, 0x38, 0x4E, 0xF2, 0xCF, 0x09, 0x00, 0x00, 0x00, 0x00, 0x00, 0x7A, 0xFB, 0x17, 0x00,
  0x00, 0x50, 0xCB, 0xF7, 0xED, 0xA4, 0x1A, 0x00, 0x00, 0x00, 0x13, 0xD4, 0xFF, 0xFF, 0x58, 0x00, 0x00, 0x00, 0x00, 0x15, 0x9B, 0xE0, 0xF7, 0xE0,
  0x9D, 0x19, 0x00, 0x00, 0x26, 0xA2, 0xE2, 0xF9, 0xE3, 0x9F, 0x1D, 0x00, 0x00, 0x00, 0x00, 0x00, 0x2D, 0xFB, 0xFF, 0x80, 0x00, 0x00, 0x00, 0x4A,
  0xFF, 0xFF, 0xFF, 0xFF, 0xFF, 0xFF, 0x2C, 0x00, 0x00, 0x00, 0x0C, 0xAC, 0xFF, 0xA6, 0x0A, 0x00, 0x10, 0xFF, 0xFF, 0xFF, 0xFF, 0xFF, 0xFF, 0xFF,
  0xA4, 0x00, 0x02, 0x6F, 0xD3, 0xF4, 0xE9, 0xB6, 0x36, 0x00, 0x00, 0x00, 0x56, 0xD0, 0xF8, 0xEC, 0x9F, 0x13, 0x00, 0x4E, 0xF2, 0xCF, 0x09, 0x4E,
  0xF2, 0xCF, 0x09, 0x00, 0x00, 0x00, 0x00, 0x00, 0x1A, 0x9A, 0x38, 0x04, 0xFF, 0xFF, 0xFF, 0xFF, 0xFF, 0xFF, 0xFF, 0x9C, 0x87, 0x62, 0x03, 0x00,
  0x00, 0x00, 0x00, 0x00, 0x07, 0x88, 0xDB, 0xF7, 0xE8, 0xAF, 0x2E, 0x00, 0x00, 0x00, 0x42, 0xC9, 0xF7, 0xEE, 0xA9, 0x1E, 0x00, 0x00, 0x00, 0x00,
  0x93, 0xFF, 0xFF, 0x2D, 0x00, 0x00, 0x00, 0xAC, 0xFF, 0xFF, 0xFF, 0xF3, 0xC1, 0x36, 0x00, 0x00, 0x00, 0x2C, 0xB4, 0xF1, 0xF4, 0xD1, 0x6B, 0x00,
  0xB0, 0xFF, 0xFF, 0xFE, 0xE8, 0x9C, 0x15, 0x00, 0xA0, 0xFF, 0xFF, 0xFF, 0xFF, 0xFF, 0xFF, 0x60, 0xA0, 0xFF, 0xFF, 0xFF, 0xFF, 0xFF, 0xFF, 0x90,
  0x00, 0x00, 0x4A, 0xC9, 0xF7, 0xED, 0xBE, 0x42, 0x00, 0xD8, 0xF0, 0x00, 0x00, 0x00, 0x58, 0xFF, 0x74, 0xB8, 0xFF, 0xFF, 0xFF, 0xFF, 0xFF, 0xFF,
  0x50, 0x00, 0x00, 0xCC, 0xFF, 0xFF, 0xFF, 0xFF, 0xE4, 0xC0, 0xFF, 0x0C, 0x00, 0x00, 0x35, 0xF8, 0xD5, 0x0C, 0x44, 0xFF, 0x84, 0x00, 0x00, 0x00,
  0x00, 0x00, 0x1C, 0xFF, 0xFF, 0x4B, 0x00, 0x00, 0x91, 0xFF, 0xB4, 0xD8, 0xFF, 0xA5, 0x00, 0x00, 0x20, 0xFF, 0x74, 0x00, 0x00, 0x50, 0xCB, 0xF7,
  0xED, 0xA4, 0x1A, 0x00, 0xA8, 0xFF, 0xFF, 0xFF, 0xFB, 0xDB, 0x77, 0x01, 0x00, 0x00, 0x50, 0xCB, 0xF7, 0xED, 0xA4, 0x1A, 0x00, 0xA8, 0xFF, 0xFF,
  0xFF, 0xFB, 0xDB, 0x74, 0x01, 0x00, 0x04, 0x70, 0xD2, 0xF4, 0xF6, 0xD9, 0x91, 0x16, 0x98, 0xFF, 0xFF, 0xFF, 0xFF, 0xFF, 0xFF, 0xFF, 0xFF, 0x34,
  0xE4, 0xE4, 0x00, 0x00, 0x00, 0x4C, 0xFF, 0x80, 0x74, 0xFF, 0x79, 0x00, 0x00, 0x00, 0x00, 0xCB, 0xFC, 0x12, 0x8F, 0xFD, 0x02, 0x00, 0x00, 0x00,
  0x00, 0x55, 0xFF, 0x2A, 0x32, 0xFD, 0xD2, 0x03, 0x00, 0x00, 0x1A, 0xF2, 0xD4, 0x05, 0x8A, 0xFF, 0x73, 0x00, 0x00, 0x00, 0x01, 0xCE, 0xFB, 0x26,
  0x04, 0xFF, 0xFF, 0xFF, 0xFF, 0xFF, 0xFF, 0xFF, 0x9C, 0xB0, 0xFF, 0xFF, 0xFF, 0xFF, 0x18, 0x7B, 0xFA, 0x16, 0x00, 0x00, 0x00, 0x00, 0x00, 0x80,
  0xFF, 0xFF, 0xFF, 0xFF, 0x48, 0x00, 0x00, 0x00, 0x67, 0xFF, 0xF0, 0x11, 0x00, 0x00, 0x00, 0x0C, 0xFF, 0xFF, 0xFF, 0xFF, 0xFF, 0xFF, 0xFF, 0xA4,
  0x00, 0x13, 0x1D, 0x00, 0x00, 0x1F, 0xA5, 0xE8, 0xF9, 0xDE, 0x83, 0x06, 0x00, 0xBC, 0xFF, 0x04, 0x00, 0x00, 0x00, 0x00, 0x00, 0x00, 0x24, 0xB2,
  0xF2, 0xF7, 0xD1, 0x5C, 0x00, 0x00, 0x00, 0x00, 0x00, 0x00, 0x00, 0x68, 0xFF, 0x58, 0x00, 0x00, 0x3B, 0xC6, 0xF7, 0xE5, 0xA9, 0x21, 0x00, 0x00,
  0x00, 0x00, 0x60, 0xE9, 0xFF, 0xFF, 0xC8, 0x00, 0x00, 0x00, 0x00, 0x00, 0x00, 0x80, 0xFC, 0xE4, 0x00, 0x00, 0x00, 0x00, 0x00, 0x00, 0x00, 0x00,
  0x00, 0x00, 0x00, 0x00, 0xFC, 0x94, 0x00, 0x00, 0x00, 0x6B, 0xFF, 0xA4, 0x00, 0x00, 0x00, 0x00, 0x00, 0x00, 0x00, 0x95, 0xFF, 0xFF, 0x2D, 0x00,
  0x00, 0x00, 0x00, 0x00, 0xDB, 0xAF, 0x00, 0x00, 0x4F, 0xFE, 0x86, 0x14, 0x2B, 0xD4, 0xDA, 0x0A, 0x00, 0x0D, 0xCA, 0xE3, 0x8E, 0xFF, 0x58, 0x00,
  0x00, 0x00, 0x00, 0xCA, 0xF7, 0x4F, 0x0A, 0x3E, 0xF2, 0xD2, 0x06, 0x00, 0xA5, 0xE1, 0x41, 0x09, 0x40, 0xF2, 0xD7, 0x09, 0x00, 0x00, 0x00, 0x01,
  0xC6, 0xED, 0xFF, 0x80, 0x00, 0x00, 0x00, 0x5D, 0xFF, 0x12, 0x00, 0x00, 0x00, 0x00, 0x00, 0x00, 0x00, 0x0A, 0xCA, 0xFF, 0x7E, 0x00, 0x00, 0x00,
  0x10, 0xFF, 0x80, 0x00, 0x00, 0x00, 0x5E, 0xFF, 0x98, 0x00, 0x7D, 0xFF, 0x72, 0x0D, 0x21, 0xC4, 0xF3, 0x24, 0x00, 0x74, 0xFF, 0x74, 0x0F, 0x28,
  0xCC, 0xDB, 0x07, 0x95, 0xFF, 0xFF, 0x2D, 0x95, 0xFF, 0xFF, 0x2D, 0x00, 0x00, 0x00, 0x0F, 0x86, 0xF6, 0xF0, 0x29, 0x00, 0x00, 0x00, 0x00, 0x00,
  0x00, 0x00, 0x00, 0x00, 0x84, 0xFF, 0xD5, 0x4E, 0x00, 0x00, 0x00, 0x00, 0x98, 0xFF, 0x6D, 0x0B, 0x26, 0xD9, 0xEC, 0x0C, 0x00, 0x2D, 0xF7, 0x71,
  0x15, 0x1B, 0xA1, 0xD9, 0x04, 0x00, 0x00, 0x00, 0xDE, 0xF7, 0xFF, 0x79, 0x00, 0x00, 0x00, 0xAC, 0xFF, 0x18, 0x00, 0x21, 0xD1, 0xEC, 0x13, 0x00,
  0x1E, 0xEE, 0xC6, 0x25, 0x14, 0xA1, 0xFF, 0x65, 0xB0, 0xFF, 0x18, 0x06, 0x42, 0xE8, 0xD0, 0x05, 0xA0, 0xFF, 0x2C, 0x00, 0x00, 0x00, 0x00, 0x00,
  0xA0, 0xFF, 0x2C, 0x00, 0x00, 0x00, 0x00, 0x00, 0x00, 0x43, 0xFC, 0x9C, 0x17, 0x28, 0xD0, 0xF9, 0x28, 0xD8, 0xF0, 0x00, 0x00, 0x00, 0x58, 0xFF,
  0x74, 0x00, 0x00, 0x18, 0xFF, 0xB4, 0x00, 0x00, 0x00, 0x00, 0x00, 0x00, 0x00, 0x00, 0x00, 0xE8, 0xE4, 0xC0, 0xFF, 0x0C, 0x00, 0x16, 0xE3, 0xF0,
  0x26, 0x00, 0x44, 0xFF, 0x84, 0x00, 0x00, 0x00, 0x00, 0x00, 0x1C, 0xFF, 0xFF, 0xB2, 0x00, 0x0A, 0xEF, 0xFF, 0xB4, 0xD8, 0xFF, 0xF7, 0x11, 0x00,
  0x20, 0xFF, 0x74, 0x00, 0x4F, 0xFE, 0x8B, 0x14, 0x2D, 0xD9, 0xDA, 0x0A, 0xA8, 0xFF, 0x24, 0x00, 0x0A, 0x88, 0xFF, 0x67, 0x00, 0x4E, 0xFE, 0x8B,
  0x14, 0x2D, 0xD9, 0xDA, 0x0A, 0xA8, 0xFF, 0x20, 0x00, 0x09, 0x84, 0xFF, 0x64, 0x00, 0x8E, 0xFF, 0x77, 0x0D, 0x12, 0x70, 0xF4, 0x49, 0x00, 0x00,
  0x00, 0x18, 0xFF, 0xB4, 0x00, 0x00, 0x00, 0x00, 0xE4, 0xE4, 0x00, 0x00, 0x00, 0x4C, 0xFF, 0x80, 0x2A, 0xFF, 0xBD, 0x00, 0x00, 0x00, 0x11, 0xFD,
  0xC5, 0x00, 0x7C, 0xFF, 0x10, 0x00, 0x00, 0x00, 0x00, 0x65, 0xFF, 0x17, 0x00, 0x94, 0xFF, 0x6A, 0x00, 0x00, 0xA7, 0xFF, 0x3F, 0x00, 0x10, 0xED,
  0xEC, 0x0E, 0x00, 0x00, 0x57, 0xFF, 0x96, 0x00, 0x00, 0x00, 0x00, 0x00, 0x00, 0x00, 0xB0, 0xFF, 0x56, 0xB0, 0xC0, 0x00, 0x00, 0x00, 0x00, 0x1B,
  0xFC, 0x73, 0x00, 0x00, 0x00, 0x00, 0x00, 0x00, 0x00, 0x00, 0x28, 0xFF, 0x48, 0x00, 0x00, 0x08, 0xE3, 0xDA, 0xFF, 0x87, 0x00, 0x00, 0x00, 0x00,
  0x00, 0x00, 0x00, 0x00, 0x00, 0x00, 0x00, 0x00, 0x11, 0xEC, 0xB0, 0x00, 0x00, 0x71, 0xCF, 0x29, 0x08, 0x4D, 0xFC, 0x87, 0x00, 0xBC, 0xFF, 0x04,
  0x00, 0x00, 0x00, 0x00, 0x00, 0x18, 0xF0, 0xB7, 0x1E, 0x11, 0xA6, 0xE6, 0x15, 0x00, 0x00, 0x00, 0x00, 0x00, 0x00, 0x68, 0xFF, 0x58, 0x00, 0x3D,
  0xFD, 0x78, 0x0F, 0x20, 0xBC, 0xE6, 0x13, 0x00, 0x00, 0x04, 0xF4, 0xA0, 0x00, 0x00, 0x00, 0x00, 0x00, 0x57, 0xCC, 0xF4, 0xE9, 0xEB, 0x28, 0x00,
  0x00, 0x00, 0x00, 0x00, 0x00, 0x00, 0x00, 0x00, 0x00, 0x00, 0x00, 0x00, 0xFC, 0x94, 0x00, 0x00, 0x00, 0xA2, 0xFD, 0x28, 0x00, 0x00, 0x00, 0x00,
  0x00, 0x00, 0x00, 0x4F, 0xF2, 0xD1, 0x0A, 0x00, 0x00, 0x00, 0x00, 0x3F, 0xFF, 0x4D, 0x00, 0x00, 0xD5, 0xD9, 0x00, 0x00, 0x00, 0x46, 0xFF, 0x6E,
  0x08, 0xBF, 0xF3, 0x2F, 0x74, 0xFF, 0x58, 0x00, 0x00, 0x00, 0x05, 0x6A, 0x6B, 0x00, 0x00, 0x00, 0x9D, 0xFF, 0x3D, 0x00, 0x04, 0x1E, 0x00, 0x00,
  0x00, 0x9D, 0xFF, 0x43, 0x00, 0x00, 0x00, 0x69, 0xFE, 0x69, 0xFF, 0x80, 0x00, 0x00, 0x00, 0x70, 0xFE, 0x03, 0x00, 0x00, 0x00, 0x00, 0x00, 0x00,
  0x00, 0xAA, 0xFF, 0x83, 0x00, 0x00, 0x00, 0x00, 0x10, 0xFF, 0x80, 0x00, 0x00, 0x00, 0xC8, 0xFF, 0x3B, 0x00, 0xD5, 0xE3, 0x00, 0x00, 0x00, 0x4C,
  0xFF, 0x70, 0x0B, 0xF7, 0xCC, 0x00, 0x00, 0x00, 0x40, 0xFF, 0x70, 0x4F, 0xF2, 0xD1, 0x0A, 0x4F, 0xF2, 0xD1, 0x0A, 0x00, 0x07, 0x73, 0xED, 0xF7,
  0x8C, 0x12, 0x00, 0x00, 0x00, 0x00, 0x00, 0x00, 0x00, 0x00, 0x00, 0x00, 0x00, 0x3E, 0xC5, 0xFF, 0xC4, 0x3B, 0x00, 0x00, 0x35, 0x71, 0x00, 0x00,
  0x00, 0xA1, 0xFF, 0x33, 0x00, 0xA2, 0xB5, 0x00, 0x00, 0x00, 0x0A, 0xF3, 0x59, 0x00, 0x00, 0x2B, 0xFF, 0x8C, 0xF6, 0xC5, 0x00, 0x00, 0x00, 0xAC,
  0xFF, 0x18, 0x00, 0x00, 0x7C, 0xFF, 0x4F, 0x00, 0x96, 0xFF, 0x2C, 0x00, 0x00, 0x09, 0xAD, 0x4E, 0xB0, 0xFF, 0x18, 0x00, 0x00, 0x66, 0xFF, 0x5C,
  0xA0, 0xFF, 0x2C, 0x00, 0x00, 0x00, 0x00, 0x00, 0xA0, 0xFF, 0x2C, 0x00, 0x00, 0x00, 0x00, 0x00, 0x00, 0xC5, 0xF2, 0x08, 0x00, 0x00, 0x3A, 0xA0,
  0x2B, 0xD8, 0xF0, 0x00, 0x00, 0x00, 0x58, 0xFF, 0x74, 0x00, 0x00, 0x18, 0xFF, 0xB4, 0x00, 0x00, 0x00, 0x00, 0x00, 0x00, 0x00, 0x00, 0x00, 0xE8,
  0xE4, 0xC0, 0xFF, 0x0C, 0x04, 0xC0, 0xFE, 0x4D, 0x00, 0x00, 0x44, 0xFF, 0x84, 0x00, 0x00, 0x00, 0x00, 0x00, 0x1C, 0xFF, 0xE0, 0xFC, 0x1D, 0x63,
  0xF6, 0xE9, 0xB4, 0xD8, 0xE8, 0xFF, 0x6D, 0x00, 0x20, 0xFF, 0x74, 0x00, 0xD5, 0xE7, 0x02, 0x00, 0x00, 0x55, 0xFF, 0x6E, 0xA8, 0xFF, 0x24, 0x00,
  0x00, 0x1F, 0xFF, 0xB6, 0x00, 0xD4, 0xE7, 0x02, 0x00, 0x00, 0x55, 0xFF, 0x6C, 0xA8, 0xFF, 0x20, 0x00, 0x00, 0x1B, 0xFF, 0xB4, 0x00, 0xE6, 0xE8,
  0x00, 0x00, 0x00, 0x00, 0x11, 0x00, 0x00, 0x00, 0x00, 0x18, 0xFF, 0xB4, 0x00, 0x00, 0x00, 0x00, 0xE4, 0xE4, 0x00, 0x00, 0x00, 0x4C, 0xFF, 0x80,
  0x00, 0xE1, 0xF8, 0x09, 0x00, 0x00, 0x54, 0xFF, 0x7C, 0x00, 0x6A, 0xFF, 0x20, 0x00, 0x00, 0x00, 0x00, 0x76, 0xFF, 0x05, 0x00, 0x10, 0xE9, 0xEB,
  0x10, 0x3D, 0xFF, 0xA3, 0x00, 0x00, 0x00, 0x72, 0xFF, 0x81, 0x00, 0x04, 0xDA, 0xF3, 0x17, 0x00, 0x00, 0x00, 0x00, 0x00, 0x00, 0x59, 0xFF, 0xAE,
  0x00, 0xB0, 0xC0, 0x00, 0x00, 0x00, 0x00, 0x00, 0xB6, 0xD6, 0x00, 0x00, 0x00, 0x00, 0x00, 0x00, 0x00, 0x00, 0x28, 0xFF, 0x48, 0x00, 0x00, 0x72,
  0xFF, 0x37, 0xB3, 0xF5, 0x18, 0x00, 0x00, 0x00, 0x00, 0x00, 0x00, 0x00, 0x00, 0x00, 0x00, 0x00, 0x00, 0x72, 0xFF, 0x33, 0x00, 0x00, 0x05, 0x00,
  0x00, 0x00, 0xDC, 0xD5, 0x00, 0xBC, 0xFF, 0x04, 0x00, 0x00, 0x00, 0x00, 0x00, 0x91, 0xFF, 0x26, 0x00, 0x00, 0x09, 0x0B, 0x00, 0x00, 0x00, 0x00,
  0x00, 0x00, 0x00, 0x68, 0xFF, 0x58, 0x00, 0xC8, 0xCE, 0x00, 0x00, 0x00, 0x35, 0xFF, 0x7F, 0x00, 0x00, 0x1A, 0xFF, 0xA0, 0x00, 0x00, 0x00, 0x00,
  0x46, 0xFE, 0x91, 0x0C, 0x34, 0xEF, 0xCA, 0x00, 0x00, 0x00, 0x00, 0x00, 0x00, 0x00, 0x00, 0x00, 0x00, 0x00, 0x00, 0x00, 0xFC, 0x94, 0x00, 0x00,
  0x00, 0xD9, 0xA7, 0x00, 0x00, 0x00, 0x00, 0x00, 0x00, 0x00, 0x00, 0x00, 0x00, 0x00, 0x00, 0x00, 0x00, 0x00, 0x00, 0xA1, 0xE6, 0x04, 0x00, 0x1C,
  0xFF, 0x9F, 0x00, 0x00, 0x00, 0x08, 0xFF, 0xB4, 0x0B, 0xB4, 0x4B, 0x00, 0x74, 0xFF, 0x58, 0x00, 0x00, 0x00, 0x00, 0x00, 0x00, 0x00, 0x00, 0x00,
  0x92, 0xFF, 0x49, 0x00, 0x00, 0x00, 0x00, 0x00, 0x00, 0xA1, 0xFF, 0x31, 0x00, 0x00, 0x18, 0xF0, 0x9E, 0x34, 0xFF, 0x80, 0x00, 0x00, 0x00, 0x83,
  0xF0, 0x00, 0x00, 0x00, 0x00, 0x00, 0x00, 0x00, 0x3F, 0xFF, 0xC3, 0x01, 0x00, 0x00, 0x00, 0x00, 0x00, 0x00, 0x00, 0x00, 0x00, 0x31, 0xFF, 0xCE,
  0x00, 0x00, 0xCB, 0xE3, 0x00, 0x00, 0x00, 0x4B, 0xFF, 0x65, 0x2C, 0xFF, 0xA9, 0x00, 0x00, 0x00, 0x1E, 0xFF, 0xAF, 0x00, 0x00, 0x00, 0x00, 0x00,
  0x00, 0x00, 0x00, 0x4C, 0xE1, 0xFC, 0x9C, 0x1C, 0x00, 0x00, 0x00, 0x04, 0xFF, 0xFF, 0xFF, 0xFF, 0xFF, 0xFF, 0xFF, 0x9C, 0x00, 0x00, 0x00, 0x4D,
  0xD2, 0xFF, 0xB1, 0x15, 0x00, 0x00, 0x00, 0x14, 0x5E, 0xF2, 0xD8, 0x06, 0x00, 0xE8, 0x6D, 0x00, 0x8D, 0xF2, 0x9F, 0xD0, 0x86, 0x00, 0x00, 0x77,
  0xFF, 0x41, 0xBA, 0xFD, 0x14, 0x00, 0x00, 0xAC, 0xFF, 0x18, 0x00, 0x00, 0x7C, 0xFF, 0x50, 0x00, 0xE1, 0xEC, 0x00, 0x00, 0x00, 0x00, 0x00, 0x00,
  0xB0, 0xFF, 0x18, 0x00, 0x00, 0x25, 0xFF, 0xA5, 0xA0, 0xFF, 0x2C, 0x00, 0x00, 0x00, 0x00, 0x00, 0xA0, 0xFF, 0x2C, 0x00, 0x00, 0x00, 0x00, 0x00,
  0x0E, 0xFE, 0xBE, 0x00, 0x00, 0x00, 0x00, 0x00, 0x00, 0xD8, 0xF0, 0x00, 0x00, 0x00, 0x58, 0xFF, 0x74, 0x00, 0x00, 0x18, 0xFF, 0xB4, 0x00, 0x00,
  0x00, 0x00, 0x00, 0x00, 0x00, 0x00, 0x00, 0xE8, 0xE4, 0xC0, 0xFF, 0x0C, 0x8E, 0xFF, 0x7F, 0x00, 0x00, 0x00, 0x44, 0xFF, 0x84, 0x00, 0x00, 0x00,
  0x00, 0x00, 0x1C, 0xFF, 0x83, 0xF5, 0x81, 0xCC, 0xA0, 0xD8, 0xB4, 0xD8, 0xB8, 0xC8, 0xD0, 0x00, 0x20, 0xFF, 0x74, 0x1C, 0xFF, 0xB1, 0x00, 0x00,
  0x00, 0x1A, 0xFF, 0xB4, 0xA8, 0xFF, 0x24, 0x00, 0x00, 0x20, 0xFF, 0xB5, 0x1B, 0xFF, 0xB1, 0x00, 0x00, 0x00, 0x1A, 0xFF, 0xB3, 0xA8, 0xFF, 0x20,
  0x00, 0x00, 0x1B, 0xFF, 0xBA, 0x00, 0xE0, 0xF0, 0x07, 0x00, 0x00, 0x00, 0x00, 0x00, 0x00, 0x00, 0x00, 0x18, 0xFF, 0xB4, 0x00, 0x00, 0x00, 0x00,
  0xE4, 0xE4, 0x00, 0x00, 0x00, 0x4C, 0xFF, 0x80, 0x00, 0x98, 0xFF, 0x45, 0x00, 0x00, 0x99, 0xFF, 0x32, 0x00, 0x57, 0xFF, 0x30, 0x2B, 0xFF, 0xD1,
  0x00, 0x87, 0xF2, 0x00, 0x00, 0x00, 0x5F, 0xFF, 0x8D, 0xCD, 0xF0, 0x17, 0x00, 0x00, 0x00, 0x06, 0xDF, 0xF1, 0x11, 0x62, 0xFF, 0x7F, 0x00, 0x00,
  0x00, 0x00, 0x00, 0x00, 0x16, 0xEB, 0xED, 0x18, 0x00, 0xB0, 0xC0, 0x00, 0x00, 0x00, 0x00, 0x00, 0x53, 0xFF, 0x38, 0x00, 0x00, 0x00, 0x00, 0x00,
  0x00, 0x00, 0x28, 0xFF, 0x48, 0x00, 0x0C, 0xEA, 0xB1, 0x00, 0x2F, 0xFE, 0x92, 0x00, 0x00, 0x00, 0x00, 0x00, 0x00, 0x00, 0x00, 0x00, 0x00, 0x00,
  0x00, 0x01, 0xB1, 0x66, 0x00, 0x1D, 0xA3, 0xE4, 0xFB, 0xFF, 0xFF, 0xE8, 0x00, 0xBC, 0xFF, 0x04, 0x00, 0x00, 0x00, 0x00, 0x00, 0xC5, 0xFF, 0x05,
  0x00, 0x00, 0x00, 0x00, 0x00, 0x00, 0x00, 0x00, 0x00, 0x00, 0x00, 0x68, 0xFF, 0x58, 0x03, 0xFD, 0xFF, 0xFF, 0xFF, 0xFF, 0xFF, 0xFF, 0xA1, 0x00,
  0x00, 0x1C, 0xFF, 0xA0, 0x00, 0x00, 0x00, 0x00, 0x91, 0xFF, 0x21, 0x00, 0x00, 0xA6, 0xFF, 0x0D, 0x00, 0x00, 0x00, 0x00, 0x00, 0x00, 0x00, 0x00,
  0x04, 0xFF, 0xFF, 0xFF, 0xFF, 0xFF, 0xFF, 0xFF, 0x9C, 0x00, 0x00, 0x00, 0x00, 0x00, 0x00, 0x00, 0x00, 0x00, 0x00, 0x00, 0x00, 0x00, 0x00, 0x00,
  0x00, 0x00, 0x0E, 0xF5, 0x88, 0x00, 0x00, 0x3E, 0xFF, 0x8E, 0x15, 0xEF, 0xA0, 0x00, 0xF3, 0xD6, 0x00, 0x00, 0x00, 0x00, 0x74, 0xFF, 0x58, 0x00,
  0x00, 0x00, 0x00, 0x00, 0x00, 0x00, 0x00, 0x00, 0xD2, 0xF1, 0x11, 0x00, 0x00, 0x00, 0x00, 0x07, 0x4D, 0xF7, 0xAC, 0x00, 0x00, 0x00, 0xA9, 0xF1,
  0x17, 0x34, 0xFF, 0x80, 0x00, 0x00, 0x00, 0x96, 0xDF, 0x45, 0xD8, 0xF4, 0xC6, 0x41, 0x00, 0x00, 0xBC, 0xFF, 0x63, 0xC8, 0xF4, 0xCE, 0x4F, 0x00,
  0x00, 0x00, 0x00, 0x00, 0x00, 0x9C, 0xFF, 0x61, 0x00, 0x00, 0x4A, 0xFA, 0x70, 0x0C, 0x20, 0xC2, 0xD1, 0x0B, 0x0E, 0xFF, 0xCC, 0x00, 0x00, 0x00,
  0x40, 0xFF, 0xB8, 0x00, 0x00, 0x00, 0x00, 0x00, 0x00, 0x00, 0x00, 0xA4, 0xFD, 0x4E, 0x00, 0x00, 0x00, 0x00, 0x00, 0x00, 0x00, 0x00, 0x00, 0x00,
  0x00, 0x00, 0x00, 0x00, 0x00, 0x00, 0x00, 0x00, 0x03, 0xB0, 0xFF, 0x3C, 0x00, 0x00, 0x63, 0xFF, 0xE2, 0x93, 0x16, 0x00, 0x0F, 0xFF, 0x4E, 0x32,
  0xFF, 0x4A, 0x21, 0xEC, 0x98, 0x00, 0x00, 0xC3, 0xF6, 0x07, 0x76, 0xFF, 0x5D, 0x00, 0x00, 0xAC, 0xFF, 0x18, 0x00, 0x20, 0xD0, 0xD4, 0x09, 0x06,
  0xFF, 0xD7, 0x00, 0x00, 0x00, 0x00, 0x00, 0x00, 0xB0, 0xFF, 0x18, 0x00, 0x00, 0x0F, 0xFF, 0xC9, 0xA0, 0xFF, 0x2C, 0x00, 0x00, 0x00, 0x00, 0x00,
  0xA0, 0xFF, 0x2C, 0x00, 0x00, 0x00, 0x00, 0x00, 0x31, 0xFF, 0xAA, 0x00, 0x00, 0x00, 0x00, 0x00, 0x00, 0xD8, 0xF0, 0x00, 0x00, 0x00, 0x58, 0xFF,
  0x74, 0x00, 0x00, 0x18, 0xFF, 0xB4, 0x00, 0x00, 0x00, 0x00, 0x00, 0x00, 0x00, 0x00, 0x00, 0xE8, 0xE4, 0xC0, 0xFF, 0x5B, 0xFF, 0xCA, 0x01, 0x00,
  0x00, 0x00, 0x44, 0xFF, 0x84, 0x00, 0x00, 0x00, 0x00, 0x00, 0x1C, 0xFF, 0x77, 0x9E, 0xF4, 0xFF, 0x38, 0xDC, 0xB4, 0xD8, 0xB8, 0x65, 0xFF, 0x34,
  0x20, 0xFF, 0x74, 0x3E, 0xFF, 0x9E, 0x00, 0x00, 0x00, 0x07, 0xFF, 0xD6, 0xA8, 0xFF, 0x24, 0x00, 0x0A, 0x88, 0xFF, 0x67, 0x3E, 0xFF, 0x9E, 0x00,
  0x00, 0x00, 0x07, 0xFF, 0xD5, 0xA8, 0xFF, 0x20, 0x00, 0x09, 0x84, 0xFF, 0x6C, 0x00, 0x79, 0xFF, 0xB8, 0x4C, 0x18, 0x00, 0x00, 0x00, 0x00, 0x00,
  0x00, 0x18, 0xFF, 0xB4, 0x00, 0x00, 0x00, 0x00, 0xE4, 0xE4, 0x00, 0x00, 0x00, 0x4C, 0xFF, 0x80, 0x00, 0x4F, 0xFF, 0x89, 0x00, 0x00, 0xDD, 0xE7,
  0x01, 0x00, 0x45, 0xFF, 0x41, 0x5F, 0xFF, 0xFB, 0x09, 0x98, 0xE0, 0x00, 0x00, 0x00, 0x01, 0xC3, 0xFF, 0xFF, 0x6C, 0x00, 0x00, 0x00, 0x00, 0x00,
  0x5A, 0xFF, 0x88, 0xDE, 0xE8, 0x0C, 0x00, 0x00, 0x00, 0x00, 0x00, 0x00, 0xAB, 0xFF, 0x5C, 0x00, 0x00, 0xB0, 0xC0, 0x00, 0x00, 0x00, 0x00, 0x00,
  0x05, 0xEB, 0x9B, 0x00, 0x00, 0x00, 0x00, 0x00, 0x00, 0x00, 0x28, 0xFF, 0x48, 0x00, 0x7D, 0xFE, 0x2E, 0x00, 0x00, 0xA9, 0xF9, 0x1E, 0x00, 0x00,
  0x00, 0x00, 0x00, 0x00, 0x00, 0x00, 0x00, 0x00, 0x00, 0x00, 0x00, 0x00, 0x00, 0xC8, 0xEF, 0x39, 0x05, 0x00, 0xD8, 0xE8, 0x00, 0xBC, 0xFF, 0x2A,
  0xC5, 0xF8, 0xDC, 0x59, 0x00, 0xC6, 0xFF, 0x05, 0x00, 0x00, 0x00, 0x00, 0x00, 0x00, 0x0B, 0x9D, 0xF0, 0xEF, 0x8C, 0x6B, 0xFF, 0x58, 0x03, 0xFE,
  0xC0, 0x00, 0x00, 0x00, 0x00, 0x00, 0x00, 0xE8, 0xFF, 0xFF, 0xFF, 0xFF, 0xFF, 0xFF, 0xC8, 0x00, 0x78, 0xFF, 0x21, 0x00, 0x00, 0xA6, 0xF5, 0x03,
  0x00, 0x00, 0x00, 0x00, 0x00, 0x00, 0x00, 0x00, 0x00, 0x00, 0x00, 0x00, 0xFC, 0x94, 0x00, 0x00, 0x00, 0x00, 0x00, 0x00, 0x00, 0x00, 0x00, 0x00,
  0x00, 0x00, 0x00, 0x00, 0x00, 0x00, 0x00, 0x00, 0x00, 0x00, 0x66, 0xFF, 0x26, 0x00, 0x00, 0x49, 0xFF, 0x8C, 0x15, 0xEF, 0xA0, 0x00, 0xF0, 0xE0,
  0x00, 0x00, 0x00, 0x00, 0x74, 0xFF, 0x58, 0x00, 0x00, 0x00, 0x00, 0x00, 0x00, 0x00, 0x00, 0x6F, 0xFF, 0x64, 0x00, 0x00, 0x00, 0x00, 0xD0, 0xFF,
  0xFF, 0xAF, 0x0D, 0x00, 0x00, 0x48, 0xFF, 0x74, 0x00, 0x34, 0xFF, 0x80, 0x00, 0x00, 0x00, 0x77, 0xBD, 0x4F, 0x08, 0x2A, 0xCE, 0xFA, 0x31, 0x09,
  0xFB, 0xE5, 0x60, 0x10, 0x24, 0xC5, 0xFE, 0x3E, 0x00, 0x00, 0x00, 0x00, 0x10, 0xF5, 0xEB, 0x08, 0x00, 0x00, 0x00, 0x70, 0xFF, 0xFF, 0xFF, 0xE0,
  0x2A, 0x00, 0x00, 0xA7, 0xFF, 0x72, 0x0E, 0x26, 0x90, 0xFF, 0x9B, 0x00, 0x00, 0x00, 0x00, 0x00, 0x00, 0x00, 0x00, 0x4D, 0xE1, 0xFC, 0x9C, 0x1D,
  0x00, 0x00, 0x00, 0x00, 0x00, 0x00, 0x00, 0x00, 0x00, 0x00, 0x00, 0x00, 0x00, 0x00, 0x00, 0x4A, 0xD0, 0xFF, 0xB2, 0x15, 0x00, 0x00, 0x64, 0xFF,
  0x4C, 0x00, 0x00, 0x00, 0x23, 0xFF, 0x45, 0x6C, 0xF6, 0x00, 0x00, 0xC9, 0x98, 0x00, 0x12, 0xFC, 0xB9, 0x00, 0x32, 0xFF, 0xA9, 0x00, 0x00, 0xAC,
  0xFF, 0xFF, 0xFF, 0xFF, 0xE8, 0x3B, 0x00, 0x11, 0xFF, 0xD4, 0x00, 0x00, 0x00, 0x00, 0x00, 0x00, 0xB0, 0xFF, 0x18, 0x00, 0x00, 0x0C, 0xFF, 0xD4,
  0xA0, 0xFF, 0xFF, 0xFF, 0xFF, 0xFF, 0xFF, 0x2C, 0xA0, 0xFF, 0xFF, 0xFF, 0xFF, 0xFF, 0xFF, 0x10, 0x3D, 0xFF, 0xA8, 0x00, 0x48, 0xFF, 0xFF, 0xFF,
  0x84, 0xD8, 0xFF, 0xFF, 0xFF, 0xFF, 0xFF, 0xFF, 0x74, 0x00, 0x00, 0x18, 0xFF, 0xB4, 0x00, 0x00, 0x00, 0x00, 0x00, 0x00, 0x00, 0x00, 0x00, 0xE8,
  0xE4, 0xC0, 0xFF, 0xF4, 0xE1, 0xF8, 0x23, 0x00, 0x00, 0x00, 0x44, 0xFF, 0x84, 0x00, 0x00, 0x00, 0x00, 0x00, 0x1C, 0xFF, 0x7A, 0x37, 0xFF, 0xD0,
  0x00, 0xDF, 0xB4, 0xD8, 0xB8, 0x0C, 0xF3, 0x98, 0x20, 0xFF, 0x74, 0x49, 0xFF, 0x9C, 0x00, 0x00, 0x00, 0x04, 0xFF, 0xE0, 0xA8, 0xFF, 0xFF, 0xFF,
  0xFB, 0xDC, 0x77, 0x01, 0x48, 0xFF, 0x9C, 0x00, 0x00, 0x00, 0x04, 0xFF, 0xDF, 0xA8, 0xFF, 0xFF, 0xFF, 0xFF, 0xE1, 0x76, 0x01, 0x00, 0x00, 0x56,
  0xB1, 0xE8, 0xFF, 0xDA, 0x6B, 0x00, 0x00, 0x00, 0x00, 0x18, 0xFF, 0xB4, 0x00, 0x00, 0x00, 0x00, 0xE4, 0xE4, 0x00, 0x00, 0x00, 0x4C, 0xFF, 0x80,
  0x00, 0x0C, 0xF9, 0xCD, 0x00, 0x21, 0xFF, 0x9F, 0x00, 0x00, 0x32, 0xFF, 0x51, 0x93, 0xB0, 0xFE, 0x39, 0xA9, 0xCD, 0x00, 0x00, 0x00, 0x00, 0x6F,
  0xFF, 0xFD, 0x19, 0x00, 0x00, 0x00, 0x00, 0x00, 0x01, 0xCC, 0xFF, 0xFF, 0x68, 0x00, 0x00, 0x00, 0x00, 0x00, 0x00, 0x54, 0xFF, 0xB3, 0x00, 0x00,
  0x00, 0xB0, 0xC0, 0x00, 0x00, 0x00, 0x00, 0x00, 0x00, 0x8E, 0xF2, 0x0B, 0x00, 0x00, 0x00, 0x00, 0x00, 0x00, 0x28, 0xFF, 0x48, 0x11, 0xF0, 0xA6,
  0x00, 0x00, 0x00, 0x27, 0xFC, 0x9D, 0x00, 0x00, 0x00, 0x00, 0x00, 0x00, 0x00, 0x00, 0x00, 0x00, 0x00, 0x00, 0x00, 0x00, 0x02, 0xFC, 0xBC, 0x00,
  0x00, 0x00, 0xE2, 0xE8, 0x00, 0xBC, 0xFF, 0x66, 0x10, 0x21, 0xC2, 0xFE, 0x2D, 0x92, 0xFF, 0x27, 0x00, 0x00, 0x01, 0x1D, 0x00, 0x00, 0x94, 0xFF,
  0x70, 0x0D, 0x2C, 0xAF, 0xFF, 0x58, 0x00, 0xCE, 0xEB, 0x08, 0x00, 0x00, 0x00, 0x42, 0x00, 0x00, 0x00, 0x1C, 0xFF, 0xA0, 0x00, 0x00, 0x00, 0x00,
  0x0E, 0xC1, 0x8F, 0x0C, 0x31, 0xEE, 0x9C, 0x00, 0x00, 0x00, 0x00, 0x00, 0x00, 0x00, 0x00, 0x00, 0x00, 0x00, 0x00, 0x00, 0xFC, 0x94, 0x00, 0x00,
  0x00, 0x00, 0x00, 0x00, 0x00, 0x00, 0x00, 0x00, 0x00, 0x00, 0x00, 0x00, 0x00, 0x00, 0x00, 0x00, 0x00, 0x00, 0xC9, 0xC2, 0x00, 0x00, 0x00, 0x3F,
  0xFF, 0x8E, 0x00, 0x00, 0x00, 0x00, 0xF3, 0xD6, 0x00, 0x00, 0x00, 0x00, 0x74, 0xFF, 0x58, 0x00, 0x00, 0x00, 0x00, 0x00, 0x00, 0x00, 0x56, 0xF8,
  0x6B, 0x00, 0x00, 0x00, 0x00, 0x00, 0x00, 0x06, 0x38, 0xDE, 0xDA, 0x11, 0x0A, 0xDE, 0xD9, 0x05, 0x00, 0x34, 0xFF, 0x80, 0x00, 0x00, 0x00, 0x00,
  0x00, 0x00, 0x00, 0x00, 0x47, 0xFF, 0xA1, 0x21, 0xFF, 0xD7, 0x00, 0x00, 0x00, 0x34, 0xFF, 0xA4, 0x00, 0x00, 0x00, 0x00, 0x70, 0xFF, 0x86, 0x00,
  0x00, 0x00, 0xA4, 0xF8, 0x54, 0x0B, 0x1A, 0xA3, 0xF6, 0x45, 0x00, 0x0C, 0x92, 0xE4, 0xEF, 0x94, 0xA2, 0xFF, 0x51, 0x4E, 0xF2, 0xCF, 0x09, 0x00,
  0x00, 0x00, 0x00, 0x00, 0x07, 0x74, 0xED, 0xF8, 0x8E, 0x14, 0x00, 0x00, 0x00, 0x00, 0x00, 0x00, 0x00, 0x00, 0x00, 0x00, 0x00, 0x3B, 0xC3, 0xFF,
  0xC4, 0x3B, 0x00, 0x00, 0x00, 0x00, 0x00, 0x00, 0x00, 0x00, 0x00, 0x00, 0x29, 0xFF, 0x44, 0x7F, 0xEC, 0x00, 0x00, 0xC8, 0x98, 0x00, 0x5B, 0xFF,
  0x75, 0x00, 0x01, 0xEC, 0xF0, 0x04, 0x00, 0xAC, 0xFF, 0x18, 0x00, 0x0F, 0x91, 0xFB, 0x4A, 0x06, 0xFF, 0xD7, 0x00, 0x00, 0x00, 0x00, 0x00, 0x00,
  0xB0, 0xFF, 0x18, 0x00, 0x00, 0x0F, 0xFF, 0xC9, 0xA0, 0xFF, 0x2C, 0x00, 0x00, 0x00, 0x00, 0x00, 0xA0, 0xFF, 0x2C, 0x00, 0x00, 0x00, 0x00, 0x00,
  0x35, 0xFF, 0xAB, 0x00, 0x00, 0x00, 0x20, 0xFF, 0x84, 0xD8, 0xF0, 0x00, 0x00, 0x00, 0x58, 0xFF, 0x74, 0x00, 0x00, 0x18, 0xFF, 0xB4, 0x00, 0x00,
  0x00, 0x00, 0x00, 0x00, 0x00, 0x00, 0x00, 0xE8, 0xE4, 0xC0, 0xFF, 0xA7, 0x21, 0xF9, 0xB5, 0x00, 0x00, 0x00, 0x44, 0xFF, 0x84, 0x00, 0x00, 0x00,
  0x00, 0x00, 0x1C, 0xFF, 0x7C, 0x00, 0xCF, 0x68, 0x00, 0xE0, 0xB4, 0xD8, 0xB8, 0x00, 0x9D, 0xF1, 0x2A, 0xFF, 0x74, 0x3F, 0xFF, 0x9E, 0x00, 0x00,
  0x00, 0x07, 0xFF, 0xD6, 0xA8, 0xFF, 0x24, 0x00, 0x00, 0x00, 0x00, 0x00, 0x36, 0xFF, 0x9E, 0x00, 0x00, 0x00, 0x07, 0xFF, 0xCC, 0xA8, 0xFF, 0x20,
  0x29, 0xFE, 0xB2, 0x00, 0x00, 0x00, 0x00, 0x00, 0x00, 0x00, 0x1E, 0xAF, 0xFF, 0x63, 0x00, 0x00, 0x00, 0x18, 0xFF, 0xB4, 0x00, 0x00, 0x00, 0x00,
  0xE2, 0xE4, 0x00, 0x00, 0x00, 0x4C, 0xFF, 0x7E, 0x00, 0x00, 0xBD, 0xFD, 0x12, 0x66, 0xFF, 0x56, 0x00, 0x00, 0x20, 0xFF, 0x61, 0xC8, 0x72, 0xDB,
  0x6C, 0xBA, 0xBB, 0x00, 0x00, 0x00, 0x10, 0xE9, 0xF0, 0xFF, 0x9E, 0x00, 0x00, 0x00, 0x00, 0x00, 0x00, 0x44, 0xFF, 0xDB, 0x04, 0x00, 0x00, 0x00,
  0x00, 0x00, 0x13, 0xE9, 0xEF, 0x1A, 0x00, 0x00, 0x00, 0xB0, 0xC0, 0x00, 0x00, 0x00, 0x00, 0x00, 0x00, 0x2B, 0xFF, 0x60, 0x00, 0x00, 0x00, 0x00,
  0x00, 0x00, 0x28, 0xFF, 0x48, 0x21, 0xB2, 0x25, 0x00, 0x00, 0x00, 0x00, 0x8B, 0x7C, 0x00, 0x00, 0x00, 0x00, 0x00, 0x00, 0x00, 0x00, 0x00, 0x00,
  0x00, 0x00, 0x00, 0x00, 0x00, 0xCE, 0xEB, 0x2A, 0x0B, 0x6F, 0xFF, 0xE8, 0x00, 0xBC, 0xFF, 0x0C, 0x00, 0x00, 0x34, 0xFF, 0x94, 0x19, 0xF0, 0xB7,
  0x1E, 0x0D, 0x8C, 0xF7, 0x2F, 0x04, 0xF8, 0xCB, 0x00, 0x00, 0x00, 0x71, 0xFF, 0x58, 0x00, 0x42, 0xFE, 0xA1, 0x19, 0x13, 0x8F, 0xFC, 0x27, 0x00,
  0x00, 0x1C, 0xFF, 0xA0, 0x00, 0x00, 0x00, 0x00, 0x23, 0xB4, 0xF7, 0xF8, 0xE1, 0x8C, 0x0B, 0x00, 0x00, 0x00, 0x00, 0x00, 0x00, 0x00, 0x00, 0x00,
  0x00, 0x00, 0x00, 0x00, 0xFC, 0x94, 0x00, 0x00, 0x00, 0x00, 0x00, 0x00, 0x00, 0x00, 0x00, 0x00, 0x00, 0x00, 0x00, 0x00, 0x00, 0x00, 0x00, 0x00,
  0x00, 0x2B, 0xFF, 0x60, 0x00, 0x00, 0x00, 0x1D, 0xFF, 0x9F, 0x00, 0x00, 0x00, 0x07, 0xFF, 0xB5, 0x00, 0x00, 0x00, 0x00, 0x74, 0xFF, 0x58, 0x00,
  0x00, 0x00, 0x00, 0x00, 0x02, 0x84, 0xFA, 0x51, 0x00, 0x00, 0x00, 0x00, 0x00, 0x00, 0x00, 0x00, 0x00, 0x6B, 0xFF, 0x70, 0x72, 0xFF, 0x4A, 0x00,
  0x00, 0x34, 0xFF, 0x80, 0x00, 0x00, 0x00, 0x00, 0x00, 0x00, 0x00, 0x00, 0x26, 0xFF, 0xB9, 0x19, 0xFF, 0xB5, 0x00, 0x00, 0x00, 0x12, 0xFF, 0xC3,
  0x00, 0x00, 0x00, 0x00, 0xD8, 0xFC, 0x1D, 0x00, 0x00, 0x29, 0xFF, 0xAC, 0x00, 0x00, 0x00, 0x14, 0xFF, 0xC0, 0x00, 0x00, 0x00, 0x00, 0x00, 0x30,
  0xFB, 0xD5, 0x02, 0x95, 0xFF, 0xFF, 0x2D, 0x34, 0xFF, 0xFD, 0x27, 0x00, 0x00, 0x00, 0x10, 0x87, 0xF6, 0xF2, 0x2A, 0x00, 0x00, 0x00, 0x00, 0x00,
  0x00, 0x00, 0x00, 0x00, 0x82, 0xFF, 0xD5, 0x4F, 0x00, 0x00, 0x00, 0x00, 0x00, 0x00, 0x00, 0x00, 0x00, 0x00, 0x00, 0x00, 0x21, 0xFF, 0x45, 0x76,
  0xF2, 0x00, 0x00, 0xC8, 0x98, 0x00, 0xA7, 0xFF, 0xFF, 0xFF, 0xFF, 0xFF, 0xFF, 0x41, 0x00, 0xAC, 0xFF, 0x18, 0x00, 0x00, 0x1D, 0xFF, 0xB1, 0x00,
  0xE1, 0xEC, 0x00, 0x00, 0x00, 0x00, 0x00, 0x00, 0xB0, 0xFF, 0x18, 0x00, 0x00, 0x25, 0xFF, 0xA5, 0xA0, 0xFF, 0x2C, 0x00, 0x00, 0x00, 0x00, 0x00,
  0xA0, 0xFF, 0x2C, 0x00, 0x00, 0x00, 0x00, 0x00, 0x16, 0xFF, 0xBE, 0x00, 0x00, 0x00, 0x27, 0xFF, 0x84, 0xD8, 0xF0, 0x00, 0x00, 0x00, 0x58, 0xFF,
  0x74, 0x00, 0x00, 0x18, 0xFF, 0xB4, 0x00, 0x00, 0x00, 0x00, 0x00, 0x00, 0x00, 0x00, 0x00, 0xE8, 0xE3, 0xC0, 0xFF, 0x13, 0x00, 0x8D, 0xFF, 0x50,
  0x00, 0x00, 0x44, 0xFF, 0x84, 0x00, 0x00, 0x00, 0x00, 0x00, 0x1C, 0xFF, 0x7C, 0x00, 0x5B, 0x0D, 0x00, 0xE0, 0xB4, 0xD8, 0xB8, 0x00, 0x39, 0xFF,
  0x7F, 0xFF, 0x74, 0x1D, 0xFF, 0xB1, 0x00, 0x00, 0x00, 0x1A, 0xFF, 0xB5, 0xA8, 0xFF, 0x24, 0x00, 0x00, 0x00, 0x00, 0x00, 0x1B, 0xFF, 0xB1, 0x00,
  0x00, 0x00, 0x1A, 0xFF, 0xB0, 0xA8, 0xFF, 0x20, 0x00, 0xAF, 0xFF, 0x32, 0x00, 0x00, 0x00, 0x00, 0x00, 0x00, 0x00, 0x1D, 0xFF, 0xB4, 0x00, 0x00,
  0x00, 0x18, 0xFF, 0xB4, 0x00, 0x00, 0x00, 0x00, 0xD8, 0xE7, 0x00, 0x00, 0x00, 0x51, 0xFF, 0x72, 0x00, 0x00, 0x74, 0xFF, 0x52, 0xAA, 0xFC, 0x10,
  0x00, 0x00, 0x0D, 0xFF, 0x75, 0xF7, 0x41, 0xAB, 0xA0, 0xCA, 0xA8, 0x00, 0x00, 0x00, 0x95, 0xFF, 0x4B, 0xBE, 0xFE, 0x39, 0x00, 0x00, 0x00, 0x00,
  0x00, 0x18, 0xFF, 0xB4, 0x00, 0x00, 0x00, 0x00, 0x00, 0x00, 0xA6, 0xFF, 0x61, 0x00, 0x00, 0x00, 0x00, 0xB0, 0xC0, 0x00, 0x00, 0x00, 0x00, 0x00,
  0x00, 0x00, 0xC9, 0xC2, 0x00, 0x00, 0x00, 0x00, 0x00, 0x00, 0x28, 0xFF, 0x48, 0x00, 0x00, 0x00, 0x00, 0x00, 0x00, 0x00, 0x00, 0x00, 0x00, 0x00,
  0x00, 0x00, 0x00, 0x00, 0x00, 0x00, 0x00, 0x00, 0x00, 0x00, 0x00, 0x00, 0x00, 0x29, 0xBF, 0xF5, 0xED, 0x9C, 0x6E, 0xF4, 0xF0, 0xBC, 0xFF, 0x04,
  0x00, 0x00, 0x11, 0xFF, 0xB8, 0x00, 0x24, 0xB3, 0xF2, 0xF7, 0xD5, 0x6C, 0x00, 0x20, 0xFF, 0xA9, 0x00, 0x00, 0x00, 0x68, 0xFF, 0x58, 0x00, 0x00,
  0x3B, 0xC3, 0xF6, 0xF3, 0xC0, 0x43, 0x00, 0x00, 0x00, 0x1C, 0xFF, 0xA0, 0x00, 0x00, 0x00, 0x00, 0x73, 0xF0, 0x1B, 0x00, 0x00, 0x00, 0x00, 0x00,
  0x00, 0x00, 0x00, 0x00, 0x00, 0x00, 0x00, 0x00, 0x00, 0x00, 0x00, 0x00, 0x2F, 0x1B, 0x00, 0x00, 0x00, 0x00, 0x00, 0x00, 0x00, 0x00, 0x00, 0x00,
  0x00, 0x00, 0x00, 0x00, 0x00, 0x00, 0x00, 0x00, 0x00, 0x8E, 0xF2, 0x0B, 0x00, 0x00, 0x00, 0x00, 0xD6, 0xD8, 0x00, 0x00, 0x00, 0x45, 0xFF, 0x6F,
  0x00, 0x00, 0x00, 0x00, 0x74, 0xFF, 0x58, 0x00, 0x00, 0x00, 0x00, 0x11, 0xB7, 0xFE, 0x5D, 0x00, 0x00, 0x00, 0x00, 0x00, 0x34, 0x16, 0x00, 0x00,
  0x00, 0x6D, 0xFF, 0x79, 0x84, 0xFF, 0xFF, 0xFF, 0xFF, 0xFF, 0xFF, 0xFF, 0xFF, 0x14, 0x00, 0x0F, 0x35, 0x00, 0x00, 0x00, 0x4A, 0xFF, 0x8F, 0x00,
  0xDD, 0xD7, 0x00, 0x00, 0x00, 0x34, 0xFF, 0x9B, 0x00, 0x00, 0x00, 0x44, 0xFF, 0xAC, 0x00, 0x00, 0x00, 0x2F, 0xFF, 0xAC, 0x00, 0x00, 0x00, 0x14,
  0xFF, 0xC6, 0x00, 0x00, 0x00, 0x00, 0x13, 0xD5, 0xFD, 0x47, 0x00, 0x4F, 0xF2, 0xD1, 0x0A, 0x6B, 0xFF, 0xA4, 0x00, 0x00, 0x00, 0x00, 0x00, 0x00,
  0x1A, 0x9B, 0x38, 0x00, 0x00, 0x00, 0x00, 0x00, 0x00, 0x00, 0x00, 0x00, 0x87, 0x63, 0x03, 0x00, 0x00, 0x00, 0x00, 0x00, 0x00, 0x00, 0x8B, 0xF6,
  0x89, 0x00, 0x00, 0x00, 0x0C, 0xFF, 0x55, 0x48, 0xFF, 0x29, 0x09, 0xE7, 0x98, 0x03, 0xEE, 0xD7, 0x00, 0x00, 0x00, 0x51, 0xFF, 0x8D, 0x00, 0xAC,
  0xFF, 0x18, 0x00, 0x00, 0x1D, 0xFF, 0xAA, 0x00, 0x97, 0xFF, 0x2B, 0x00, 0x00, 0x08, 0xAC, 0x4D, 0xB0, 0xFF, 0x18, 0x00, 0x00, 0x65, 0xFF, 0x5D,
  0xA0, 0xFF, 0x2C, 0x00, 0x00, 0x00, 0x00, 0x00, 0xA0, 0xFF, 0x2C, 0x00, 0x00, 0x00, 0x00, 0x00, 0x00, 0xD8, 0xF2, 0x07, 0x00, 0x00, 0x54, 0xFF,
  0x84, 0xD8, 0xF0, 0x00, 0x00, 0x00, 0x58, 0xFF, 0x74, 0x00, 0x00, 0x18, 0xFF, 0xB4, 0x00, 0x00, 0x00, 0x01, 0x60, 0x6E, 0x00, 0x00, 0x02, 0xF8,
  0xC6, 0xC0, 0xFF, 0x0C, 0x00, 0x11, 0xEE, 0xE0, 0x09, 0x00, 0x44, 0xFF, 0x84, 0x00, 0x00, 0x00, 0x00, 0x00, 0x1C, 0xFF, 0x7C, 0x00, 0x00, 0x00,
  0x00, 0xE0, 0xB4, 0xD8, 0xB8, 0x00, 0x00, 0xD5, 0xE7, 0xFF, 0x74, 0x00, 0xD6, 0xE6, 0x02, 0x00, 0x00, 0x54, 0xFF, 0x6F, 0xA8, 0xFF, 0x24, 0x00,
  0x00, 0x00, 0x00, 0x00, 0x00, 0xCD, 0xE6, 0x02, 0x00, 0x00, 0x54, 0xFF, 0x62, 0xA8, 0xFF, 0x20, 0x00, 0x36, 0xFF, 0xB2, 0x00, 0x00, 0x34, 0x08,
  0x00, 0x00, 0x00, 0x26, 0xFF, 0xAB, 0x00, 0x00, 0x00, 0x18, 0xFF, 0xB4, 0x00, 0x00, 0x00, 0x00, 0xB9, 0xF8, 0x06, 0x00, 0x00, 0x6A, 0xFF, 0x50,
  0x00, 0x00, 0x2B, 0xFF, 0x97, 0xEB, 0xC3, 0x00, 0x00, 0x00, 0x00, 0xFA, 0xB1, 0xFF, 0x11, 0x7A, 0xD4, 0xDA, 0x96, 0x00, 0x00, 0x32, 0xFD, 0xB5,
  0x00, 0x2F, 0xFD, 0xCE, 0x02, 0x00, 0x00, 0x00, 0x00, 0x18, 0xFF, 0xB4, 0x00, 0x00, 0x00, 0x00, 0x00, 0x4E, 0xFF, 0xB8, 0x00, 0x00, 0x00, 0x00,
  0x00, 0xB0, 0xC0, 0x00, 0x00, 0x00, 0x00, 0x00, 0x00, 0x00, 0x66, 0xFF, 0x26, 0x00, 0x00, 0x00, 0x00, 0x00, 0x28, 0xFF, 0x48, 0x00, 0x00, 0x00,
  0x00, 0x00, 0x00, 0x00, 0x00, 0x00, 0x00, 0x00, 0x00, 0x00, 0x00, 0x00, 0x00, 0x00, 0x00, 0x00, 0x00, 0x00, 0x00, 0x00, 0x00, 0x00, 0x00, 0x00,
  0x00, 0x00, 0x00, 0x00, 0x00, 0xBC, 0xFF, 0x04, 0x00, 0x00, 0x11, 0xFF, 0xB7, 0x00, 0x00, 0x00, 0x00, 0x00, 0x00, 0x00, 0x00, 0x21, 0xFF, 0xA9,
  0x00, 0x00, 0x00, 0x68, 0xFF, 0x58, 0x00, 0x00, 0x00, 0x00, 0x00, 0x00, 0x00, 0x00, 0x00, 0x00, 0x00, 0x1C, 0xFF, 0xA0, 0x00, 0x00, 0x00, 0x00,
  0x1A, 0xDE, 0xFF, 0xFF, 0xFF, 0xF3, 0xCD, 0x4E, 0x00, 0x00, 0x00, 0x00, 0x00, 0x00, 0x00, 0x00, 0x00, 0x00, 0x00, 0x00, 0x00, 0x00, 0x00, 0x00,
  0x00, 0x00, 0x00, 0x00, 0x00, 0x00, 0x00, 0x00, 0x00, 0x00, 0x00, 0x00, 0x00, 0x00, 0x00, 0x00, 0x05, 0xEA, 0x9B, 0x00, 0x00, 0x00, 0x00, 0x00,
  0x51, 0xFE, 0x82, 0x13, 0x2A, 0xD2, 0xDC, 0x0B, 0x00, 0x00, 0x00, 0x00, 0x74, 0xFF, 0x58, 0x00, 0x00, 0x00, 0x00, 0xDA, 0xFF, 0x69, 0x00, 0x00,
  0x00, 0x00, 0x00, 0x24, 0xF8, 0xCD, 0x2D, 0x08, 0x36, 0xDF, 0xEE, 0x1D, 0x00, 0x00, 0x00, 0x00, 0x00, 0x34, 0xFF, 0x80, 0x00, 0x00, 0x00, 0xC5,
  0xEE, 0x4E, 0x0A, 0x2A, 0xD0, 0xEC, 0x17, 0x00, 0x4F, 0xFE, 0x7C, 0x0F, 0x23, 0xC2, 0xF0, 0x1D, 0x00, 0x00, 0x00, 0xAE, 0xFF, 0x3F, 0x00, 0x00,
  0x00, 0x01, 0xBD, 0xF7, 0x51, 0x0A, 0x19, 0xA0, 0xFF, 0x55, 0x00, 0x00, 0x00, 0x16, 0xCF, 0xFF, 0x70, 0x00, 0x00, 0x00, 0x00, 0x00, 0x00, 0xA2,
  0xFD, 0x28, 0x00, 0x00, 0x00, 0x00, 0x00, 0x00, 0x00, 0x00, 0x00, 0x00, 0x00, 0x00, 0x00, 0x00, 0x00, 0x00, 0x00, 0x00, 0x00, 0x00, 0x00, 0x00,
  0x00, 0x00, 0x00, 0x00, 0x00, 0x00, 0xD5, 0xFF, 0xD5, 0x00, 0x00, 0x00, 0x00, 0xE2, 0x76, 0x03, 0xB8, 0xF4, 0xBC, 0xD4, 0x98, 0x3F, 0xFF, 0x8F,
  0x00, 0x00, 0x00, 0x0D, 0xFA, 0xD9, 0x00, 0xAC, 0xFF, 0x18, 0x00, 0x0E, 0x8E, 0xFF, 0x52, 0x00, 0x1F, 0xEF, 0xC3, 0x24, 0x12, 0x9D, 0xFF, 0x65,
  0xB0, 0xFF, 0x18, 0x05, 0x40, 0xE6, 0xD0, 0x05, 0xA0, 0xFF, 0x2C, 0x00, 0x00, 0x00, 0x00, 0x00, 0xA0, 0xFF, 0x2C, 0x00, 0x00, 0x00, 0x00, 0x00,
  0x00, 0x65, 0xFF, 0x9D, 0x0F, 0x29, 0x8B, 0xFF, 0x84, 0xD8, 0xF0, 0x00, 0x00, 0x00, 0x58, 0xFF, 0x74, 0x00, 0x00, 0x18, 0xFF, 0xB4, 0x00, 0x00,
  0x00, 0x00, 0xC3, 0xFE, 0x48, 0x0A, 0x75, 0xFF, 0x68, 0xC0, 0xFF, 0x0C, 0x00, 0x00, 0x73, 0xFF, 0x84, 0x00, 0x44, 0xFF, 0x84, 0x00, 0x00, 0x00,
  0x00, 0x00, 0x1C, 0xFF, 0x7C, 0x00, 0x00, 0x00, 0x00, 0xE0, 0xB4, 0xD8, 0xB8, 0x00, 0x00, 0x72, 0xFF, 0xFF, 0x74, 0x00, 0x51, 0xFE, 0x89, 0x13,
  0x2C, 0xD8, 0xDC, 0x0B, 0xA8, 0xFF, 0x24, 0x00, 0x00, 0x00, 0x00, 0x00, 0x00, 0x4F, 0xFD, 0x89, 0x13, 0x2C, 0xD8, 0xE3, 0x0D, 0xA8, 0xFF, 0x20,
  0x00, 0x00, 0xBD, 0xFF, 0x33, 0x20, 0xF6, 0xC7, 0x3C, 0x08, 0x20, 0xB6, 0xFA, 0x3A, 0x00, 0x00, 0x00, 0x18, 0xFF, 0xB4, 0x00, 0x00, 0x00, 0x00,
  0x63, 0xFF, 0x7C, 0x08, 0x1D, 0xD2, 0xEB, 0x0D, 0x00, 0x00, 0x00, 0xE1, 0xF5, 0xFF, 0x79, 0x00, 0x00, 0x00, 0x00, 0xE8, 0xF8, 0xE0, 0x00, 0x49,
  0xFD, 0xFA, 0x83, 0x00, 0x01, 0xC9, 0xF8, 0x23, 0x00, 0x00, 0x98, 0xFF, 0x69, 0x00, 0x00, 0x00, 0x00, 0x18, 0xFF, 0xB4, 0x00, 0x00, 0x00, 0x00,
  0x10, 0xE6, 0xF2, 0x1D, 0x00, 0x00, 0x00, 0x00, 0x00, 0xB0, 0xC0, 0x00, 0x00, 0x00, 0x00, 0x00, 0x00, 0x00, 0x0E, 0xF5, 0x88, 0x00, 0x00, 0x00,
  0x00, 0x00, 0x28, 0xFF, 0x48, 0x00, 0x00, 0x00, 0x00, 0x00, 0x00, 0x00, 0x00, 0x00, 0x00, 0x00, 0x00, 0x00, 0x00, 0x00, 0x00, 0x00, 0x00, 0x00,
  0x00, 0x00, 0x00, 0x00, 0x00, 0x00, 0x00, 0x00, 0x00, 0x00, 0x00, 0x00, 0x00, 0xBC, 0xFF, 0x0C, 0x00, 0x00, 0x33, 0xFF, 0x95, 0x00, 0x00, 0x00,
  0x00, 0x00, 0x00, 0x00, 0x00, 0x04, 0xF9, 0xCB, 0x00, 0x00, 0x00, 0x71, 0xFF, 0x58, 0x00, 0x00, 0x00, 0x00, 0x00, 0x00, 0x00, 0x00, 0x00, 0x00,
  0x00, 0x1C, 0xFF, 0xA0, 0x00, 0x00, 0x00, 0x01, 0xD7, 0xA6, 0x00, 0x00, 0x00, 0x10, 0xB5, 0xF9, 0x0A, 0x00, 0x00, 0x00, 0x00, 0x00, 0x00, 0x00,
  0x00, 0x00, 0x00, 0x00, 0x00, 0x00, 0x00, 0x00, 0x00, 0x00, 0x00, 0x00, 0x00, 0x00, 0x00, 0x00, 0x00, 0x00, 0x00, 0x00, 0x00, 0x00, 0x00, 0x00,
  0x53, 0xFF, 0x38, 0x00, 0x00, 0x00, 0x00, 0x00, 0x00, 0x51, 0xCC, 0xF8, 0xED, 0xA5, 0x1B, 0x00, 0x00, 0x98, 0xFF, 0xFF, 0xFF, 0xFF, 0xFF, 0xFF,
  0xFF, 0x0C, 0x00, 0xFC, 0xFF, 0xFF, 0xFF, 0xFF, 0xFF, 0xFF, 0xB8, 0x00, 0x4E, 0xBA, 0xEC, 0xF9, 0xE0, 0x9F, 0x24, 0x00, 0x00, 0x00, 0x00, 0x00,
  0x00, 0x34, 0xFF, 0x80, 0x00, 0x00, 0x00, 0x23, 0x9F, 0xE3, 0xFA, 0xEE, 0xA9, 0x21, 0x00, 0x00, 0x00, 0x44, 0xCB, 0xF8, 0xF0, 0xAD, 0x24, 0x00,
  0x00, 0x00, 0x1B, 0xFB, 0xD2, 0x00, 0x00, 0x00, 0x00, 0x00, 0x0E, 0x83, 0xD6, 0xF5, 0xEA, 0xC0, 0x4B, 0x00, 0x00, 0x00, 0x34, 0xE3, 0xF6, 0x5D,
  0x00, 0x00, 0x00, 0x00, 0x00, 0x00, 0x00, 0xD9, 0xA7, 0x00, 0x00, 0x00, 0x00, 0x00, 0x00, 0x00, 0x00, 0x00, 0x00, 0x00, 0x00, 0x00, 0x00, 0x00,
  0x00, 0x00, 0x00, 0x00, 0x00, 0x00, 0x00, 0x00, 0x00, 0x00, 0x00, 0x00, 0x00, 0x00, 0x8B, 0xF7, 0x89, 0x00, 0x00, 0x00, 0x00, 0x95, 0xCF, 0x02,
  0x00, 0x1F, 0x06, 0x00, 0x00, 0x8A, 0xFF, 0x47, 0x00, 0x00, 0x00, 0x00, 0xC0, 0xFF, 0x26, 0xAC, 0xFF, 0xFF, 0xFF, 0xFC, 0xD8, 0x65, 0x00, 0x00,
  0x00, 0x2E, 0xB5, 0xF2, 0xF6, 0xD4, 0x6C, 0x00, 0xB0, 0xFF, 0xFF, 0xFE, 0xE9, 0x9D, 0x15, 0x00, 0xA0, 0xFF, 0xFF, 0xFF, 0xFF, 0xFF, 0xFF, 0x60,
  0xA0, 0xFF, 0x2C, 0x00, 0x00, 0x00, 0x00, 0x00, 0x00, 0x00, 0x77, 0xE5, 0xF3, 0xA8, 0x2B, 0xFF, 0x84, 0xD8, 0xF0, 0x00, 0x00, 0x00, 0x58, 0xFF,
  0x74, 0xB8, 0xFF, 0xFF, 0xFF, 0xFF, 0xFF, 0xFF, 0x50, 0x00, 0x1B, 0xAB, 0xEA, 0xF7, 0xD4, 0x6A, 0x00, 0xC0, 0xFF, 0x0C, 0x00, 0x00, 0x07, 0xDF,
  0xF8, 0x25, 0x44, 0xFF, 0xFF, 0xFF, 0xFF, 0xFF, 0xFF, 0x9C, 0x1C, 0xFF, 0x7C, 0x00, 0x00, 0x00, 0x00, 0xE0, 0xB4, 0xD8, 0xB8, 0x00, 0x00, 0x14,
  0xF9, 0xFF, 0x74, 0x00, 0x00, 0x51, 0xCC, 0xF8, 0xED, 0xA5, 0x1B, 0x00, 0xA8, 0xFF, 0x24, 0x00, 0x00, 0x00, 0x00, 0x00, 0x00, 0x00, 0x59, 0xDC,
  0xFF, 0xFA, 0xB8, 0x25, 0x00, 0xA8, 0xFF, 0x20, 0x00, 0x00, 0x44, 0xFF, 0xB3, 0x00, 0x46, 0xB5, 0xE9, 0xFA, 0xE7, 0xB7, 0x3D, 0x00, 0x00, 0x00,
  0x00, 0x18, 0xFF, 0xB4, 0x00, 0x00, 0x00, 0x00, 0x00, 0x76, 0xDB, 0xFA, 0xF3, 0xBD, 0x32, 0x00, 0x00, 0x00, 0x00, 0x99, 0xFF, 0xFF, 0x30, 0x00,
  0x00, 0x00, 0x00, 0xD5, 0xFF, 0xB0, 0x00, 0x18, 0xFF, 0xFF, 0x71, 0x00, 0x66, 0xFF, 0x81, 0x00, 0x00, 0x00, 0x14, 0xEE, 0xEE, 0x14, 0x00, 0x00,
  0x00, 0x18, 0xFF, 0xB4, 0x00, 0x00, 0x00, 0x00, 0x3C, 0xFF, 0xFF, 0xFF, 0xFF, 0xFF, 0xFF, 0xFF, 0xD4, 0xB0, 0xC0, 0x00, 0x00, 0x00, 0x00, 0x00,
  0x00, 0x00, 0x00, 0xA1, 0xE6, 0x03, 0x00, 0x00, 0x00, 0x00, 0x28, 0xFF, 0x48, 0x00, 0x00, 0x00, 0x00, 0x00, 0x00, 0x00, 0x00, 0x00, 0x00, 0x00,
  0x00, 0x00, 0x00, 0x00, 0x00, 0x00, 0x00, 0x00, 0x00, 0x00, 0x00, 0x00, 0x00, 0x00, 0x00, 0x00, 0x00, 0x00, 0x00, 0x00, 0x00, 0xBC, 0xFF, 0x62,
  0x0E, 0x20, 0xC0, 0xFE, 0x2F, 0x00, 0x00, 0x00, 0x00, 0x00, 0x00, 0x00, 0x00, 0x00, 0x96, 0xFF, 0x6D, 0x0C, 0x28, 0xAD, 0xFF, 0x58, 0x00, 0x00,
  0x00, 0x00, 0x00, 0x00, 0x00, 0x00, 0x00, 0x00, 0x00, 0x1C, 0xFF, 0xA0, 0x00, 0x00, 0x00, 0x03, 0xF3, 0xBE, 0x18, 0x00, 0x03, 0x23, 0xCB, 0xF1,
  0x09, 0x00, 0x00, 0x00, 0x00, 0x00, 0x00, 0x00, 0x00, 0x00, 0x00, 0x00, 0x00, 0x00, 0x00, 0x00, 0x00, 0x00, 0x00, 0x00, 0x00, 0x00, 0x00, 0x00,
  0x00, 0x00, 0x00, 0x00, 0x00, 0x00, 0x00, 0x00, 0xB6, 0xD6, 0x00, 0x00, 0x00, 0x00, 0x00, 0x00, 0x00, 0x00, 0x00, 0x00, 0x00, 0x00, 0x00, 0x00,
  0x00, 0x00, 0x00, 0x00, 0x00, 0x00, 0x00, 0x00, 0x00, 0x00, 0x00, 0x00, 0x00, 0x00, 0x00, 0x00, 0x00, 0x00, 0x00, 0x00, 0x00, 0x00, 0x00, 0x00,
  0x00, 0x00, 0x00, 0x00, 0x00, 0x00, 0x00, 0x00, 0x00, 0x00, 0x00, 0x00, 0x00, 0x00, 0x00, 0x00, 0x00, 0x00, 0x00, 0x00, 0x00, 0x00, 0x00, 0x00,
  0x00, 0x00, 0x00, 0x00, 0x00, 0x00, 0x00, 0x00, 0x00, 0x00, 0x00, 0x00, 0x00, 0x00, 0x00, 0x00, 0x00, 0x00, 0x00, 0x00, 0x00, 0x00, 0x00, 0x00,
  0x00, 0x00, 0x00, 0x00, 0x00, 0x00, 0x00, 0x00, 0x00, 0x00, 0x00, 0x00, 0x00, 0x00, 0x00, 0x00, 0x00, 0x00, 0x00, 0x00, 0x00, 0x00, 0x00, 0x00,
  0x00, 0x00, 0x00, 0x00, 0x00, 0x00, 0x00, 0x00, 0x00, 0x00, 0x00, 0x00, 0x00, 0x00, 0x00, 0x00, 0x00, 0x00, 0x00, 0x00, 0x00, 0x00, 0x00, 0x00,
  0x00, 0x00, 0x00, 0x00, 0x00, 0x1D, 0xEB, 0xA6, 0x1D, 0x01, 0x00, 0x00, 0x00, 0x00, 0x00, 0x00, 0x00, 0x00, 0x00, 0x00, 0x00, 0x00, 0x00, 0x00,
  0x00, 0x00, 0x00, 0x00, 0x00, 0x00, 0x00, 0x00, 0x00, 0x00, 0x00, 0x00, 0x00, 0x00, 0x00, 0x00, 0x00, 0x00, 0x00, 0x00, 0x00, 0x00, 0x00, 0x00,
  0x00, 0x00, 0x00, 0x00, 0x00, 0x00, 0x00, 0x00, 0x00, 0x00, 0x00, 0x00, 0x00, 0x00, 0x00, 0x00, 0x00, 0x00, 0x00, 0x00, 0x00, 0x00, 0x00, 0x00,
  0x00, 0x00, 0x00, 0x00, 0x00, 0x00, 0x00, 0x00, 0x00, 0x00, 0x00, 0x00, 0x00, 0x00, 0x00, 0x00, 0x00, 0x00, 0x00, 0x00, 0x00, 0x00, 0x00, 0x00,
  0x00, 0x00, 0x00, 0x00, 0x00, 0x00, 0x00, 0x00, 0x00, 0x00, 0x00, 0x00, 0x00, 0x00, 0x00, 0x00, 0x00, 0x00, 0x00, 0x00, 0x00, 0x00, 0x00, 0x00,
  0x00, 0x00, 0x00, 0x00, 0x00, 0x00, 0x00, 0x00, 0x00, 0x00, 0x00, 0x00, 0x00, 0x00, 0x00, 0x00, 0x00, 0x00, 0x00, 0x00, 0x00, 0x00, 0x00, 0x00,
  0x00, 0x00, 0x00, 0x00, 0x00, 0x00, 0x00, 0x00, 0xF9, 0x98, 0x00, 0x00, 0x00, 0x00, 0x00, 0x00, 0x00, 0x00, 0x00, 0x00, 0x00, 0x00, 0x00, 0x00,
  0x00, 0x00, 0x00, 0x00, 0x00, 0x00, 0x00, 0x00, 0x00, 0x00, 0x00, 0x00, 0x00, 0x00, 0x00, 0x00, 0x00, 0x00, 0x00, 0x00, 0x00, 0x00, 0x00, 0x00,
  0x00, 0x00, 0x00, 0x00, 0x00, 0x00, 0x00, 0x00, 0x00, 0x00, 0x00, 0x00, 0x00, 0x00, 0x00, 0x00, 0x00, 0x00, 0x00, 0x00, 0x00, 0x00, 0x00, 0x00,
  0x00, 0x00, 0x00, 0x00, 0x00, 0x00, 0x00, 0x00, 0x00, 0x00, 0x00, 0x00, 0x00, 0x00, 0x00, 0x00, 0x00, 0x00, 0x00, 0x00, 0x00, 0x00, 0x00, 0x00,
  0x00, 0xB0, 0xC0, 0x00, 0x00, 0x00, 0x00, 0x00, 0x00, 0x00, 0x00, 0x3F, 0xFF, 0x4D, 0x00, 0x00, 0x00, 0x00, 0x28, 0xFF, 0x48, 0x00, 0x00, 0x00,
  0x00, 0x00, 0x00, 0x00, 0x00, 0x00, 0x00, 0x00, 0x00, 0x00, 0x00, 0x00, 0x00, 0x00, 0x00, 0x00, 0x00, 0x00, 0x00, 0x00, 0x00, 0x00, 0x00, 0x00,
  0x00, 0x00, 0x00, 0x00, 0x00, 0xBC, 0xFF, 0x2A, 0xC5, 0xF6, 0xD3, 0x50, 0x00, 0x00, 0x00, 0x00, 0x00, 0x00, 0x00, 0x00, 0x00, 0x00, 0x0A, 0x95,
  0xE8, 0xEF, 0x8C, 0x6B, 0xFF, 0x58, 0x00, 0x00, 0x00, 0x00, 0x00, 0x00, 0x00, 0x00, 0x00, 0xC0, 0xFF, 0xFF, 0xFF, 0xFF, 0xFF, 0xFF, 0x6C, 0x00,
  0x43, 0xC1, 0xEE, 0xFD, 0xFA, 0xE4, 0xAE, 0x35, 0x00, 0x00, 0x00, 0x00, 0x00, 0x00, 0x00, 0x00, 0x00, 0x00, 0x00, 0x00, 0x00, 0x00, 0x00, 0x00,
  0x00, 0x00, 0x00, 0x00, 0x00, 0x00, 0x00, 0x00, 0x00, 0x00, 0x00, 0x00, 0x00, 0x00, 0x00, 0x1B, 0xFC, 0x73, 0x00, 0x00, 0x00, 0x00, 0x00, 0x00,
  0x00, 0x00, 0x00, 0x00, 0x00, 0x00, 0x00, 0x00, 0x00, 0x00, 0x00, 0x00, 0x00, 0x00, 0x00, 0x00, 0x00, 0x00, 0x00, 0x00, 0x00, 0x00, 0x00, 0x00,
  0x00, 0x00, 0x00, 0x00, 0x00, 0x00, 0x00, 0x00, 0x00, 0x00, 0x00, 0x00, 0x00, 0x00, 0x00, 0x00, 0x00, 0x00, 0x00, 0x00, 0x00, 0x00, 0x00, 0x00,
  0x00, 0x00, 0x00, 0x00, 0x00, 0x00, 0x00, 0x00, 0x00, 0x00, 0x00, 0x00, 0x00, 0x00, 0x00, 0x00, 0x00, 0x00, 0x00, 0x00, 0x00, 0x00, 0x00, 0x00,
  0x00, 0x00, 0x00, 0x00, 0x00, 0x00, 0x00, 0x00, 0x00, 0x00, 0x00, 0x00, 0x00, 0x00, 0x00, 0x00, 0x00, 0x00, 0x00, 0x00, 0x00, 0x00, 0x00, 0x00,
  0x00, 0x00, 0x00, 0x00, 0x00, 0x00, 0x00, 0x00, 0x00, 0x00, 0x00, 0x00, 0x00, 0x00, 0x00, 0x00, 0x00, 0x00, 0x00, 0x00, 0x00, 0x00, 0x00, 0x00,
  0x00, 0x00, 0x00, 0x00, 0x00, 0x00, 0x00, 0x00, 0x00, 0x00, 0x00, 0x00, 0x00, 0x00, 0x26, 0xAB, 0xEB, 0xFE, 0xFF, 0x38, 0x00, 0x00, 0x00, 0x00,
  0x00, 0x00, 0x00, 0x00, 0x00, 0x00, 0x00, 0x00, 0x00, 0x00, 0x00, 0x00, 0x00, 0x00, 0x00, 0x00, 0x00, 0x00, 0x00, 0x00, 0x00, 0x00, 0x00, 0x00,
  0x00, 0x00, 0x00, 0x00, 0x00, 0x00, 0x00, 0x00, 0x00, 0x00, 0x00, 0x00, 0x00, 0x00, 0x00, 0x00, 0x00, 0x00, 0x00, 0x00, 0x00, 0x00, 0x00, 0x00,
  0x00, 0x00, 0x00, 0x00, 0x00, 0x00, 0x00, 0x00, 0x00, 0x00, 0x00, 0x00, 0x00, 0x00, 0x00, 0x00, 0x00, 0x00, 0x00, 0x00, 0x00, 0x00, 0x00, 0x00,
  0x00, 0x00, 0x00, 0x00, 0x00, 0x00, 0x00, 0x00, 0x00, 0x00, 0x00, 0x00, 0x00, 0x00, 0x00, 0x00, 0x00, 0x00, 0x00, 0x00, 0x00, 0x00, 0x00, 0x00,
  0x00, 0x00, 0x00, 0x00, 0x00, 0x00, 0x00, 0x00, 0x00, 0x00, 0x00, 0x00, 0x00, 0x00, 0x00, 0x00, 0x00, 0x00, 0x00, 0x00, 0x00, 0x00, 0x00, 0x00,
  0x00, 0x00, 0x00, 0x00, 0x00, 0x00, 0x00, 0x00, 0x00, 0x00, 0x00, 0x00, 0x00, 0x00, 0x00, 0x00, 0x7E, 0xEF, 0xFF, 0xFF, 0x18, 0x00, 0x00, 0x00,
  0x00, 0x00, 0x00, 0x00, 0x00, 0x00, 0x00, 0x00, 0x00, 0x00, 0x00, 0x00, 0x00, 0x00, 0x00, 0x00, 0x00, 0x00, 0x00, 0x00, 0x00, 0x00, 0x00, 0x00,
  0x00, 0x00, 0x00, 0x00, 0x00, 0x00, 0x00, 0x00, 0x00, 0x00, 0x00, 0x00, 0x00, 0x00, 0x00, 0x00, 0x00, 0x00, 0x00, 0x00, 0x00, 0x00, 0x00, 0x00,
  0x00, 0x00, 0x00, 0x00, 0x00, 0x00, 0x00, 0x00, 0x00, 0x00, 0x00, 0x00, 0x00, 0x00, 0x00, 0x00, 0x00, 0x00, 0x00, 0x00, 0x00, 0x00, 0x00, 0x00,
  0x00, 0x00, 0x00, 0x00, 0x00, 0x00, 0x00, 0x00, 0x00, 0xB0, 0xC0, 0x00, 0x00, 0x00, 0x00, 0x00, 0x00, 0x00, 0x00, 0x00, 0xDB, 0xAF, 0x00, 0x00,
  0x00, 0x00, 0x28, 0xFF, 0x48, 0x00, 0x00, 0x00, 0x00, 0x00, 0x00, 0x00, 0x00, 0x00, 0x00, 0x00, 0x00, 0x00, 0x00, 0x00, 0x00, 0x00, 0x00, 0x00,
  0x00, 0x00, 0x00, 0x00, 0x00, 0x00, 0x00, 0x00, 0x00, 0x00, 0x00, 0x00, 0x00, 0x00, 0x00, 0x00, 0x00, 0x00, 0x00, 0x00, 0x00, 0x00, 0x00, 0x00,
  0x00, 0x00, 0x00, 0x00, 0x00, 0x00, 0x00, 0x00, 0x00, 0x00, 0x00, 0x00, 0x00, 0x00, 0x00, 0x00, 0x00, 0x00, 0x00, 0x00, 0x00, 0x00, 0x00, 0x00,
  0x00, 0x00, 0x00, 0x00, 0x00, 0x00, 0x00, 0x00, 0x00, 0x00, 0x00, 0x00, 0x00, 0x00, 0x00, 0x00, 0x00, 0x00, 0x00, 0x00, 0x00, 0x00, 0x00, 0x00,
  0x00, 0x00, 0x00, 0x00, 0x00, 0x00, 0x00, 0x00, 0x00, 0x00, 0x00, 0x00, 0x00, 0x00, 0x00, 0x00, 0x00, 0x00, 0x00, 0x00, 0x00, 0x00, 0x00, 0x7B,
  0xFA, 0x16, 0x00, 0x00, 0x00, 0x00, 0x00, 0x00, 0x00, 0x00, 0x00, 0x00, 0x00, 0x00, 0x00, 0x00, 0x00, 0x00, 0x00, 0x00, 0x00, 0x00, 0x00, 0x00,
  0x00, 0x00, 0x00, 0x00, 0x00, 0x00, 0x00, 0x00, 0x00, 0x00, 0x00, 0x00, 0x00, 0x00, 0x00, 0x00, 0x00, 0x00, 0x00, 0x00, 0x00, 0x00, 0x00, 0x00,
  0x00, 0x00, 0x00, 0x00, 0x00, 0x00, 0x00, 0x00, 0x00, 0x00, 0x00, 0x00, 0x00, 0x00, 0x00, 0x00, 0x00, 0x00, 0x00, 0x00, 0x00, 0x00, 0x00, 0x00,
  0x00, 0x00, 0x00, 0x00, 0x00, 0x00, 0x00, 0x00, 0x00, 0x00, 0x00, 0x00, 0x00, 0x00, 0x00, 0x00, 0x00, 0x00, 0x00, 0x00, 0x00, 0x00, 0x00, 0x00,
  0x00, 0x00, 0x00, 0x00, 0x00, 0x00, 0x00, 0x00, 0x00, 0x00, 0x00, 0x00, 0x00, 0x00, 0x00, 0x00, 0x00, 0x00, 0x00, 0x00, 0x00, 0x00, 0x00, 0x00,
  0x00, 0x00, 0x00, 0x00, 0x00, 0x00, 0x00, 0x00, 0x00, 0x00, 0x00, 0x00, 0x00, 0x00, 0x00, 0x00, 0x00, 0x00, 0x00, 0x00, 0x00, 0x00, 0x00, 0x00,
  0x00, 0x00, 0x00, 0x00, 0x00, 0x00, 0x00, 0x00, 0x00, 0x00, 0x00, 0x00, 0x00, 0x00, 0x00, 0x00, 0x00, 0x00, 0x00, 0x00, 0x00, 0x00, 0x00, 0x00,
  0x00, 0x00, 0x00, 0x00, 0x00, 0x00, 0x00, 0x00, 0x00, 0x00, 0x00, 0x00, 0x00, 0x00, 0x00, 0x00, 0x00, 0x00, 0x00, 0x00, 0x00, 0x00, 0x00, 0x00,
  0x00, 0x00, 0x00, 0x00, 0x00, 0x00, 0x00, 0x00, 0x00, 0x00, 0x00, 0x00, 0x00, 0x00, 0x00, 0x00, 0x00, 0x00, 0x00, 0x00, 0x00, 0x00, 0x00, 0x00,
  0x00, 0x00, 0x00, 0x00, 0x00, 0x00, 0x00, 0x00, 0x00, 0x00, 0x00, 0x00, 0x00, 0x00, 0x00, 0x00, 0x00, 0x00, 0x00, 0x00, 0x00, 0x00, 0x00, 0x00,
  0x00, 0x00, 0x00, 0x00, 0x00, 0x00, 0x00, 0x00, 0x00, 0x00, 0x00, 0x00, 0x00, 0x00, 0x00, 0x00, 0x00, 0x00, 0x00, 0x00, 0x00, 0x00, 0x00, 0x00,
  0x00, 0x00, 0x00, 0x00, 0x00, 0x00, 0x00, 0x00, 0x00, 0x00, 0x00, 0x00, 0x00, 0x00, 0x00, 0x00, 0x00, 0x00, 0x00, 0x00, 0x00, 0x00, 0x00, 0x00,
  0x00, 0x00, 0x00, 0x00, 0x00, 0x00, 0x00, 0x00, 0x00, 0x00, 0x00, 0x00, 0x00, 0x00, 0x00, 0x00, 0x00, 0x00, 0x00, 0x00, 0x00, 0x00, 0x00, 0x00,
  0x00, 0x00, 0x00, 0x00, 0x00, 0x00, 0x00, 0x00, 0x00, 0x00, 0x00, 0x00, 0x00, 0x00, 0x00, 0x00, 0x00, 0x00, 0x00, 0x00, 0x00, 0x00, 0x00, 0x00,
  0x00, 0x00, 0x00, 0x00, 0x00, 0x00, 0x00, 0x00, 0x00, 0x00, 0x00, 0x00, 0x00, 0x00, 0x00, 0x00, 0x00, 0x00, 0x00, 0x00, 0x00, 0x00, 0x00, 0x00,
  0x00, 0x00, 0x00, 0x00, 0x00, 0x00, 0x00, 0x00, 0x00, 0x00, 0x00, 0x00, 0x00, 0x00, 0x00, 0x00, 0x00, 0xB0, 0xFF, 0xFF, 0xFF, 0xFF, 0x18, 0x00,
  0x00, 0x00, 0x00, 0x00, 0x79, 0xFB, 0x17, 0x80, 0xFF, 0xFF, 0xFF, 0xFF, 0x48, 0x00, 0x00, 0x00, 0x00, 0x00, 0x00, 0x00, 0x00, 0x00, 0x00, 0x00,
  0x00, 0x00, 0x00, 0x00, 0x00, 0x00, 0x00, 0x00, 0x00, 0x00, 0x00, 0x00, 0x00, 0x00, 0x00, 0x00, 0x00, 0x00, 0x00, 0x00, 0x00, 0x00, 0x00, 0x00,
  0x00, 0x00, 0x00, 0x00, 0x00, 0x00, 0x00, 0x00, 0x00, 0x00, 0x00, 0x00, 0x00, 0x00, 0x00, 0x00, 0x00, 0x00, 0x00, 0x00, 0x00, 0x00, 0x00, 0x00,
  0x00, 0x00, 0x00, 0x00, 0x00, 0x00, 0x00, 0x00, 0x00, 0x00, 0x00, 0x00, 0x00, 0x00, 0x00, 0x00, 0x00, 0x00, 0x00, 0x00, 0x00, 0x00, 0x00, 0x00,
  0x00, 0x00, 0x00, 0x00, 0x00, 0x00, 0x00, 0x00, 0xA8, 0xFF, 0x18, 0x00, 0x00, 0x00, 0x00, 0x00, 0x00, 0x00, 0x00, 0xB3, 0xF6, 0x55, 0x00, 0x00,
  0x00, 0x00, 0x00, 0x0B, 0xDE, 0xED, 0x27, 0x98, 0xFF, 0x28, 0x00, 0x00, 0x00, 0x00, 0x00, 0x00, 0xCC, 0xFF, 0xFF, 0xFF, 0xB0, 0x00, 0x00, 0x00,
  0x4C, 0xFF, 0x4E, 0xE0, 0xBA, 0x09, 0xC2, 0xED, 0x51, 0xA8, 0xFF, 0x29, 0xB6, 0xF4, 0xCE, 0x3E, 0x00, 0x00, 0x00, 0x4B, 0xCE, 0xF8, 0xEE, 0xA4,
  0x19, 0x00, 0xBC, 0xFF, 0x2A, 0xC5, 0xF8, 0xDC, 0x59, 0x00, 0x00, 0x0B, 0x9D, 0xF0, 0xEF, 0x8C, 0x6B, 0xFF, 0x58, 0xC8, 0xFF, 0xFF, 0xFF, 0x28,
  0x6D, 0xE4, 0xF4, 0x00, 0x00, 0x69, 0xD0, 0xF4, 0xF4, 0xCB, 0x66, 0x01, 0x00, 0x00, 0x00, 0xB4, 0xEC, 0x00, 0x00, 0x00, 0x00, 0xBC, 0xFF, 0x04,
  0x00, 0x00, 0x7C, 0xFF, 0x40, 0x13, 0xF9, 0xBE, 0x00, 0x00, 0x00, 0x16, 0xFC, 0xA4, 0x9E, 0xDE, 0x00, 0x1B, 0xFF, 0xC5, 0x00, 0x33, 0xFF, 0x34,
  0x04, 0xC4, 0xFD, 0x3E, 0x00, 0x00, 0x80, 0xFF, 0x5E, 0x2B, 0xFF, 0xA6, 0x00, 0x00, 0x00, 0x0A, 0xF0, 0xC1, 0x98, 0xFF, 0xFF, 0xFF, 0xFF, 0xFF,
  0xFF, 0x34, 0x00, 0x00, 0x28, 0xDC, 0xFF, 0xFF, 0xFF, 0xF4, 0x8C, 0x68, 0xFF, 0xFF, 0xFA, 0xA3, 0x00, 0x00, 0x00, 0x37, 0xD5, 0xF4, 0x88, 0x02,
  0x00, 0x83, 0xA9, 0x4E, 0xF2, 0xCF, 0x09, 0x04, 0xFF, 0xFF, 0xFF, 0xFF, 0xFF, 0xFF, 0xFF, 0x9C, 0x0C, 0xFF, 0xFF, 0xFF, 0xFF, 0xFF, 0xFF, 0xFF,
  0xA4, 0x00, 0x00, 0x00, 0x00, 0x00, 0x71, 0x36, 0x00, 0x00, 0x00, 0x90, 0x43, 0x00, 0x00, 0x00, 0x00, 0x04, 0x95, 0x3B, 0x00, 0x00, 0x00, 0x00,
  0x00, 0x00, 0x00, 0x00, 0x00, 0x00, 0x00, 0x00, 0x00, 0x00, 0x00, 0x00, 0x00, 0x00, 0x00, 0x00, 0x00, 0x00, 0x00, 0x00, 0x00, 0x00, 0x00, 0x00,
  0x00, 0x00, 0x00, 0x00, 0x00, 0x00, 0x00, 0x00, 0x00, 0x00, 0x00, 0x00, 0x00, 0x00, 0x00, 0x00, 0x00, 0x00, 0x00, 0x00, 0x00, 0x00, 0x00, 0x00,
  0x00, 0x00, 0x00, 0x00, 0x00, 0x00, 0x00, 0x00, 0x00, 0x00, 0x00, 0x00, 0x00, 0x00, 0x00, 0x00, 0x00, 0x00, 0x00, 0x00, 0x00, 0x00, 0x00, 0x00,
  0x00, 0x00, 0x00, 0x00, 0x00, 0x00, 0x00, 0x00, 0x00, 0x00, 0x00, 0x00, 0x00, 0x00, 0x00, 0x00, 0x00, 0x00, 0x00, 0x00, 0x00, 0x00, 0x00, 0x00,
  0x00, 0x00, 0x00, 0x00, 0x00, 0x00, 0x00, 0x00, 0x00, 0x00, 0x00, 0x00, 0x00, 0x00, 0x00, 0x00, 0x00, 0x00, 0x00, 0x00, 0x00, 0x00, 0x00, 0x00,
  0x00, 0x00, 0x00, 0x00, 0x00, 0x00, 0x00, 0x00, 0x00, 0x00, 0x00, 0x00, 0x00, 0x00, 0x00, 0x00, 0x00, 0x00, 0x00, 0x00, 0x00, 0x00, 0x00, 0x00,
  0x00, 0x00, 0x00, 0x00, 0x00, 0x00, 0x00, 0x00, 0x00, 0x00, 0x00, 0x00, 0x00, 0x00, 0x00, 0x00, 0x00, 0x00, 0x00, 0x00, 0x00, 0x00, 0x00, 0x00,
  0x00, 0x00, 0x00, 0x00, 0x00, 0x00, 0x00, 0x00, 0x00, 0x00, 0x00, 0x00, 0x00, 0x00, 0x00, 0x00, 0x00, 0x00, 0x00, 0x00, 0x00, 0x00, 0x00, 0x00,
  0x00, 0x00, 0x00, 0x00, 0x00, 0x00, 0x00, 0x00, 0x00, 0x00, 0x00, 0x00, 0x00, 0x00, 0x00, 0x00, 0x00, 0x00, 0x00, 0x00, 0x00, 0x00, 0x00, 0x00,
  0x00, 0x00, 0x00, 0x00, 0x00, 0x00, 0x00, 0x00, 0x00, 0x00, 0x00, 0x00, 0x00, 0x00, 0x00, 0x00, 0x00, 0x00, 0x00, 0x00, 0x00, 0x00, 0x00, 0x00,
  0x00, 0x00, 0x00, 0x00, 0x00, 0x00, 0x00, 0x00, 0x00, 0x00, 0x00, 0x00, 0x00, 0x00, 0x00, 0x00, 0x00, 0x00, 0x00, 0x00, 0x00, 0x00, 0x00, 0x00,
  0x00, 0x00, 0x00, 0x00, 0x00, 0x00, 0x00, 0x00, 0x00, 0x00, 0x00, 0x00, 0x00, 0x00, 0x00, 0x00, 0xA8, 0xFF, 0x18, 0x00, 0x00, 0x00, 0x00, 0x00,
  0x00, 0x00, 0x00, 0xB4, 0xF7, 0x56, 0x00, 0x00, 0x00, 0x00, 0x00, 0x0B, 0xE0, 0xEF, 0x28, 0x98, 0xFF, 0x28, 0x00, 0x00, 0x00, 0x00, 0x00, 0x00,
  0x00, 0x00, 0x10, 0xFF, 0xB0, 0x00, 0x00, 0x00, 0x4C, 0xFF, 0x21, 0x29, 0xFF, 0x57, 0x0E, 0xCB, 0xC3, 0xA8, 0xFF, 0x43, 0x10, 0x24, 0xD7, 0xED,
  0x11, 0x00, 0x56, 0xFF, 0x79, 0x0F, 0x26, 0xC8, 0xE1, 0x0A, 0xBC, 0xFF, 0x66, 0x10, 0x21, 0xC2, 0xFE, 0x2D, 0x00, 0x94, 0xFF, 0x70, 0x0D, 0x2C,
  0xAF, 0xFF, 0x58, 0x00, 0x00, 0x98, 0xFF, 0x41, 0x35, 0x02, 0x00, 0x00, 0x5A, 0xFF, 0x79, 0x0A, 0x12, 0x6A, 0xCF, 0x14, 0x00, 0x00, 0x00, 0xB4,
  0xEC, 0x00, 0x00, 0x00, 0x00, 0xBC, 0xFF, 0x04, 0x00, 0x00, 0x7C, 0xFF, 0x40, 0x00, 0xAE, 0xFD, 0x18, 0x00, 0x00, 0x6A, 0xFF, 0x45, 0x79, 0xF9,
  0x01, 0x48, 0xFA, 0xF0, 0x00, 0x51, 0xFF, 0x10, 0x00, 0x1C, 0xEC, 0xE2, 0x11, 0x38, 0xFC, 0x9A, 0x00, 0x00, 0xBF, 0xF8, 0x13, 0x00, 0x00, 0x60,
  0xFF, 0x55, 0x00, 0x00, 0x00, 0x00, 0x37, 0xF6, 0xD5, 0x0D, 0x00, 0x00, 0x71, 0xFC, 0x00, 0x00, 0x00, 0xF4, 0x8C, 0x00, 0x00, 0x00, 0x64, 0xFF,
  0x09, 0x00, 0x01, 0xDC, 0x86, 0x27, 0xE4, 0x9B, 0x17, 0xE0, 0x74, 0x95, 0xFF, 0xFF, 0x2D, 0x00, 0x00, 0x00, 0x00, 0x00, 0x00, 0x00, 0x00, 0x00,
  0x00, 0x00, 0x00, 0x00, 0x00, 0x00, 0x00, 0x00, 0x00, 0x00, 0x00, 0x00, 0x00, 0x07, 0xCB, 0xF3, 0x42, 0x00, 0x00, 0x91, 0xFB, 0x6C, 0x00, 0x00,
  0x12, 0xBD, 0xF4, 0x37, 0x00, 0x00, 0x00, 0x00, 0x00, 0x00, 0x00, 0x00, 0x00, 0x00, 0x00, 0x00, 0x00, 0x00, 0x00, 0x00, 0x00, 0x00, 0x00, 0x00,
  0x00, 0x00, 0x00, 0x00, 0x00, 0x00, 0x00, 0x00, 0x00, 0x00, 0x00, 0x00, 0x00, 0x00, 0x00, 0x00, 0x00, 0x00, 0x00, 0x00, 0x00, 0x00, 0x00, 0x00,
  0x00, 0x00, 0x00, 0x00, 0x00, 0x00, 0x00, 0x00, 0x00, 0x00, 0x00, 0x00, 0x00, 0x00, 0x00, 0x00, 0x00, 0x00, 0x00, 0x00, 0x00, 0x00, 0x00, 0x00,
  0x00, 0x00, 0x00, 0x00, 0x00, 0x00, 0x00, 0x00, 0x00, 0x00, 0x00, 0x00, 0x00, 0x00, 0x00, 0x00, 0x00, 0x00, 0x00, 0x00, 0x00, 0x00, 0x00, 0x00,
  0x00, 0x00, 0x00, 0x00, 0x00, 0x00, 0x00, 0x00, 0x00, 0x00, 0x00, 0x00, 0x00, 0x00, 0x00, 0x00, 0x00, 0x00, 0x00, 0x00, 0x00, 0x00, 0x00, 0x00,
  0x00, 0x00, 0x00, 0x00, 0x00, 0x00, 0x00, 0x00, 0x00, 0x00, 0x00, 0x00, 0x00, 0x00, 0x00, 0x00, 0x00, 0x00, 0x00, 0x00, 0x00, 0x00, 0x00, 0x00,
  0x00, 0x00, 0x00, 0x00, 0x00, 0x00, 0x00, 0x00, 0x00, 0x00, 0x00, 0x00, 0x00, 0x00, 0x00, 0x00, 0x00, 0x00, 0x00, 0x00, 0x00, 0x00, 0x00, 0x00,
  0x00, 0x00, 0x00, 0x00, 0x00, 0x00, 0x00, 0x00, 0x00, 0x00, 0x00, 0x00, 0x00, 0x00, 0x00, 0x00, 0x00, 0x00, 0x00, 0x00, 0x00, 0x00, 0x00, 0x00,
  0x00, 0x00, 0x00, 0x00, 0x00, 0x00, 0x00, 0x00, 0x00, 0x00, 0x00, 0x00, 0x00, 0x00, 0x00, 0x00, 0x00, 0x00, 0x00, 0x00, 0x00, 0x00, 0x00, 0x00,
  0x00, 0x00, 0x00, 0x00, 0x00, 0x00, 0x00, 0x00, 0x00, 0x00, 0x00, 0x00, 0x00, 0x00, 0x00, 0x00, 0x00, 0x00, 0x00, 0x00, 0x00, 0x00, 0x00, 0x00,
  0x00, 0x00, 0x00, 0x00, 0x00, 0x00, 0x00, 0x00, 0x00, 0x00, 0x00, 0x00, 0x00, 0x00, 0x00, 0x00, 0x00, 0x00, 0x00, 0x00, 0x00, 0x00, 0x00, 0x00,
  0x00, 0x00, 0x00, 0x00, 0x00, 0x00, 0x00, 0x00, 0x00, 0x00, 0x00, 0x00, 0x00, 0x00, 0x00, 0x00, 0x00, 0x00, 0x00, 0x00, 0x00, 0x00, 0x00, 0x00,
  0xA8, 0xFF, 0x18, 0x00, 0x00, 0x00, 0x00, 0x00, 0x00, 0x00, 0x00, 0x00, 0x00, 0x00, 0x00, 0x00, 0x00, 0x00, 0x00, 0x00, 0x00, 0x00, 0x00, 0x98,
  0xFF, 0x28, 0x00, 0x00, 0x00, 0x00, 0x00, 0x00, 0x00, 0x00, 0x10, 0xFF, 0xB0, 0x00, 0x00, 0x00, 0x4C, 0xFF, 0x30, 0x00, 0xF6, 0x88, 0x00, 0x9E,
  0xDD, 0xA8, 0xFF, 0x1D, 0x00, 0x00, 0x77, 0xFF, 0x45, 0x00, 0xE0, 0xD7, 0x00, 0x00, 0x00, 0x40, 0xFF, 0x75, 0xBC, 0xFF, 0x0C, 0x00, 0x00, 0x34,
  0xFF, 0x94, 0x04, 0xF8, 0xCB, 0x00, 0x00, 0x00, 0x71, 0xFF, 0x58, 0x00, 0x00, 0x98, 0xFF, 0x1B, 0x00, 0x00, 0x00, 0x00, 0x85, 0xFF, 0x39, 0x00,
  0x00, 0x00, 0x01, 0x00, 0x00, 0x00, 0x06, 0xCC, 0xEC, 0x00, 0x00, 0x00, 0x00, 0xBC, 0xFF, 0x04, 0x00, 0x00, 0x7C, 0xFF, 0x40, 0x00, 0x4F, 0xFF,
  0x6C, 0x00, 0x00, 0xC1, 0xE4, 0x02, 0x54, 0xFF, 0x18, 0x75, 0xA4, 0xFB, 0x1D, 0x6F, 0xEA, 0x00, 0x00, 0x00, 0x4A, 0xFE, 0xAF, 0xDD, 0xCF, 0x08,
  0x00, 0x00, 0x53, 0xFF, 0x71, 0x00, 0x00, 0xC6, 0xE4, 0x04, 0x00, 0x00, 0x00, 0x20, 0xE8, 0xE9, 0x20, 0x00, 0x00, 0x00, 0x66, 0xFF, 0x13, 0x00,
  0x00, 0xF4, 0x8C, 0x00, 0x00, 0x00, 0x84, 0xFA, 0x04, 0x00, 0x24, 0xEA, 0x1E, 0x00, 0x21, 0xC8, 0xF4, 0xA5, 0x06, 0x4F, 0xF2, 0xD1, 0x0A, 0x00,
  0x00, 0x00, 0x00, 0x00, 0x00, 0x00, 0x00, 0x00, 0x00, 0x00, 0x00, 0x00, 0x00, 0x00, 0x00, 0x00, 0x00, 0x00, 0x00, 0x00, 0x00, 0x00, 0x0F, 0xBF,
  0xF8, 0x4E, 0x00, 0x01, 0xA1, 0xFF, 0x8F, 0x1B, 0xDB, 0xF8, 0x44, 0x00, 0x00, 0x00, 0x00, 0x00, 0x00, 0x00, 0x00, 0x00, 0x00, 0x00, 0x00, 0x00,
  0x00, 0x00, 0x00, 0x00, 0x00, 0x00, 0x00, 0x00, 0x00, 0x00, 0x00, 0x00, 0x00, 0x00, 0x00, 0x00, 0x00, 0x00, 0x00, 0x00, 0x00, 0x00, 0x00, 0x00,
  0x00, 0x00, 0x00, 0x00, 0x00, 0x00, 0x00, 0x00, 0x00, 0x00, 0x00, 0x00, 0x00, 0x00, 0x00, 0x00, 0x00, 0x00, 0x00, 0x00, 0x00, 0x00, 0x00, 0x00,
  0x00, 0x00, 0x00, 0x00, 0x00, 0x00, 0x00, 0x00, 0x00, 0x00, 0x00, 0x00, 0x00, 0x00, 0x00, 0x00, 0x00, 0x00, 0x00, 0x00, 0x00, 0x00, 0x00, 0x00,
  0x00, 0x00, 0x00, 0x00, 0x00, 0x00, 0x00, 0x00, 0x00, 0x00, 0x00, 0x00, 0x00, 0x00, 0x00, 0x00, 0x00, 0x00, 0x00, 0x00, 0x00, 0x00, 0x00, 0x00,
  0x00, 0x00, 0x00, 0x00, 0x00, 0x00, 0x00, 0x00, 0x00, 0x00, 0x00, 0x00, 0x00, 0x00, 0x00, 0x00, 0x00, 0x00, 0x00, 0x00, 0x00, 0x00, 0x00, 0x00,
  0x00, 0x00, 0x00, 0x00, 0x00, 0x00, 0x00, 0x00, 0x00, 0x00, 0x00, 0x00, 0x00, 0x00, 0x00, 0x00, 0x00, 0x00, 0x00, 0x00, 0x00, 0x00, 0x00, 0x00,
  0x00, 0x00, 0x00, 0x00, 0x00, 0x00, 0x00, 0x00, 0x00, 0x00, 0x00, 0x00, 0x00, 0x00, 0x00, 0x00, 0x00, 0x00, 0x00, 0x00, 0x00, 0x00, 0x00, 0x00,
  0x00, 0x00, 0x00, 0x00, 0x00, 0x00, 0x00, 0x00, 0x00, 0x00, 0x00, 0x00, 0x00, 0x00, 0x00, 0x00, 0x00, 0x00, 0x00, 0x00, 0x00, 0x00, 0x00, 0x00,
  0x00, 0x00, 0x00, 0x00, 0x00, 0x00, 0x00, 0x00, 0x00, 0x00, 0x00, 0x00, 0x00, 0x00, 0x00, 0x00, 0x00, 0x00, 0x00, 0x00, 0x00, 0x00, 0x00, 0x00,
  0x00, 0x00, 0x00, 0x00, 0x00, 0x00, 0x00, 0x00, 0x00, 0x00, 0x00, 0x00, 0x00, 0x00, 0x00, 0x00, 0x00, 0x00, 0x00, 0x00, 0x00, 0x00, 0x00, 0x00,
  0x00, 0x00, 0x00, 0x00, 0x00, 0x00, 0x00, 0x00, 0x00, 0x00, 0x00, 0x00, 0x00, 0x00, 0x00, 0x00, 0x00, 0x00, 0x00, 0x00, 0x00, 0x00, 0x00, 0x00,
  0x00, 0x00, 0x00, 0x00, 0x00, 0x00, 0x00, 0x00, 0xA8, 0xFF, 0x18, 0x00, 0x00, 0x00, 0x00, 0x00, 0x00, 0x00, 0x00, 0x00, 0x00, 0x00, 0x00, 0x00,
  0x00, 0x00, 0x00, 0x00, 0x00, 0x00, 0x00, 0x98, 0xFF, 0x28, 0x00, 0x00, 0x00, 0x00, 0x00, 0x00, 0x00, 0x00, 0x10, 0xFF, 0xB0, 0x00, 0x00, 0x00,
  0x4C, 0xFF, 0x30, 0x00, 0xF4, 0x88, 0x00, 0x9C, 0xE0, 0xA8, 0xFF, 0x18, 0x00, 0x00, 0x68, 0xFF, 0x58, 0x15, 0xFF, 0xB6, 0x00, 0x00, 0x00, 0x1E,
  0xFF, 0xAD, 0xBC, 0xFF, 0x04, 0x00, 0x00, 0x11, 0xFF, 0xB8, 0x20, 0xFF, 0xA9, 0x00, 0x00, 0x00, 0x68, 0xFF, 0x58, 0x00, 0x00, 0x98, 0xFF, 0x2B,
  0x00, 0x00, 0x00, 0x00, 0x2A, 0xEB, 0xF5, 0xB7, 0x8E, 0x5D, 0x0E, 0x00, 0x5C, 0xFF, 0xFF, 0xFF, 0xFF, 0xFF, 0xFF, 0xFF, 0x74, 0xBC, 0xFF, 0x04,
  0x00, 0x00, 0x7C, 0xFF, 0x40, 0x00, 0x05, 0xEA, 0xC3, 0x00, 0x1A, 0xFD, 0x88, 0x00, 0x2F, 0xFF, 0x35, 0xA2, 0x6E, 0xD4, 0x49, 0x8C, 0xC5, 0x00,
  0x00, 0x00, 0x00, 0x89, 0xFF, 0xF4, 0x23, 0x00, 0x00, 0x00, 0x03, 0xE2, 0xD5, 0x00, 0x2A, 0xFF, 0x7D, 0x00, 0x00, 0x00, 0x0F, 0xD4, 0xF7, 0x37,
  0x00, 0x00, 0x00, 0x00, 0x17, 0xED, 0xA1, 0x00, 0x00, 0xF4, 0x8C, 0x00, 0x00, 0x20, 0xEF, 0x9D, 0x00, 0x00, 0x00, 0x00, 0x00, 0x00, 0x00, 0x00,
  0x00, 0x00, 0x00, 0x00, 0x00, 0x00, 0x00, 0x00, 0x00, 0x00, 0x00, 0x00, 0x00, 0x00, 0x00, 0x00, 0x00, 0x00, 0x00, 0x00, 0x00, 0x00, 0x00, 0x00,
  0x00, 0x8C, 0xFF, 0xFF, 0xFF, 0xFF, 0xFB, 0xED, 0xFF, 0xF8, 0x1E, 0x00, 0x07, 0xE5, 0xDC, 0x44, 0xFF, 0x85, 0x00, 0x00, 0x00, 0x00, 0x00, 0x00,
  0x00, 0x00, 0x00, 0x00, 0x00, 0x00, 0x00, 0x00, 0x00, 0x00, 0x00, 0x00, 0x00, 0x00, 0x00, 0x00, 0x00, 0x00, 0x00, 0x00, 0x00, 0x00, 0x00, 0x00,
  0x00, 0x00, 0x00, 0x00, 0x00, 0x00, 0x00, 0x00, 0x00, 0x00, 0x00, 0x00, 0x00, 0x00, 0x00, 0x00, 0x00, 0x00, 0x00, 0x00, 0x00, 0x00, 0x00, 0x00,
  0x00, 0x00, 0x00, 0x00, 0x00, 0x00, 0x00, 0x00, 0x00, 0x00, 0x00, 0x00, 0x00, 0x00, 0x00, 0x00, 0x00, 0x00, 0x00, 0x00, 0x00, 0x00, 0x00, 0x00,
  0x00, 0x00, 0x00, 0x00, 0x00, 0x00, 0x00, 0x00, 0x00, 0x00, 0x00, 0x00, 0x00, 0x00, 0x00, 0x00, 0x00, 0x00, 0x00, 0x00, 0x00, 0x00, 0x00, 0x00,
  0x00, 0x00, 0x00, 0x00, 0x00, 0x00, 0x00, 0x00, 0x00, 0x00, 0x00, 0x00, 0x00, 0x00, 0x00, 0x00, 0x00, 0x00, 0x00, 0x00, 0x00, 0x00, 0x00, 0x00,
  0x00, 0x00, 0x00, 0x00, 0x00, 0x00, 0x00, 0x00, 0x00, 0x00, 0x00, 0x00, 0x00, 0x00, 0x00, 0x00, 0x00, 0x00, 0x00, 0x00, 0x00, 0x00, 0x00, 0x00,
  0x00, 0x00, 0x00, 0x00, 0x00, 0x00, 0x00, 0x00, 0x00, 0x00, 0x00, 0x00, 0x00, 0x00, 0x00, 0x00, 0x00, 0x00, 0x00, 0x00, 0x00, 0x00, 0x00, 0x00,
  0x00, 0x00, 0x00, 0x00, 0x00, 0x00, 0x00, 0x00, 0x00, 0x00, 0x00, 0x00, 0x00, 0x00, 0x00, 0x00, 0x00, 0x00, 0x00, 0x00, 0x00, 0x00, 0x00, 0x00,
  0x00, 0x00, 0x00, 0x00, 0x00, 0x00, 0x00, 0x00, 0x00, 0x00, 0x00, 0x00, 0x00, 0x00, 0x00, 0x00, 0x00, 0x00, 0x00, 0x00, 0x00, 0x00, 0x00, 0x00,
  0x00, 0x00, 0x00, 0x00, 0x00, 0x00, 0x00, 0x00, 0x00, 0x00, 0x00, 0x00, 0x00, 0x00, 0x00, 0x00, 0x00, 0x00, 0x00, 0x00, 0x00, 0x00, 0x00, 0x00,
  0x00, 0x00, 0x00, 0x00, 0x00, 0x00, 0x00, 0x00, 0x00, 0x00, 0x00, 0x00, 0x00, 0x00, 0x00, 0x00, 0x00, 0x00, 0x00, 0x00, 0x00, 0x00, 0x00, 0x00,
  0x00, 0x00, 0x00, 0x00, 0x00, 0x00, 0x00, 0x00, 0x00, 0x00, 0x00, 0x00, 0x00, 0x00, 0x00, 0x00, 0xA8, 0xFF, 0x29, 0xB6, 0xF4, 0xCE, 0x3E, 0x00,
  0x64, 0xFF, 0xFF, 0xFF, 0xFF, 0x2C, 0x00, 0x00, 0x88, 0xFF, 0xFF, 0xFF, 0xFF, 0xF4, 0x00, 0x98, 0xFF, 0x28, 0x00, 0x05, 0xAA, 0xFC, 0x62, 0x00,
  0x00, 0x00, 0x10, 0xFF, 0xB0, 0x00, 0x00, 0x00, 0x4C, 0xFF, 0x30, 0x00, 0xF4, 0x88, 0x00, 0x9C, 0xE0, 0xA8, 0xFF, 0x18, 0x00, 0x00, 0x68, 0xFF,
  0x58, 0x16, 0xFF, 0xB6, 0x00, 0x00, 0x00, 0x1E, 0xFF, 0xAC, 0xBC, 0xFF, 0x04, 0x00, 0x00, 0x11, 0xFF, 0xB7, 0x21, 0xFF, 0xA9, 0x00, 0x00, 0x00,
  0x68, 0xFF, 0x58, 0x00, 0x00, 0x98, 0xFF, 0x28, 0x00, 0x00, 0x00, 0x00, 0x00, 0x0B, 0x52, 0x80, 0xA8, 0xF2, 0xE6, 0x1D, 0x00, 0x00, 0x00, 0xD0,
  0xEC, 0x00, 0x00, 0x00, 0x00, 0xBC, 0xFF, 0x04, 0x00, 0x00, 0x7C, 0xFF, 0x40, 0x00, 0x00, 0x91, 0xFE, 0x1A, 0x6F, 0xFF, 0x2A, 0x00, 0x0A, 0xFF,
  0x52, 0xCF, 0x3F, 0xA6, 0x75, 0xAA, 0xA0, 0x00, 0x00, 0x00, 0x00, 0xA1, 0xFF, 0xFD, 0x45, 0x00, 0x00, 0x00, 0x00, 0x7B, 0xFF, 0x35, 0x8B, 0xF9,
  0x17, 0x00, 0x00, 0x04, 0xBA, 0xFE, 0x55, 0x00, 0x00, 0x00, 0x00, 0x00, 0x00, 0x4C, 0xFF, 0x3D, 0x00, 0xF4, 0x8C, 0x00, 0x00, 0xA4, 0xDB, 0x08,
  0x00, 0x00, 0x00, 0x00, 0x00, 0x00, 0x00, 0x00, 0x00, 0x00, 0x00, 0x00, 0x00, 0x00, 0x00, 0x00, 0x00, 0x00, 0x00, 0x00, 0x00, 0x00, 0x00, 0x00,
  0x00, 0x00, 0x00, 0x00, 0x00, 0x00, 0x00, 0x00, 0x00, 0x00, 0x00, 0x00, 0x00, 0x00, 0x0F, 0xBF, 0xF9, 0x53, 0x00, 0x01, 0xA1, 0xFF, 0x8F, 0x1B,
  0xDC, 0xF8, 0x43, 0x00, 0x00, 0x00, 0x00, 0x00, 0x00, 0x00, 0x00, 0x00, 0x00, 0x00, 0x00, 0x00, 0x00, 0x00, 0x00, 0x00, 0x00, 0x00, 0x00, 0x00,
  0x00, 0x00, 0x00, 0x00, 0x00, 0x00, 0x00, 0x00, 0x00, 0x00, 0x00, 0x00, 0x00, 0x00, 0x00, 0x00, 0x00, 0x00, 0x00, 0x00, 0x00, 0x00, 0x00, 0x00,
  0x00, 0x00, 0x00, 0x00, 0x00, 0x00, 0x00, 0x00, 0x00, 0x00, 0x00, 0x00, 0x00, 0x00, 0x00, 0x00, 0x00, 0x00, 0x00, 0x00, 0x00, 0x00, 0x00, 0x00,
  0x00, 0x00, 0x00, 0x00, 0x00, 0x00, 0x00, 0x00, 0x00, 0x00, 0x00, 0x00, 0x00, 0x00, 0x00, 0x00, 0x00, 0x00, 0x00, 0x00, 0x00, 0x00, 0x00, 0x00,
  0x00, 0x00, 0x00, 0x00, 0x00, 0x00, 0x00, 0x00, 0x00, 0x00, 0x00, 0x00, 0x00, 0x00, 0x00, 0x00, 0x00, 0x00, 0x00, 0x00, 0x00, 0x00, 0x00, 0x00,
  0x00, 0x00, 0x00, 0x00, 0x00, 0x00, 0x00, 0x00, 0x00, 0x00, 0x00, 0x00, 0x00, 0x00, 0x00, 0x00, 0x00, 0x00, 0x00, 0x00, 0x00, 0x00, 0x00, 0x00,
  0x00, 0x00, 0x00, 0x00, 0x00, 0x00, 0x00, 0x00, 0x00, 0x00, 0x00, 0x00, 0x00, 0x00, 0x00, 0x00, 0x00, 0x00, 0x00, 0x00, 0x00, 0x00, 0x00, 0x00,
  0x00, 0x00, 0x00, 0x00, 0x00, 0x00, 0x00, 0x00, 0x00, 0x00, 0x00, 0x00, 0x00, 0x00, 0x00, 0x00, 0x00, 0x00, 0x00, 0x00, 0x00, 0x00, 0x00, 0x00,
  0x00, 0x00, 0x00, 0x00, 0x00, 0x00, 0x00, 0x00, 0x00, 0x00, 0x00, 0x00, 0x00, 0x00, 0x00, 0x00, 0x00, 0x00, 0x00, 0x00, 0x00, 0x00, 0x00, 0x00,
  0x00, 0x00, 0x00, 0x00, 0x00, 0x00, 0x00, 0x00, 0x00, 0x00, 0x00, 0x00, 0x00, 0x00, 0x00, 0x00, 0x00, 0x00, 0x00, 0x00, 0x00, 0x00, 0x00, 0x00,
  0x00, 0x00, 0x00, 0x00, 0x00, 0x00, 0x00, 0x00, 0x00, 0x00, 0x00, 0x00, 0x00, 0x00, 0x00, 0x00, 0x00, 0x00, 0x00, 0x00, 0x00, 0x00, 0x00, 0x00,
  0x00, 0x00, 0x00, 0x00, 0x00, 0x00, 0x00, 0x00, 0x00, 0x00, 0x00, 0x00, 0x00, 0x00, 0x00, 0x00, 0x00, 0x00, 0x00, 0x00, 0x00, 0x00, 0x00, 0x00,
  0xA8, 0xFF, 0x43, 0x10, 0x24, 0xD7, 0xED, 0x11, 0x00, 0x00, 0x00, 0x90, 0xFF, 0x2C, 0x00, 0x00, 0x00, 0x00, 0x00, 0x00, 0xC8, 0xF4, 0x00, 0x98,
  0xFF, 0x28, 0x09, 0xB6, 0xF9, 0x55, 0x00, 0x00, 0x00, 0x00, 0x10, 0xFF, 0xB0, 0x00, 0x00, 0x00, 0x4C, 0xFF, 0x30, 0x00, 0xF4, 0x88, 0x00, 0x9C,
  0xE0, 0xA8, 0xFF, 0x18, 0x00, 0x00, 0x68, 0xFF, 0x58, 0x00, 0xE1, 0xD7, 0x00, 0x00, 0x00, 0x40, 0xFF, 0x76, 0xBC, 0xFF, 0x0C, 0x00, 0x00, 0x33,
  0xFF, 0x95, 0x04, 0xF9, 0xCB, 0x00, 0x00, 0x00, 0x71, 0xFF, 0x58, 0x00, 0x00, 0x98, 0xFF, 0x28, 0x00, 0x00, 0x00, 0x00, 0x0E, 0x0D, 0x00, 0x00,
  0x00, 0x59, 0xFF, 0x63, 0x00, 0x00, 0x00, 0xD0, 0xEC, 0x00, 0x00, 0x00, 0x00, 0xAA, 0xFF, 0x13, 0x00, 0x00, 0x81, 0xFF, 0x40, 0x00, 0x00, 0x32,
  0xFF, 0x6E, 0xC6, 0xCB, 0x00, 0x00, 0x00, 0xE5, 0x73, 0xF7, 0x11, 0x78, 0xA1, 0xC8, 0x7B, 0x00, 0x00, 0x00, 0x64, 0xFF, 0x74, 0xE2, 0xE9, 0x19,
  0x00, 0x00, 0x00, 0x15, 0xF8, 0x99, 0xE8, 0xA5, 0x00, 0x00, 0x00, 0x99, 0xFF, 0x78, 0x00, 0x00, 0x00, 0x00, 0x00, 0x00, 0x0A, 0x64, 0xFE, 0x39,
  0x00, 0xF4, 0x8C, 0x00, 0x00, 0x9A, 0xDB, 0x27, 0x03, 0x00, 0x00, 0x00, 0x00, 0x00, 0x00, 0x00, 0x00, 0x00, 0x00, 0x00, 0x00, 0x00, 0x00, 0x00,
  0x00, 0x00, 0x00, 0x00, 0x00, 0x00, 0x00, 0x00, 0x00, 0x00, 0x00, 0x00, 0x00, 0x00, 0x00, 0x00, 0x00, 0x00, 0x00, 0x00, 0x00, 0x07, 0xCB, 0xF4,
  0x45, 0x00, 0x00, 0x91, 0xFB, 0x6D, 0x00, 0x00, 0x12, 0xBE, 0xF4, 0x37, 0x00, 0x00, 0x00, 0x00, 0x00, 0x00, 0x00, 0x00, 0x00, 0x00, 0x00, 0x00,
  0x00, 0x00, 0x00, 0x00, 0x00, 0x00, 0x00, 0x00, 0x00, 0x00, 0x00, 0x00, 0x00, 0x00, 0x00, 0x00, 0x00, 0x00, 0x00, 0x00, 0x00, 0x00, 0x00, 0x00,
  0x00, 0x00, 0x00, 0x00, 0x00, 0x00, 0x00, 0x00, 0x00, 0x00, 0x00, 0x00, 0x00, 0x00, 0x00, 0x00, 0x00, 0x00, 0x00, 0x00, 0x00, 0x00, 0x00, 0x00,
  0x00, 0x00, 0x00, 0x00, 0x00, 0x00, 0x00, 0x00, 0x00, 0x00, 0x00, 0x00, 0x00, 0x00, 0x00, 0x00, 0x00, 0x00, 0x00, 0x00, 0x00, 0x00, 0x00, 0x00,
  0x00, 0x00, 0x00, 0x00, 0x00, 0x00, 0x00, 0x00, 0x00, 0x00, 0x00, 0x00, 0x00, 0x00, 0x00, 0x00, 0x00, 0x00, 0x00, 0x00, 0x00, 0x00, 0x00, 0x00,
  0x00, 0x00, 0x00, 0x00, 0x00, 0x00, 0x00, 0x00, 0x00, 0x00, 0x00, 0x00, 0x00, 0x00, 0x00, 0x00, 0x00, 0x00, 0x00, 0x00, 0x00, 0x00, 0x00, 0x00,
  0x00, 0x00, 0x00, 0x00, 0x00, 0x00, 0x00, 0x00, 0x00, 0x00, 0x00, 0x00, 0x00, 0x00, 0x00, 0x00, 0x00, 0x00, 0x00, 0x00, 0x00, 0x00, 0x00, 0x00,
  0x00, 0x00, 0x00, 0x00, 0x00, 0x00, 0x00, 0x00, 0x00, 0x00, 0x00, 0x00, 0x00, 0x00, 0x00, 0x00, 0x00, 0x00, 0x00, 0x00, 0x00, 0x00, 0x00, 0x00,
  0x00, 0x00, 0x00, 0x00, 0x00, 0x00, 0x00, 0x00, 0x00, 0x00, 0x00, 0x00, 0x00, 0x00, 0x00, 0x00, 0x00, 0x00, 0x00, 0x00, 0x00, 0x00, 0x00, 0x00,
  0x00, 0x00, 0x00, 0x00, 0x00, 0x00, 0x00, 0x00, 0x00, 0x00, 0x00, 0x00, 0x00, 0x00, 0x00, 0x00, 0x00, 0x00, 0x00, 0x00, 0x00, 0x00, 0x00, 0x00,
  0x00, 0x00, 0x00, 0x00, 0x00, 0x00, 0x00, 0x00, 0x00, 0x00, 0x00, 0x00, 0x00, 0x00, 0x00, 0x00, 0x00, 0x00, 0x00, 0x00, 0x00, 0x00, 0x00, 0x00,
  0x00, 0x00, 0x00, 0x00, 0x00, 0x00, 0x00, 0x00, 0x00, 0x00, 0x00, 0x00, 0x00, 0x00, 0x00, 0x00, 0x00, 0x00, 0x00, 0x00, 0x00, 0x00, 0x00, 0x00,
  0x00, 0x00, 0x00, 0x00, 0x00, 0x00, 0x00, 0x00, 0xA8, 0xFF, 0x1D, 0x00, 0x00, 0x77, 0xFF, 0x45, 0x00, 0x00, 0x00, 0x90, 0xFF, 0x2C, 0x00, 0x00,
  0x00, 0x00, 0x00, 0x00, 0xC8, 0xF4, 0x00, 0x98, 0xFF, 0x33, 0xC0, 0xF6, 0x48, 0x00, 0x00, 0x00, 0x00, 0x00, 0x10, 0xFF, 0xB0, 0x00, 0x00, 0x00,
  0x4C, 0xFF, 0x30, 0x00, 0xF4, 0x88, 0x00, 0x9C, 0xE0, 0xA8, 0xFF, 0x18, 0x00, 0x00, 0x68, 0xFF, 0x58, 0x00, 0x57, 0xFF, 0x79, 0x0E, 0x25, 0xC8,
  0xE1, 0x0B, 0xBC, 0xFF, 0x62, 0x0E, 0x20, 0xC0, 0xFE, 0x2F, 0x00, 0x96, 0xFF, 0x6D, 0x0C, 0x28, 0xAD, 0xFF, 0x58, 0x00, 0x00, 0x98, 0xFF, 0x28,
  0x00, 0x00, 0x00, 0x00, 0xC0, 0xCF, 0x3F, 0x08, 0x16, 0xA4, 0xFB, 0x30, 0x00, 0x00, 0x00, 0xD0, 0xEC, 0x00, 0x00, 0x00, 0x00, 0x65, 0xFF, 0x8A,
  0x0B, 0x27, 0x8A, 0xFF, 0x40, 0x00, 0x00, 0x00, 0xD3, 0xDA, 0xFE, 0x6D, 0x00, 0x00, 0x00, 0xC0, 0xB6, 0xE1, 0x00, 0x4A, 0xCD, 0xE5, 0x56, 0x00,
  0x00, 0x2E, 0xF6, 0xAF, 0x00, 0x3E, 0xFD, 0xBF, 0x03, 0x00, 0x00, 0x00, 0xA3, 0xFF, 0xFF, 0x38, 0x00, 0x00, 0x73, 0xFF, 0x9D, 0x00, 0x00, 0x00,
  0x00, 0x00, 0x68, 0xFF, 0xFF, 0xE8, 0x50, 0x00, 0x00, 0xF4, 0x8C, 0x00, 0x00, 0x06, 0xA0, 0xFF, 0xFF, 0xFF, 0x00, 0x00, 0x00, 0x00, 0x00, 0x00,
  0x00, 0x00, 0x00, 0x00, 0x00, 0x00, 0x00, 0x00, 0x00, 0x00, 0x00, 0x00, 0x00, 0x00, 0x00, 0x00, 0x00, 0x00, 0x00, 0x00, 0x00, 0x00, 0x00, 0x00,
  0x00, 0x00, 0x00, 0x00, 0x00, 0x00, 0x71, 0x38, 0x00, 0x00, 0x00, 0x90, 0x44, 0x00, 0x00, 0x00, 0x00, 0x04, 0x96, 0x3B, 0x00, 0x00, 0x00, 0x00,
  0x00, 0x00, 0x00, 0x00, 0x00, 0x00, 0x00, 0x00, 0x00, 0x00, 0x00, 0x00, 0x00, 0x00, 0x00, 0x00, 0x00, 0x00, 0x00, 0x00, 0x00, 0x00, 0x00, 0x00,
  0x00, 0x00, 0x00, 0x00, 0x00, 0x00, 0x00, 0x00, 0x00, 0x00, 0x00, 0x00, 0x00, 0x00, 0x00, 0x00, 0x00, 0x00, 0x00, 0x00, 0x00, 0x00, 0x00, 0x00,
  0x00, 0x00, 0x00, 0x00, 0x00, 0x00, 0x00, 0x00, 0x00, 0x00, 0x00, 0x00, 0x00, 0x00, 0x00, 0x00, 0x00, 0x00, 0x00, 0x00, 0x00, 0x00, 0x00, 0x00,
  0x00, 0x00, 0x00, 0x00, 0x00, 0x00, 0x00, 0x00, 0x00, 0x00, 0x00, 0x00, 0x00, 0x00, 0x00, 0x00, 0x00, 0x00, 0x00, 0x00, 0x00, 0x00, 0x00, 0x00,
  0x00, 0x00, 0x00, 0x00, 0x00, 0x00, 0x00, 0x00, 0x00, 0x00, 0x00, 0x00, 0x00, 0x00, 0x00, 0x00, 0x00, 0x00, 0x00, 0x00, 0x00, 0x00, 0x00, 0x00,
  0x00, 0x00, 0x00, 0x00, 0x00, 0x00, 0x00, 0x00, 0x00, 0x00, 0x00, 0x00, 0x00, 0x00, 0x00, 0x00, 0x00, 0x00, 0x00, 0x00, 0x00, 0x00, 0x00, 0x00,
  0x00, 0x00, 0x00, 0x00, 0x00, 0x00, 0x00, 0x00, 0x00, 0x00, 0x00, 0x00, 0x00, 0x00, 0x00, 0x00, 0x00, 0x00, 0x00, 0x00, 0x00, 0x00, 0x00, 0x00,
  0x00, 0x00, 0x00, 0x00, 0x00, 0x00, 0x00, 0x00, 0x00, 0x00, 0x00, 0x00, 0x00, 0x00, 0x00, 0x00, 0x00, 0x00, 0x00, 0x00, 0x00, 0x00, 0x00, 0x00,
  0x00, 0x00, 0x00, 0x00, 0x00, 0x00, 0x00, 0x00, 0x00, 0x00, 0x00, 0x00, 0x00, 0x00, 0x00, 0x00, 0x00, 0x00, 0x00, 0x00, 0x00, 0x00, 0x00, 0x00,
  0x00, 0x00, 0x00, 0x00, 0x00, 0x00, 0x00, 0x00, 0x00, 0x00, 0x00, 0x00, 0x00, 0x00, 0x00, 0x00, 0x00, 0x00, 0x00, 0x00, 0x00, 0x00, 0x00, 0x00,
  0x00, 0x00, 0x00, 0x00, 0x00, 0x00, 0x00, 0x00, 0x00, 0x00, 0x00, 0x00, 0x00, 0x00, 0x00, 0x00, 0x00, 0x00, 0x00, 0x00, 0x00, 0x00, 0x00, 0x00,
  0x00, 0x00, 0x00, 0x00, 0x00, 0x00, 0x00, 0x00, 0x00, 0x00, 0x00, 0x00, 0x00, 0x00, 0x00, 0x00, 0xA8, 0xFF, 0x18, 0x00, 0x00, 0x68, 0xFF, 0x58,
  0x00, 0x00, 0x00, 0x90, 0xFF, 0x2C, 0x00, 0x00, 0x00, 0x00, 0x00, 0x00, 0xC8, 0xF4, 0x00, 0x98, 0xFF, 0xDC, 0xFF, 0xD2, 0x07, 0x00, 0x00, 0x00,
  0x00, 0x00, 0x10, 0xFF, 0xB0, 0x00, 0x00, 0x00, 0x4C, 0xFF, 0x30, 0x00, 0xF4, 0x88, 0x00, 0x9C, 0xE0, 0xA8, 0xFF, 0x18, 0x00, 0x00, 0x68, 0xFF,
  0x58, 0x00, 0x00, 0x4C, 0xCE, 0xF9, 0xEE, 0xA4, 0x19, 0x00, 0xBC, 0xFF, 0x2A, 0xC5, 0xF6, 0xD3, 0x50, 0x00, 0x00, 0x0A, 0x95, 0xE8, 0xEF, 0x8C,
  0x6B, 0xFF, 0x58, 0xC8, 0xFF, 0xFF, 0xFF, 0xFF, 0xFF, 0x80, 0x00, 0x00, 0x1B, 0x94, 0xDE, 0xF9, 0xED, 0xC0, 0x48, 0x00, 0x00, 0x00, 0x00, 0xD0,
  0xEC, 0x00, 0x00, 0x00, 0x00, 0x02, 0x89, 0xE8, 0xEB, 0x70, 0x7C, 0xFF, 0x40, 0x00, 0x00, 0x00, 0x74, 0xFF, 0xFA, 0x14, 0x00, 0x00, 0x00, 0x9B,
  0xFF, 0xB3, 0x00, 0x1B, 0xFF, 0xFF, 0x32, 0x00, 0x0D, 0xD9, 0xE6, 0x14, 0x00, 0x00, 0x84, 0xFF, 0x83, 0x00, 0x00, 0x00, 0x37, 0xFF, 0xCC, 0x00,
  0x00, 0x00, 0xC4, 0xFF, 0xFF, 0xFF, 0xFF, 0xFF, 0xFF, 0x60, 0x00, 0x00, 0x0D, 0x71, 0xF5, 0x26, 0x00, 0xF4, 0x8C, 0x00, 0x00, 0x8A, 0xE2, 0x2E,
  0x04, 0x00, 0x00, 0x00, 0x00, 0x00, 0x00, 0x00, 0x00, 0x00, 0x00, 0x00, 0x00, 0x00, 0x00, 0x00, 0x00, 0x00, 0x00, 0x00, 0x00, 0x00, 0x00, 0x00,
  0x00, 0x00, 0x00, 0x00, 0x00, 0x00, 0x00, 0x00, 0x00, 0x00, 0x00, 0x00, 0x00, 0x00, 0x00, 0x00, 0x00, 0x00, 0x00, 0x00, 0x00, 0x00, 0x00, 0x00,
  0x00, 0x00, 0x00, 0x00, 0x00, 0x00, 0x00, 0x00, 0x00, 0x00, 0x00, 0x00, 0x00, 0x00, 0x00, 0x00, 0x00, 0x00, 0x00, 0x00, 0x00, 0x00, 0x00, 0x00,
  0x00, 0x00, 0x00, 0x00, 0x00, 0x00, 0x00, 0x00, 0x00, 0x00, 0x00, 0x00, 0x00, 0x00, 0x00, 0x00, 0x00, 0x00, 0x00, 0x00, 0x00, 0x00, 0x00, 0x00,
  0x00, 0x00, 0x00, 0x00, 0x00, 0x00, 0x00, 0x00, 0x00, 0x00, 0x00, 0x00, 0x00, 0x00, 0x00, 0x00, 0x00, 0x00, 0x00, 0x00, 0x00, 0x00, 0x00, 0x00,
  0x00, 0x00, 0x00, 0x00, 0x00, 0x00, 0x00, 0x00, 0x00, 0x00, 0x00, 0x00, 0x00, 0x00, 0x00, 0x00, 0x00, 0x00, 0x00, 0x00, 0x00, 0x00, 0x00, 0x00,
  0x00, 0x00, 0x00, 0x00, 0x00, 0x00, 0x00, 0x00, 0x00, 0x00, 0x00, 0x00, 0x00, 0x00, 0x00, 0x00, 0x00, 0x00, 0x00, 0x00, 0x00, 0x00, 0x00, 0x00,
  0x00, 0x00, 0x00, 0x00, 0x00, 0x00, 0x00, 0x00, 0x00, 0x00, 0x00, 0x00, 0x00, 0x00, 0x00, 0x00, 0x00, 0x00, 0x00, 0x00, 0x00, 0x00, 0x00, 0x00,
  0x00, 0x00, 0x00, 0x00, 0x00, 0x00, 0x00, 0x00, 0x00, 0x00, 0x00, 0x00, 0x00, 0x00, 0x00, 0x00, 0x00, 0x00, 0x00, 0x00, 0x00, 0x00, 0x00, 0x00,
  0x00, 0x00, 0x00, 0x00, 0x00, 0x00, 0x00, 0x00, 0x00, 0x00, 0x00, 0x00, 0x00, 0x00, 0x00, 0x00, 0x00, 0x00, 0x00, 0x00, 0x00, 0x00, 0x00, 0x00,
  0x00, 0x00, 0x00, 0x00, 0x00, 0x00, 0x00, 0x00, 0x00, 0x00, 0x00, 0x00, 0x00, 0x00, 0x00, 0x00, 0x00, 0x00, 0x00, 0x00, 0x00, 0x00, 0x00, 0x00,
  0x00, 0x00, 0x00, 0x00, 0x00, 0x00, 0x00, 0x00, 0x00, 0x00, 0x00, 0x00, 0x00, 0x00, 0x00, 0x00, 0x00, 0x00, 0x00, 0x00, 0x00, 0x00, 0x00, 0x00,
  0x00, 0x00, 0x00, 0x00, 0x00, 0x00, 0x00, 0x00, 0x00, 0x00, 0x00, 0x00, 0x00, 0x00, 0x00, 0x00, 0x00, 0x00, 0x00, 0x00, 0x00, 0x00, 0x00, 0x00,
  0x00, 0x00, 0x00, 0x00, 0x00, 0x00, 0x00, 0x00, 0x00, 0x00, 0x00, 0x00, 0x00, 0x00, 0x00, 0x00, 0x00, 0x00, 0x00, 0x00, 0x00, 0x00, 0x00, 0x00,
  0xA8, 0xFF, 0x18, 0x00, 0x00, 0x68, 0xFF, 0x58, 0x00, 0x00, 0x00, 0x90, 0xFF, 0x2C, 0x00, 0x00, 0x00, 0x00, 0x00, 0x00, 0xC8, 0xF4, 0x00, 0x98,
  0xFF, 0xD0, 0x7F, 0xFF, 0x9A, 0x00, 0x00, 0x00, 0x00, 0x00, 0x10, 0xFF, 0xB0, 0x00, 0x00, 0x00, 0x00, 0x00, 0x00, 0x00, 0x00, 0x00, 0x00, 0x00,
  0x00, 0x00, 0x00, 0x00, 0x00, 0x00, 0x00, 0x00, 0x00, 0x00, 0x00, 0x00, 0x00, 0x00, 0x00, 0x00, 0x00, 0x00, 0xBC, 0xFF, 0x04, 0x00, 0x00, 0x00,
  0x00, 0x00, 0x00, 0x00, 0x00, 0x00, 0x00, 0x00, 0x68, 0xFF, 0x58, 0x00, 0x00, 0x00, 0x00, 0x00, 0x00, 0x00, 0x00, 0x00, 0x00, 0x00, 0x00, 0x00,
  0x00, 0x00, 0x00, 0x00, 0x00, 0x00, 0x00, 0xCF, 0xEC, 0x00, 0x00, 0x00, 0x00, 0x00, 0x00, 0x00, 0x00, 0x00, 0x00, 0x00, 0x00, 0x00, 0x00, 0x00,
  0x00, 0x00, 0x00, 0x00, 0x00, 0x00, 0x00, 0x00, 0x00, 0x00, 0x00, 0x00, 0x00, 0x00, 0x00, 0x00, 0x00, 0x00, 0x00, 0x00, 0x00, 0x00, 0x00, 0x00,
  0x00, 0x00, 0x00, 0x00, 0x43, 0xFF, 0x60, 0x00, 0x00, 0x00, 0x00, 0x00, 0x00, 0x00, 0x00, 0x00, 0x00, 0x00, 0x00, 0x00, 0x00, 0x30, 0xFF, 0x52,
  0x00, 0xF4, 0x8C, 0x00, 0x00, 0xB6, 0xC6, 0x00, 0x00, 0x00, 0x00, 0x00, 0x00, 0x00, 0x00, 0x00, 0x00, 0x00, 0x00, 0x00, 0x00, 0x00, 0x00, 0x00,
  0x00, 0x00, 0x00, 0x00, 0x00, 0x00, 0x00, 0x00, 0x00, 0x00, 0x00, 0x00, 0x00, 0x00, 0x00, 0x00, 0x00, 0x00, 0x00, 0x00, 0x00, 0x00, 0x00, 0x00,
  0x00, 0x00, 0x00, 0x00, 0x00, 0x00, 0x00, 0x00, 0x00, 0x00, 0x00, 0x00, 0x00, 0x00, 0x00, 0x00, 0x00, 0x00, 0x00, 0x00, 0x00, 0x00, 0x00, 0x00,
  0x00, 0x00, 0x00, 0x00, 0x00, 0x00, 0x00, 0x00, 0x00, 0x00, 0x00, 0x00, 0x00, 0x00, 0x00, 0x00, 0x00, 0x00, 0x00, 0x00, 0x00, 0x00, 0x00, 0x00,
  0x00, 0x00, 0x00, 0x00, 0x00, 0x00, 0x00, 0x00, 0x00, 0x00, 0x00, 0x00, 0x00, 0x00, 0x00, 0x00, 0x00, 0x00, 0x00, 0x00, 0x00, 0x00, 0x00, 0x00,
  0x00, 0x00, 0x00, 0x00, 0x00, 0x00, 0x00, 0x00, 0x00, 0x00, 0x00, 0x00, 0x00, 0x00, 0x00, 0x00, 0x00, 0x00, 0x00, 0x00, 0x00, 0x00, 0x00, 0x00,
  0x00, 0x00, 0x00, 0x00, 0x00, 0x00, 0x00, 0x00, 0x00, 0x00, 0x00, 0x00, 0x00, 0x00, 0x00, 0x00, 0x00, 0x00, 0x00, 0x00, 0x00, 0x00, 0x00, 0x00,
  0x00, 0x00, 0x00, 0x00, 0x00, 0x00, 0x00, 0x00, 0x00, 0x00, 0x00, 0x00, 0x00, 0x00, 0x00, 0x00, 0x00, 0x00, 0x00, 0x00, 0x00, 0x00, 0x00, 0x00,
  0x00, 0x00, 0x00, 0x00, 0x00, 0x00, 0x00, 0x00, 0x00, 0x00, 0x00, 0x00, 0x00, 0x00, 0x00, 0x00, 0x00, 0x00, 0x00, 0x00, 0x00, 0x00, 0x00, 0x00,
  0x00, 0x00, 0x00, 0x00, 0x00, 0x00, 0x00, 0x00, 0x00, 0x00, 0x00, 0x00, 0x00, 0x00, 0x00, 0x00, 0x00, 0x00, 0x00, 0x00, 0x00, 0x00, 0x00, 0x00,
  0x00, 0x00, 0x00, 0x00, 0x00, 0x00, 0x00, 0x00, 0x00, 0x00, 0x00, 0x00, 0x00, 0x00, 0x00, 0x00, 0x00, 0x00, 0x00, 0x00, 0x00, 0x00, 0x00, 0x00,
  0x00, 0x00, 0x00, 0x00, 0x00, 0x00, 0x00, 0x00, 0x00, 0x00, 0x00, 0x00, 0x00, 0x00, 0x00, 0x00, 0x00, 0x00, 0x00, 0x00, 0x00, 0x00, 0x00, 0x00,
  0x00, 0x00, 0x00, 0x00, 0x00, 0x00, 0x00, 0x00, 0x00, 0x00, 0x00, 0x00, 0x00, 0x00, 0x00, 0x00, 0x00, 0x00, 0x00, 0x00, 0x00, 0x00, 0x00, 0x00,
  0x00, 0x00, 0x00, 0x00, 0x00, 0x00, 0x00, 0x00, 0x00, 0x00, 0x00, 0x00, 0x00, 0x00, 0x00, 0x00, 0x00, 0x00, 0x00, 0x00, 0x00, 0x00, 0x00, 0x00,
  0x00, 0x00, 0x00, 0x00, 0x00, 0x00, 0x00, 0x00, 0xA8, 0xFF, 0x18, 0x00, 0x00, 0x68, 0xFF, 0x58, 0x00, 0x00, 0x00, 0x90, 0xFF, 0x2C, 0x00, 0x00,
  0x00, 0x00, 0x00, 0x00, 0xC8, 0xF4, 0x00, 0x98, 0xFF, 0x2D, 0x00, 0xAD, 0xFF, 0x5E, 0x00, 0x00, 0x00, 0x00, 0x10, 0xFF, 0xB0, 0x00, 0x00, 0x00,
  0x00, 0x00, 0x00, 0x00, 0x00, 0x00, 0x00, 0x00, 0x00, 0x00, 0x00, 0x00, 0x00, 0x00, 0x00, 0x00, 0x00, 0x00, 0x00, 0x00, 0x00, 0x00, 0x00, 0x00,
  0x00, 0x00, 0xBC, 0xFF, 0x04, 0x00, 0x00, 0x00, 0x00, 0x00, 0x00, 0x00, 0x00, 0x00, 0x00, 0x00, 0x68, 0xFF, 0x58, 0x00, 0x00, 0x00, 0x00, 0x00,
  0x00, 0x00, 0x00, 0x00, 0x00, 0x00, 0x00, 0x00, 0x00, 0x00, 0x00, 0x00, 0x00, 0x00, 0x00, 0xB4, 0xEC, 0x00, 0x00, 0x00, 0x00, 0x00, 0x00, 0x00,
  0x00, 0x00, 0x00, 0x00, 0x00, 0x00, 0x00, 0x00, 0x00, 0x00, 0x00, 0x00, 0x00, 0x00, 0x00, 0x00, 0x00, 0x00, 0x00, 0x00, 0x00, 0x00, 0x00, 0x00,
  0x00, 0x00, 0x00, 0x00, 0x00, 0x00, 0x00, 0x00, 0x00, 0x00, 0x00, 0x00, 0x9E, 0xE7, 0x08, 0x00, 0x00, 0x00, 0x00, 0x00, 0x00, 0x00, 0x00, 0x00,
  0x00, 0x00, 0x00, 0x00, 0x02, 0xC1, 0xEB, 0x11, 0x00, 0xF4, 0x8C, 0x00, 0x00, 0x61, 0xFF, 0x5B, 0x00, 0x00, 0x00, 0x00, 0x00, 0x00, 0x00, 0x00,
  0x00, 0x00, 0x00, 0x00, 0x00, 0x00, 0x00, 0x00, 0x00, 0x00, 0x00, 0x00, 0x00, 0x00, 0x00, 0x00, 0x00, 0x00, 0x00, 0x00, 0x00, 0x00, 0x00, 0x00,
  0x00, 0x00, 0x00, 0x00, 0x00, 0x00, 0x00, 0x00, 0x00, 0x00, 0x00, 0x00, 0x00, 0x00, 0x00, 0x00, 0x00, 0x00, 0x00, 0x00, 0x00, 0x00, 0x00, 0x00,
  0x00, 0x00, 0x00, 0x00, 0x00, 0x00, 0x00, 0x00, 0x00, 0x00, 0x00, 0x00, 0x00, 0x00, 0x00, 0x00, 0x00, 0x00, 0x00, 0x00, 0x00, 0x00, 0x00, 0x00,
  0x00, 0x00, 0x00, 0x00, 0x00, 0x00, 0x00, 0x00, 0x00, 0x00, 0x00, 0x00, 0x00, 0x00, 0x00, 0x00, 0x00, 0x00, 0x00, 0x00, 0x00, 0x00, 0x00, 0x00,
  0x00, 0x00, 0x00, 0x00, 0x00, 0x00, 0x00, 0x00, 0x00, 0x00, 0x00, 0x00, 0x00, 0x00, 0x00, 0x00, 0x00, 0x00, 0x00, 0x00, 0x00, 0x00, 0x00, 0x00,
  0x00, 0x00, 0x00, 0x00, 0x00, 0x00, 0x00, 0x00, 0x00, 0x00, 0x00, 0x00, 0x00, 0x00, 0x00, 0x00, 0x00, 0x00, 0x00, 0x00, 0x00, 0x00, 0x00, 0x00,
  0x00, 0x00, 0x00, 0x00, 0x00, 0x00, 0x00, 0x00, 0x00, 0x00, 0x00, 0x00, 0x00, 0x00, 0x00, 0x00, 0x00, 0x00, 0x00, 0x00, 0x00, 0x00, 0x00, 0x00,
  0x00, 0x00, 0x00, 0x00, 0x00, 0x00, 0x00, 0x00, 0x00, 0x00, 0x00, 0x00, 0x00, 0x00, 0x00, 0x00, 0x00, 0x00, 0x00, 0x00, 0x00, 0x00, 0x00, 0x00,
  0x00, 0x00, 0x00, 0x00, 0x00, 0x00, 0x00, 0x00, 0x00, 0x00, 0x00, 0x00, 0x00, 0x00, 0x00, 0x00, 0x00, 0x00, 0x00, 0x00, 0x00, 0x00, 0x00, 0x00,
  0x00, 0x00, 0x00, 0x00, 0x00, 0x00, 0x00, 0x00, 0x00, 0x00, 0x00, 0x00, 0x00, 0x00, 0x00, 0x00, 0x00, 0x00, 0x00, 0x00, 0x00, 0x00, 0x00, 0x00,
  0x00, 0x00, 0x00, 0x00, 0x00, 0x00, 0x00, 0x00, 0x00, 0x00, 0x00, 0x00, 0x00, 0x00, 0x00, 0x00, 0x00, 0x00, 0x00, 0x00, 0x00, 0x00, 0x00, 0x00,
  0x00, 0x00, 0x00, 0x00, 0x00, 0x00, 0x00, 0x00, 0x00, 0x00, 0x00, 0x00, 0x00, 0x00, 0x00, 0x00, 0x00, 0x00, 0x00, 0x00, 0x00, 0x00, 0x00, 0x00,
  0x00, 0x00, 0x00, 0x00, 0x00, 0x00, 0x00, 0x00, 0x00, 0x00, 0x00, 0x00, 0x00, 0x00, 0x00, 0x00, 0x00, 0x00, 0x00, 0x00, 0x00, 0x00, 0x00, 0x00,
  0x00, 0x00, 0x00, 0x00, 0x00, 0x00, 0x00, 0x00, 0x00, 0x00, 0x00, 0x00, 0x00, 0x00, 0x00, 0x00, 0xA8, 0xFF, 0x18, 0x00, 0x00, 0x68, 0xFF, 0x58,
  0x00, 0x00, 0x00, 0x90, 0xFF, 0x2C, 0x00, 0x00, 0x00, 0x00, 0x00, 0x00, 0xC8, 0xF4, 0x00, 0x98, 0xFF, 0x28, 0x00, 0x0F, 0xDE, 0xF5, 0x2C, 0x00,
  0x00, 0x00, 0x10, 0xFF, 0xB0, 0x00, 0x00, 0x00, 0x00, 0x00, 0x00, 0x00, 0x00, 0x00, 0x00, 0x00, 0x00, 0x00, 0x00, 0x00, 0x00, 0x00, 0x00, 0x00,
  0x00, 0x00, 0x00, 0x00, 0x00, 0x00, 0x00, 0x00, 0x00, 0x00, 0xBC, 0xFF, 0x04, 0x00, 0x00, 0x00, 0x00, 0x00, 0x00, 0x00, 0x00, 0x00, 0x00, 0x00,
  0x68, 0xFF, 0x58, 0x00, 0x00, 0x00, 0x00, 0x00, 0x00, 0x00, 0x00, 0x00, 0x00, 0x00, 0x00, 0x00, 0x00, 0x00, 0x00, 0x00, 0x00, 0x00, 0x00, 0x34,
  0xD8, 0xFE, 0xFF, 0xFF, 0x74, 0x00, 0x00, 0x00, 0x00, 0x00, 0x00, 0x00, 0x00, 0x00, 0x00, 0x00, 0x00, 0x00, 0x00, 0x00, 0x00, 0x00, 0x00, 0x00,
  0x00, 0x00, 0x00, 0x00, 0x00, 0x00, 0x00, 0x00, 0x00, 0x00, 0x00, 0x00, 0x00, 0x00, 0x00, 0x00, 0x00, 0x00, 0xC0, 0xFE, 0xDD, 0x44, 0x00, 0x00,
  0x00, 0x00, 0x00, 0x00, 0x00, 0x00, 0x00, 0x00, 0x00, 0x00, 0x00, 0x00, 0x4B, 0xFF, 0x5C, 0x00, 0x00, 0xF4, 0x8C, 0x00, 0x00, 0x01, 0xC5, 0xE1,
  0x00, 0x00, 0x00, 0x00, 0x00, 0x00, 0x00, 0x00, 0x00, 0x00, 0x00, 0x00, 0x00, 0x00, 0x00, 0x00, 0x00, 0x00, 0x00, 0x00, 0x00, 0x00, 0x00, 0x00,
  0x00, 0x00, 0x00, 0x00, 0x00, 0x00, 0x00, 0x00, 0x00, 0x00, 0x00, 0x00, 0x00, 0x00, 0x00, 0x00, 0x00, 0x00, 0x00, 0x00, 0x00, 0x00, 0x00, 0x00,
  0x00, 0x00, 0x00, 0x00, 0x00, 0x00, 0x00, 0x00, 0x00, 0x00, 0x00, 0x00, 0x00, 0x00, 0x00, 0x00, 0x00, 0x00, 0x00, 0x00, 0x00, 0x00, 0x00, 0x00,
  0x00, 0x00, 0x00, 0x00, 0x00, 0x00, 0x00, 0x00, 0x00, 0x00, 0x00, 0x00, 0x00, 0x00, 0x00, 0x00, 0x00, 0x00, 0x00, 0x00, 0x00, 0x00, 0x00, 0x00,
  0x00, 0x00, 0x00, 0x00, 0x00, 0x00, 0x00, 0x00, 0x00, 0x00, 0x00, 0x00, 0x00, 0x00, 0x00, 0x00, 0x00, 0x00, 0x00, 0x00, 0x00, 0x00, 0x00, 0x00,
  0x00, 0x00, 0x00, 0x00, 0x00, 0x00, 0x00, 0x00, 0x00, 0x00, 0x00, 0x00, 0x00, 0x00, 0x00, 0x00, 0x00, 0x00, 0x00, 0x00, 0x00, 0x00, 0x00, 0x00,
  0x00, 0x00, 0x00, 0x00, 0x00, 0x00, 0x00, 0x00, 0x00, 0x00, 0x00, 0x00, 0x00, 0x00, 0x00, 0x00, 0x00, 0x00, 0x00, 0x00, 0x00, 0x00, 0x00, 0x00,
  0x00, 0x00, 0x00, 0x00, 0x00, 0x00, 0x00, 0x00, 0x00, 0x00, 0x00, 0x00, 0x00, 0x00, 0x00, 0x00, 0x00, 0x00, 0x00, 0x00, 0x00, 0x00, 0x00, 0x00,
  0x00, 0x00, 0x00, 0x00, 0x00, 0x00, 0x00, 0x00, 0x00, 0x00, 0x00, 0x00, 0x00, 0x00, 0x00, 0x00, 0x00, 0x00, 0x00, 0x00, 0x00, 0x00, 0x00, 0x00,
  0x00, 0x00, 0x00, 0x00, 0x00, 0x00, 0x00, 0x00, 0x00, 0x00, 0x00, 0x00, 0x00, 0x00, 0x00, 0x00, 0x00, 0x00, 0x00, 0x00, 0x00, 0x00, 0x00, 0x00,
  0x00, 0x00, 0x00, 0x00, 0x00, 0x00, 0x00, 0x00, 0x00, 0x00, 0x00, 0x00, 0x00, 0x00, 0x00, 0x00, 0x00, 0x00, 0x00, 0x00, 0x00, 0x00, 0x00, 0x00,
  0x00, 0x00, 0x00, 0x00, 0x00, 0x00, 0x00, 0x00, 0x00, 0x00, 0x00, 0x00, 0x00, 0x00, 0x00, 0x00, 0x00, 0x00, 0x00, 0x00, 0x00, 0x00, 0x00, 0x00,
  0x00, 0x00, 0x00, 0x00, 0x00, 0x00, 0x00, 0x00, 0x00, 0x00, 0x00, 0x00, 0x00, 0x00, 0x00, 0x00, 0x00, 0x00, 0x00, 0x00, 0x00, 0x00, 0x00, 0x00,
  0x00, 0x00, 0x00, 0x00, 0x00, 0x00, 0x00, 0x00, 0x00, 0x00, 0x00, 0x00, 0x00, 0x00, 0x00, 0x00, 0x00, 0x00, 0x00, 0x00, 0x00, 0x00, 0x00, 0x00,
  0xA8, 0xFF, 0x18, 0x00, 0x00, 0x68, 0xFF, 0x58, 0x64, 0xFF, 0xFF, 0xFF, 0xFF, 0xFF, 0xFF, 0xD0, 0x00, 0x00, 0x00, 0x00, 0xC8, 0xF4, 0x00, 0x98,
  0xFF, 0x28, 0x00, 0x00, 0x35, 0xFA, 0xD8, 0x0D, 0xCC, 0xFF, 0xFF, 0xFF, 0xFF, 0xFF, 0xFF, 0x6C, 0x00, 0x00, 0x00, 0x00, 0x00, 0x00, 0x00, 0x00,
  0x00, 0x00, 0x00, 0x00, 0x00, 0x00, 0x00, 0x00, 0x00, 0x00, 0x00, 0x00, 0x00, 0x00, 0x00, 0x00, 0x00, 0x00, 0x00, 0x00, 0x00, 0x00, 0x00, 0x00,
  0x00, 0x00, 0x00, 0x00, 0x00, 0x00, 0x00, 0x00, 0x00, 0x00, 0x00, 0x00, 0x00, 0x00, 0x00, 0x00, 0x00, 0x00, 0x00, 0x00, 0x00, 0x00, 0x00, 0x00,
  0x00, 0x00, 0x00, 0x00, 0x00, 0x00, 0x00, 0x00, 0x00, 0x00, 0x00, 0x00, 0x00, 0x00, 0x00, 0x00, 0x00, 0x00, 0x00, 0x00, 0x00, 0x00, 0x00, 0x00,
  0x00, 0x00, 0x00, 0x00, 0x00, 0x00, 0x00, 0x00, 0x00, 0x00, 0x00, 0x00, 0x00, 0x00, 0x00, 0x00, 0x00, 0x00, 0x00, 0x00, 0x00, 0x00, 0x00, 0x00,
  0x00, 0x00, 0x00, 0x00, 0x00, 0x00, 0x00, 0x00, 0x00, 0x00, 0x00, 0x00, 0x00, 0x00, 0x00, 0x00, 0x00, 0x00, 0x00, 0x00, 0x71, 0xFF, 0x06, 0x00,
  0x00, 0xF4, 0x8C, 0x00, 0x00, 0x00, 0x6E, 0xFF, 0x09, 0x00, 0x00, 0x00, 0x00, 0x00, 0x00, 0x00, 0x00, 0x00, 0x00, 0x00, 0x00, 0x00, 0x00, 0x00,
  0x00, 0x00, 0x00, 0x00, 0x00, 0x00, 0x00, 0x00, 0x00, 0x00, 0x00, 0x00, 0x00, 0x00, 0x00, 0x00, 0x00, 0x00, 0x00, 0x00, 0x00, 0x00, 0x00, 0x00,
  0x00, 0x00, 0x00, 0x00, 0x00, 0x00, 0x00, 0x00, 0x00, 0x00, 0x00, 0x00, 0x00, 0x00, 0x00, 0x00, 0x00, 0x00, 0x00, 0x00, 0x00, 0x00, 0x00, 0x00,
  0x00, 0x00, 0x00, 0x00, 0x00, 0x00, 0x00, 0x00, 0x00, 0x00, 0x00, 0x00, 0x00, 0x00, 0x00, 0x00, 0x00, 0x00, 0x00, 0x00, 0x00, 0x00, 0x00, 0x00,
  0x00, 0x00, 0x00, 0x00, 0x00, 0x00, 0x00, 0x00, 0x00, 0x00, 0x00, 0x00, 0x00, 0x00, 0x00, 0x00, 0x00, 0x00, 0x00, 0x00, 0x00, 0x00, 0x00, 0x00,
  0x00, 0x00, 0x00, 0x00, 0x00, 0x00, 0x00, 0x00, 0x00, 0x00, 0x00, 0x00, 0x00, 0x00, 0x00, 0x00, 0x00, 0x00, 0x00, 0x00, 0x00, 0x00, 0x00, 0x00,
  0x00, 0x00, 0x00, 0x00, 0x00, 0x00, 0x00, 0x00, 0x00, 0x00, 0x00, 0x00, 0x00, 0x00, 0x00, 0x00, 0x00, 0x00, 0x00, 0x00, 0x00, 0x00, 0x00, 0x00,
  0x00, 0x00, 0x00, 0x00, 0x00, 0x00, 0x00, 0x00, 0x00, 0x00, 0x00, 0x00, 0x00, 0x00, 0x00, 0x00, 0x00, 0x00, 0x00, 0x00, 0x00, 0x00, 0x00, 0x00,
  0x00, 0x00, 0x00, 0x00, 0x00, 0x00, 0x00, 0x00, 0x00, 0x00, 0x00, 0x00, 0x00, 0x00, 0x00, 0x00, 0x00, 0x00, 0x00, 0x00, 0x00, 0x00, 0x00, 0x00,
  0x00, 0x00, 0x00, 0x00, 0x00, 0x00, 0x00, 0x00, 0x00, 0x00, 0x00, 0x00, 0x00, 0x00, 0x00, 0x00, 0x00, 0x00, 0x00, 0x00, 0x00, 0x00, 0x00, 0x00,
  0x00, 0x00, 0x00, 0x00, 0x00, 0x00, 0x00, 0x00, 0x00, 0x00, 0x00, 0x00, 0x00, 0x00, 0x00, 0x00, 0x00, 0x00, 0x00, 0x00, 0x00, 0x00, 0x00, 0x00,
  0x00, 0x00, 0x00, 0x00, 0x00, 0x00, 0x00, 0x00, 0x00, 0x00, 0x00, 0x00, 0x00, 0x00, 0x00, 0x00, 0x00, 0x00, 0x00, 0x00, 0x00, 0x00, 0x00, 0x00,
  0x00, 0x00, 0x00, 0x00, 0x00, 0x00, 0x00, 0x00, 0x00, 0x00, 0x00, 0x00, 0x00, 0x00, 0x00, 0x00, 0x00, 0x00, 0x00, 0x00, 0x00, 0x00, 0x00, 0x00,
  0x00, 0x00, 0x00, 0x00, 0x00, 0x00, 0x00, 0x00, 0x00, 0x00, 0x00, 0x00, 0x00, 0x00, 0x00, 0x00, 0x00, 0x00, 0x00, 0x00, 0x00, 0x00, 0x00, 0x00,
  0x00, 0x00, 0x00, 0x00, 0x00, 0x00, 0x00, 0x00, 0x00, 0x00, 0x00, 0x00, 0x00, 0x00, 0x00, 0x00, 0x00, 0x00, 0x00, 0x00, 0x00, 0x00, 0x00, 0x00,
  0x00, 0x00, 0x00, 0x00, 0xC8, 0xF3, 0x00, 0x00, 0x00, 0x00, 0x00, 0x00, 0x00, 0x00, 0x00, 0x00, 0x00, 0x00, 0x00, 0x00, 0x00, 0x00, 0x00, 0x00,
  0x00, 0x00, 0x00, 0x00, 0x00, 0x00, 0x00, 0x00, 0x00, 0x00, 0x00, 0x00, 0x00, 0x00, 0x00, 0x00, 0x00, 0x00, 0x00, 0x00, 0x00, 0x00, 0x00, 0x00,
  0x00, 0x00, 0x00, 0x00, 0x00, 0x00, 0x00, 0x00, 0x00, 0x00, 0x00, 0x00, 0x00, 0x00, 0x00, 0x00, 0x00, 0x00, 0x00, 0x00, 0x00, 0x00, 0x00, 0x00,
  0x00, 0x00, 0x00, 0x00, 0x00, 0x00, 0x00, 0x00, 0x00, 0x00, 0x00, 0x00, 0x00, 0x00, 0x00, 0x00, 0x00, 0x00, 0x00, 0x00, 0x00, 0x00, 0x00, 0x00,
  0x00, 0x00, 0x00, 0x00, 0x00, 0x00, 0x00, 0x00, 0x00, 0x00, 0x00, 0x00, 0x00, 0x00, 0x00, 0x00, 0x00, 0x00, 0x00, 0x00, 0x00, 0x00, 0x00, 0x00,
  0x00, 0x00, 0x00, 0x00, 0x00, 0x00, 0x00, 0x00, 0x00, 0x00, 0x00, 0x00, 0x00, 0x00, 0x00, 0x00, 0x00, 0x00, 0x00, 0x00, 0x00, 0x00, 0x00, 0x00,
  0x00, 0x00, 0x00, 0x00, 0x6D, 0xFC, 0x00, 0x00, 0x00, 0xF4, 0x8C, 0x00, 0x00, 0x00, 0x64, 0xFE, 0x06, 0x00, 0x00, 0x00, 0x00, 0x00, 0x00, 0x00,
  0x00, 0x00, 0x00, 0x00, 0x00, 0x00, 0x00, 0x00, 0x00, 0x00, 0x00, 0x00, 0x00, 0x00, 0x00, 0x00, 0x00, 0x00, 0x00, 0x00, 0x00, 0x00, 0x00, 0x00,
  0x00, 0x00, 0x00, 0x00, 0x00, 0x00, 0x00, 0x00, 0x00, 0x00, 0x00, 0x00, 0x00, 0x00, 0x00, 0x00, 0x00, 0x00, 0x00, 0x00, 0x00, 0x00, 0x00, 0x00,
  0x00, 0x00, 0x00, 0x00, 0x00, 0x00, 0x00, 0x00, 0x00, 0x00, 0x00, 0x00, 0x00, 0x00, 0x00, 0x00, 0x00, 0x00, 0x00, 0x00, 0x00, 0x00, 0x00, 0x00,
  0x00, 0x00, 0x00, 0x00, 0x00, 0x00, 0x00, 0x00, 0x00, 0x00, 0x00, 0x00, 0x00, 0x00, 0x00, 0x00, 0x00, 0x00, 0x00, 0x00, 0x00, 0x00, 0x00, 0x00,
  0x00, 0x00, 0x00, 0x00, 0x00, 0x00, 0x00, 0x00, 0x00, 0x00, 0x00, 0x00, 0x00, 0x00, 0x00, 0x00, 0x00, 0x00, 0x00, 0x00, 0x00, 0x00, 0x00, 0x00,
  0x00, 0x00, 0x00, 0x00, 0x00, 0x00, 0x00, 0x00, 0x00, 0x00, 0x00, 0x00, 0x00, 0x00, 0x00, 0x00, 0x00, 0x00, 0x00, 0x00, 0x00, 0x00, 0x00, 0x00,
  0x00, 0x00, 0x00, 0x00, 0x00, 0x00, 0x00, 0x00, 0x00, 0x00, 0x00, 0x00, 0x00, 0x00, 0x00, 0x00, 0x00, 0x00, 0x00, 0x00, 0x00, 0x00, 0x00, 0x00,
  0x00, 0x00, 0x00, 0x00, 0x00, 0x00, 0x00, 0x00, 0x00, 0x00, 0x00, 0x00, 0x00, 0x00, 0x00, 0x00, 0x00, 0x00, 0x00, 0x00, 0x00, 0x00, 0x00, 0x00,
  0x00, 0x00, 0x00, 0x00, 0x00, 0x00, 0x00, 0x00, 0x00, 0x00, 0x00, 0x00, 0x00, 0x00, 0x00, 0x00, 0x00, 0x00, 0x00, 0x00, 0x00, 0x00, 0x00, 0x00,
  0x00, 0x00, 0x00, 0x00, 0x00, 0x00, 0x00, 0x00, 0x00, 0x00, 0x00, 0x00, 0x00, 0x00, 0x00, 0x00, 0x00, 0x00, 0x00, 0x00, 0x00, 0x00, 0x00, 0x00,
  0x00, 0x00, 0x00, 0x00, 0x00, 0x00, 0x00, 0x00, 0x00, 0x00, 0x00, 0x00, 0x00, 0x00, 0x00, 0x00, 0x00, 0x00, 0x00, 0x00, 0x00, 0x00, 0x00, 0x00,
  0x00, 0x00, 0x00, 0x00, 0x00, 0x00, 0x00, 0x00, 0x00, 0x00, 0x00, 0x00, 0x00, 0x00, 0x00, 0x00, 0x00, 0x00, 0x00, 0x00, 0x00, 0x00, 0x00, 0x00,
  0x00, 0x00, 0x00, 0x00, 0x00, 0x00, 0x00, 0x00, 0x00, 0x00, 0x00, 0x00, 0x00, 0x00, 0x00, 0x00, 0x00, 0x00, 0x00, 0x00, 0x00, 0x00, 0x00, 0x00,
  0x00, 0x00, 0x00, 0x00, 0x00, 0x00, 0x00, 0x00, 0x00, 0x00, 0x00, 0x00, 0x00, 0x00, 0x00, 0x00, 0x00, 0x00, 0x00, 0x00, 0x00, 0x00, 0x00, 0x00,
  0x00, 0x00, 0x00, 0x00, 0x00, 0x00, 0x00, 0x00, 0x00, 0x00, 0x00, 0x00, 0xC8, 0xDC, 0x00, 0x00, 0x00, 0x00, 0x00, 0x00, 0x00, 0x00, 0x00, 0x00,
  0x00, 0x00, 0x00, 0x00, 0x00, 0x00, 0x00, 0x00, 0x00, 0x00, 0x00, 0x00, 0x00, 0x00, 0x00, 0x00, 0x00, 0x00, 0x00, 0x00, 0x00, 0x00, 0x00, 0x00,
  0x00, 0x00, 0x00, 0x00, 0x00, 0x00, 0x00, 0x00, 0x00, 0x00, 0x00, 0x00, 0x00, 0x00, 0x00, 0x00, 0x00, 0x00, 0x00, 0x00, 0x00, 0x00, 0x00, 0x00,
  0x00, 0x00, 0x00, 0x00, 0x00, 0x00, 0x00, 0x00, 0x00, 0x00, 0x00, 0x00, 0x00, 0x00, 0x00, 0x00, 0x00, 0x00, 0x00, 0x00, 0x00, 0x00, 0x00, 0x00,
  0x00, 0x00, 0x00, 0x00, 0x00, 0x00, 0x00, 0x00, 0x00, 0x00, 0x00, 0x00, 0x00, 0x00, 0x00, 0x00, 0x00, 0x00, 0x00, 0x00, 0x00, 0x00, 0x00, 0x00,
  0x00, 0x00, 0x00, 0x00, 0x00, 0x00, 0x00, 0x00, 0x00, 0x00, 0x00, 0x00, 0x00, 0x00, 0x00, 0x00, 0x00, 0x00, 0x00, 0x00, 0x00, 0x00, 0x00, 0x00,
  0x00, 0x00, 0x00, 0x00, 0x00, 0x00, 0x00, 0x00, 0x00, 0x00, 0x00, 0x00, 0x1E, 0xD7, 0xFF, 0xFF, 0xFF, 0xF4, 0x8C, 0x68, 0xFF, 0xFF, 0xF9, 0x95,
  0x00, 0x00, 0x00, 0x00, 0x00, 0x00, 0x00, 0x00, 0x00, 0x00, 0x00, 0x00, 0x00, 0x00, 0x00, 0x00, 0x00, 0x00, 0x00, 0x00, 0x00, 0x00, 0x00, 0x00,
  0x00, 0x00, 0x00, 0x00, 0x00, 0x00, 0x00, 0x00, 0x00, 0x00, 0x00, 0x00, 0x00, 0x00, 0x00, 0x00, 0x00, 0x00, 0x00, 0x00, 0x00, 0x00, 0x00, 0x00,
  0x00, 0x00, 0x00, 0x00, 0x00, 0x00, 0x00, 0x00, 0x00, 0x00, 0x00, 0x00, 0x00, 0x00, 0x00, 0x00, 0x00, 0x00, 0x00, 0x00, 0x00, 0x00, 0x00, 0x00,
  0x00, 0x00, 0x00, 0x00, 0x00, 0x00, 0x00, 0x00, 0x00, 0x00, 0x00, 0x00, 0x00, 0x00, 0x00, 0x00, 0x00, 0x00, 0x00, 0x00, 0x00, 0x00, 0x00, 0x00,
  0x00, 0x00, 0x00, 0x00, 0x00, 0x00, 0x00, 0x00, 0x00, 0x00, 0x00, 0x00, 0x00, 0x00, 0x00, 0x00, 0x00, 0x00, 0x00, 0x00, 0x00, 0x00, 0x00, 0x00,
  0x00, 0x00, 0x00, 0x00, 0x00, 0x00, 0x00, 0x00, 0x00, 0x00, 0x00, 0x00, 0x00, 0x00, 0x00, 0x00, 0x00, 0x00, 0x00, 0x00, 0x00, 0x00, 0x00, 0x00,
  0x00, 0x00, 0x00, 0x00, 0x00, 0x00, 0x00, 0x00, 0x00, 0x00, 0x00, 0x00, 0x00, 0x00, 0x00, 0x00, 0x00, 0x00, 0x00, 0x00, 0x00, 0x00, 0x00, 0x00,
  0x00, 0x00, 0x00, 0x00, 0x00, 0x00, 0x00, 0x00, 0x00, 0x00, 0x00, 0x00, 0x00, 0x00, 0x00, 0x00, 0x00, 0x00, 0x00, 0x00, 0x00, 0x00, 0x00, 0x00,
  0x00, 0x00, 0x00, 0x00, 0x00, 0x00, 0x00, 0x00, 0x00, 0x00, 0x00, 0x00, 0x00, 0x00, 0x00, 0x00, 0x00, 0x00, 0x00, 0x00, 0x00, 0x00, 0x00, 0x00,
  0x00, 0x00, 0x00, 0x00, 0x00, 0x00, 0x00, 0x00, 0x00, 0x00, 0x00, 0x00, 0x00, 0x00, 0x00, 0x00, 0x00, 0x00, 0x00, 0x00, 0x00, 0x00, 0x00, 0x00,
  0x00, 0x00, 0x00, 0x00, 0x00, 0x00, 0x00, 0x00, 0x00, 0x00, 0x00, 0x00, 0x00, 0x00, 0x00, 0x00, 0x00, 0x00, 0x00, 0x00, 0x00, 0x00, 0x00, 0x00,
  0x00, 0x00, 0x00, 0x00, 0x00, 0x00, 0x00, 0x00, 0x00, 0x00, 0x00, 0x00, 0x00, 0x00, 0x00, 0x00, 0x00, 0x00, 0x00, 0x00, 0x00, 0x00, 0x00, 0x00,
  0x00, 0x00, 0x00, 0x00, 0x00, 0x00, 0x00, 0x00, 0x00, 0x00, 0x00, 0x00, 0x00, 0x00, 0x00, 0x00, 0x00, 0x00, 0x00, 0x00, 0x00, 0x00, 0x00, 0x00,
  0x00, 0x00, 0x00, 0x00, 0x00, 0x00, 0x00, 0x00, 0x00, 0x00, 0x00, 0x00, 0x00, 0x00, 0x00, 0x00, 0x00, 0x00, 0x00, 0x00, 0x00, 0x00, 0x00, 0x00,
  0x00, 0x00, 0x00, 0x00, 0x00, 0x00, 0x00, 0x00, 0x00, 0x00, 0x00, 0x00, 0x00, 0x00, 0x00, 0x00, 0x70, 0xFF, 0xFF, 0xFF, 0xE3, 0x4F, 0x00, 0x00,
  0x00, 0x00, 0x00, 0x00, 0x00, 0x00, 0x00, 0x00, 0x00, 0x00, 0x00, 0x00, 0x00, 0x00, 0x00, 0x00, 0x00, 0x00, 0x00, 0x00, 0x00, 0x00, 0x00, 0x00,
  0x00, 0x00, 0x00, 0x00, 0x00, 0x00, 0x00, 0x00, 0x00, 0x00, 0x00, 0x00, 0x00, 0x00, 0x00, 0x00, 0x00, 0x00, 0x00, 0x00, 0x00, 0x00, 0x00, 0x00,
  0x00, 0x00, 0x00, 0x00, 0x00, 0x00, 0x00, 0x00, 0x00, 0x00, 0x00, 0x00, 0x00, 0x00, 0x00, 0x00, 0x00, 0x00, 0x00, 0x00, 0x00, 0x00, 0x00, 0x00,
  0x00, 0x00, 0x00, 0x00, 0x00, 0x00, 0x00, 0x00, 0x00, 0x00, 0x00, 0x00, 0x00, 0x00, 0x00, 0x00, 0x00, 0x00, 0x00, 0x00, 0x00, 0x00, 0x00, 0x00,
  0x00, 0x00, 0x00, 0x00, 0x00, 0x00, 0x00, 0x00, 0x00, 0x00, 0x00, 0x00, 0x00, 0x00, 0x00, 0x00, 0x00, 0x00, 0x00, 0x00, 0x00, 0x00, 0x00, 0x00,
  0x00, 0x00, 0x00, 0x00, 0x00, 0x00, 0x00, 0x00, 0x00, 0x00, 0x00, 0x00, 0x00, 0x00, 0x00, 0x00, 0x00, 0x00, 0x00, 0x00, 0x00, 0x00, 0x00, 0x00,
  0x00, 0x00, 0x00, 0x00, 0x00, 0x00, 0x00, 0x00, 0x00, 0x00, 0x00, 0x00, 0x00, 0x00, 0x00, 0x00, 0x00, 0x00, 0x00, 0x00, 0x00, 0x00, 0x00, 0x00,
  0x00, 0x00, 0x00, 0x00, 0x00, 0x00, 0x00, 0x00, 0x00, 0x00, 0x00, 0x00, 0x00, 0x00, 0x00, 0x00, 0x00, 0x00, 0x00, 0x00, 0x00, 0x00, 0x00, 0x00,
  0x00, 0x00, 0x00, 0x00, 0x00, 0x00, 0x00, 0x00, 0x00, 0x00, 0x00, 0x00, 0x00, 0x00, 0x00, 0x00, 0x00, 0x00, 0x00, 0x00, 0x00, 0x00, 0x00, 0x00,
  0x00, 0x00, 0x00, 0x00, 0x00, 0x00, 0x00, 0x00, 0x00, 0x00, 0x00, 0x00, 0x00, 0x00, 0x00, 0x00, 0x00, 0x00, 0x00, 0x00, 0x00, 0x00, 0x00, 0x00,
  0x00, 0x00, 0x00, 0x00, 0x00, 0x00, 0x00, 0x00, 0x00, 0x00, 0x00, 0x00, 0x00, 0x00, 0x00, 0x00, 0x00, 0x00, 0x00, 0x00, 0x00, 0x00, 0x00, 0x00,
  0x00, 0x00, 0x00, 0x00, 0x00, 0x00, 0x00, 0x00, 0x00, 0x00, 0x00, 0x00, 0x00, 0x00, 0x00, 0x00, 0x00, 0x00, 0x00, 0x00, 0x00, 0x00, 0x00, 0x00,
  0x00, 0x00, 0x00, 0x00, 0x00, 0x00, 0x00, 0x00, 0x00, 0x00, 0x00, 0x00, 0x00, 0x00, 0x00, 0x00, 0x00, 0x00, 0x00, 0x00, 0x00, 0x00, 0x00, 0x00,
  0x00, 0x00, 0x00, 0x00, 0x00, 0x00, 0x00, 0x00, 0x00, 0x00, 0x00, 0x00, 0x00, 0x00, 0x00, 0x00, 0x00, 0x00, 0x00, 0x00, 0x00, 0x00, 0x00, 0x00,
  0x00, 0x00, 0x00, 0x00, 0x00, 0x00, 0x00, 0x00, 0x00, 0x00, 0x00, 0x00, 0x00, 0x00, 0x00, 0x00, 0x00, 0x00, 0x00, 0x00, 0x00, 0x00, 0x00, 0x00,
  0x00, 0x00, 0x00, 0x00, 0x00, 0x00, 0x00, 0x00, 0x00, 0x00, 0x00, 0x00, 0x00, 0x00, 0x00, 0x00, 0x00, 0x00, 0x00, 0x00, 0x00, 0x00, 0x00, 0x00,
  0x00, 0x00, 0x00, 0x00, 0x00, 0x00, 0x00, 0x00, 0x00, 0x00, 0x00, 0x00, 0x00, 0x00, 0x00, 0x00, 0x00, 0x00, 0x00, 0x00, 0x00, 0x00, 0x00, 0x00,
  0x00, 0x00, 0x00, 0x00, 0x00, 0x00, 0x00, 0x00, 0x00, 0x00, 0x00, 0x00, 0x00, 0x00, 0x00, 0x00, 0x00, 0x00, 0x00, 0x00, 0x00, 0x00, 0x00, 0x00,
  0x00, 0x00, 0x00, 0x00, 0x00, 0x00, 0x00, 0x00, 0x00, 0x00, 0x00, 0x00, 0x00, 0x00, 0x00, 0x00, 0x00, 0x00, 0x00, 0x00, 0x00, 0x00, 0x00, 0x00,
  0x00, 0x00, 0x00, 0x00, 0x00, 0x00, 0x00, 0x00, 0x00, 0x00, 0x00, 0x00, 0x00, 0x00, 0x00, 0x00, 0x00, 0x00, 0x00, 0x00, 0x00, 0x00, 0x00, 0x00,
  0x00, 0x00, 0x00, 0x00, 0x00, 0x00, 0x00, 0x00,
};

/// Every face's glyphs, each face's slice sorted by codepoint so a lookup can binary-search it.
inline constexpr std::array<FontGlyph, 505> FONT_GLYPHS = {{
  {0x0020, 0, 0, 0, 0, 0, 0, 7},
  {0x0021, 0, 0, 3, 8, 2, 8, 7},
  {0x0022, 3, 0, 4, 4, 2, 9, 7},
  {0x0023, 7, 0, 8, 8, 0, 8, 7},
  {0x0024, 15, 0, 7, 10, 0, 9, 7},
  {0x0025, 22, 0, 7, 8, 0, 8, 7},
  {0x0026, 29, 0, 7, 8, 0, 8, 7},
  {0x0027, 36, 0, 2, 4, 3, 9, 7},
  {0x0028, 38, 0, 4, 11, 2, 9, 7},
  {0x0029, 42, 0, 4, 11, 1, 9, 7},
  {0x002A, 46, 0, 7, 6, 0, 7, 7},
  {0x002B, 53, 0, 7, 7, 0, 7, 7},
  {0x002C, 60, 0, 3, 4, 2, 2, 7},
  {0x002D, 63, 0, 5, 1, 1, 4, 7},
  {0x002E, 68, 0, 3, 2, 2, 2, 7},
  {0x002F, 71, 0, 6, 11, 1, 9, 7},
  {0x0030, 77, 0, 7, 8, 0, 8, 7},
  {0x0031, 84, 0, 7, 8, 0, 8, 7},
  {0x0032, 91, 0, 7, 8, 0, 8, 7},
  {0x0033, 98, 0, 7, 8, 0, 8, 7},
  {0x0034, 105, 0, 7, 8, 0, 8, 7},
  {0x0035, 112, 0, 7, 8, 0, 8, 7},
  {0x0036, 119, 0, 7, 8, 0, 8, 7},
  {0x0037, 126, 0, 7, 8, 0, 8, 7},
  {0x0038, 133, 0, 7, 8, 0, 8, 7},
  {0x0039, 140, 0, 7, 8, 0, 8, 7},
  {0x003A, 147, 0, 3, 7, 2, 7, 7},
  {0x003B, 150, 0, 3, 9, 2, 7, 7},
  {0x003C, 153, 0, 6, 7, 1, 7, 7},
  {0x003D, 159, 0, 7, 3, 0, 5, 7},
  {0x003E, 166, 0, 6, 7, 1, 7, 7},
  {0x003F, 172, 0, 7, 8, 0, 8, 7},
  {0x0040, 179, 0, 7, 9, 0, 8, 7},
  {0x0041, 186, 0, 7, 8, 0, 8, 7},
  {0x0042, 193, 0, 6, 8, 1, 8, 7},
  {0x0043, 199, 0, 7, 8, 0, 8, 7},
  {0x0044, 206, 0, 6, 8, 1, 8, 7},
  {0x0045, 212, 0, 6, 8, 1, 8, 7},
  {0x0046, 218, 0, 6, 8, 1, 8, 7},
  {0x0047, 224, 0, 7, 8, 0, 8, 7},
  {0x0048, 231, 0, 7, 8, 0, 8, 7},
  {0x0049, 238, 0, 6, 8, 1, 8, 7},
  {0x004A, 244, 0, 6, 8, 0, 8, 7},
  {0x004B, 250, 0, 6, 8, 1, 8, 7},
  {0x004C, 256, 0, 6, 8, 1, 8, 7},
  {0x004D, 262, 0, 7, 8, 0, 8, 7},
  {0x004E, 269, 0, 7, 8, 0, 8, 7},
  {0x004F, 276, 0, 7, 8, 0, 8, 7},
  {0x0050, 283, 0, 6, 8, 1, 8, 7},
  {0x0051, 289, 0, 7, 10, 0, 8, 7},
  {0x0052, 296, 0, 6, 8, 1, 8, 7},
  {0x0053, 302, 0, 7, 8, 0, 8, 7},
  {0x0054, 309, 0, 7, 8, 0, 8, 7},
  {0x0055, 316, 0, 7, 8, 0, 8, 7},
  {0x0056, 323, 0, 7, 8, 0, 8, 7},
  {0x0057, 330, 0, 7, 8, 0, 8, 7},
  {0x0058, 337, 0, 7, 8, 0, 8, 7},
  {0x0059, 344, 0, 7, 8, 0, 8, 7},
  {0x005A, 351, 0, 7, 8, 0, 8, 7},
  {0x005B, 358, 0, 5, 11, 2, 9, 7},
  {0x005C, 363, 0, 6, 11, 1, 9, 7},
  {0x005D, 369, 0, 4, 11, 1, 9, 7},
  {0x005E, 373, 0, 7, 5, 0, 8, 7},
  {0x005F, 380, 0, 7, 1, 0, -1, 7},
  {0x0060, 387, 0, 3, 3, 2, 10, 7},
  {0x0061, 390, 0, 7, 6, 0, 6, 7},
  {0x0062, 397, 0, 6, 9, 1, 9, 7},
  {0x0063, 403, 0, 6, 6, 1, 6, 7},
  {0x0064, 409, 0, 7, 9, 0, 9, 7},
  {0x0065, 416, 0, 7, 6, 0, 6, 7},
  {0x0066, 423, 0, 7, 9, 0, 9, 7},
  {0x0067, 430, 0, 7, 9, 0, 7, 7},
  {0x0068, 437, 0, 6, 9, 1, 9, 7},
  {0x0069, 443, 0, 6, 9, 1, 9, 7},
  {0x006A, 449, 0, 5, 11, 1, 9, 7},
  {0x006B, 454, 0, 6, 9, 1, 9, 7},
  {0x006C, 460, 0, 7, 9, 0, 9, 7},
  {0x006D, 467, 0, 7, 6, 0, 6, 7},
  {0x006E, 474, 0, 6, 6, 1, 6, 7},
  {0x006F, 480, 0, 7, 6, 0, 6, 7},
  {0x0070, 487, 0, 6, 8, 1, 6, 7},
  {0x0071, 493, 0, 7, 8, 0, 6, 7},
  {0x0072, 500, 0, 7, 6, 0, 6, 7},
  {0x0073, 0, 11, 7, 6, 0, 6, 7},
  {0x0074, 7, 11, 7, 8, 0, 8, 7},
  {0x0075, 14, 11, 6, 6, 1, 6, 7},
  {0x0076, 20, 11, 7, 6, 0, 6, 7},
  {0x0077, 27, 11, 7, 6, 0, 6, 7},
  {0x0078, 34, 11, 7, 6, 0, 6, 7},
  {0x0079, 41, 11, 7, 8, 0, 6, 7},
  {0x007A, 48, 11, 6, 6, 1, 6, 7},
  {0x007B, 54, 11, 5, 11, 1, 9, 7},
  {0x007C, 59, 11, 2, 11, 3, 9, 7},
  {0x007D, 61, 11, 5, 11, 1, 9, 7},
  {0x007E, 66, 11, 7, 3, 0, 5, 7},
  {0x00B7, 73, 11, 3, 2, 2, 5, 7},
  {0x2013, 83, 11, 7, 1, 0, 4, 7},
  {0x2039, 101, 11, 3, 5, 2, 6, 7},
  {0x203A, 97, 11, 4, 5, 2, 6, 7},
  {0x2192, 90, 11, 7, 7, 0, 8, 7},
  {0x2212, 76, 11, 7, 1, 0, 4, 7},
  {0x0020, 0, 0, 0, 0, 0, 0, 7},
  {0x0021, 104, 11, 3, 8, 2, 8, 7},
  {0x0022, 107, 11, 5, 4, 1, 9, 7},
  {0x0023, 112, 11, 8, 8, 0, 8, 7},
  {0x0024, 120, 11, 7, 10, 0, 9, 7},
  {0x0025, 127, 11, 8, 8, 0, 8, 7},
  {0x0026, 135, 11, 7, 8, 0, 8, 7},
  {0x0027, 142, 11, 2, 4, 3, 9, 7},
  {0x0028, 144, 11, 5, 11, 2, 9, 7},
  {0x0029, 149, 11, 4, 11, 1, 9, 7},
  {0x002A, 153, 11, 7, 7, 0, 7, 7},
  {0x002B, 160, 11, 7, 7, 0, 7, 7},
  {0x002C, 167, 11, 3, 4, 2, 2, 7},
  {0x002D, 170, 11, 5, 1, 1, 4, 7},
  {0x002E, 175, 11, 3, 2, 2, 2, 7},
  {0x002F, 178, 11, 6, 11, 1, 9, 7},
  {0x0030, 184, 11, 7, 8, 0, 8, 7},
  {0x0031, 191, 11, 7, 8, 0, 8, 7},
  {0x0032, 198, 11, 7, 8, 0, 8, 7},
  {0x0033, 205, 11, 7, 8, 0, 8, 7},
  {0x0034, 212, 11, 7, 8, 0, 8, 7},
  {0x0035, 219, 11, 7, 8, 0, 8, 7},
  {0x0036, 226, 11, 7, 8, 0, 8, 7},
  {0x0037, 233, 11, 7, 8, 0, 8, 7},
  {0x0038, 240, 11, 7, 8, 0, 8, 7},
  {0x0039, 247, 11, 7, 8, 0, 8, 7},
  {0x003A, 254, 11, 3, 6, 2, 6, 7},
  {0x003B, 257, 11, 3, 8, 2, 6, 7},
  {0x003C, 260, 11, 6, 7, 1, 7, 7},
  {0x003D, 266, 11, 7, 3, 0, 5, 7},
  {0x003E, 273, 11, 6, 7, 1, 7, 7},
  {0x003F, 279, 11, 7, 8, 0, 8, 7},
  {0x0040, 286, 11, 7, 9, 0, 8, 7},
  {0x0041, 293, 11, 7, 8, 0, 8, 7},
  {0x0042, 300, 11, 6, 8, 1, 8, 7},
  {0x0043, 306, 11, 7, 8, 0, 8, 7},
  {0x0044, 313, 11, 7, 8, 0, 8, 7},
  {0x0045, 320, 11, 6, 8, 1, 8, 7},
  {0x0046, 326, 11, 6, 8, 1, 8, 7},
  {0x0047, 332, 11, 7, 8, 0, 8, 7},
  {0x0048, 339, 11, 7, 8, 0, 8, 7},
  {0x0049, 346, 11, 7, 8, 0, 8, 7},
  {0x004A, 353, 11, 6, 8, 0, 8, 7},
  {0x004B, 359, 11, 8, 8, 0, 8, 7},
  {0x004C, 367, 11, 6, 8, 1, 8, 7},
  {0x004D, 373, 11, 7, 8, 0, 8, 7},
  {0x004E, 380, 11, 7, 8, 0, 8, 7},
  {0x004F, 387, 11, 7, 8, 0, 8, 7},
  {0x0050, 394, 11, 6, 8, 1, 8, 7},
  {0x0051, 400, 11, 7, 10, 0, 8, 7},
  {0x0052, 407, 11, 6, 8, 1, 8, 7},
  {0x0053, 413, 11, 7, 8, 0, 8, 7},
  {0x0054, 420, 11, 7, 8, 0, 8, 7},
  {0x0055, 427, 11, 7, 8, 0, 8, 7},
  {0x0056, 434, 11, 7, 8, 0, 8, 7},
  {0x0057, 441, 11, 7, 8, 0, 8, 7},
  {0x0058, 448, 11, 7, 8, 0, 8, 7},
  {0x0059, 455, 11, 8, 8, 0, 8, 7},
  {0x005A, 463, 11, 7, 8, 0, 8, 7},
  {0x005B, 470, 11, 5, 11, 2, 9, 7},
  {0x005C, 475, 11, 6, 11, 1, 9, 7},
  {0x005D, 481, 11, 4, 11, 1, 9, 7},
  {0x005E, 485, 11, 7, 6, 0, 8, 7},
  {0x005F, 492, 11, 7, 1, 0, -1, 7},
  {0x0060, 499, 11, 3, 3, 2, 10, 7},
  {0x0061, 502, 11, 7, 6, 0, 6, 7},
  {0x0062, 0, 22, 7, 9, 0, 9, 7},
  {0x0063, 7, 22, 7, 6, 0, 6, 7},
  {0x0064, 14, 22, 7, 9, 0, 9, 7},
  {0x0065, 21, 22, 7, 6, 0, 6, 7},
  {0x0066, 28, 22, 7, 9, 0, 9, 7},
  {0x0067, 35, 22, 7, 9, 0, 7, 7},
  {0x0068, 42, 22, 6, 9, 1, 9, 7},
  {0x0069, 48, 22, 6, 9, 1, 9, 7},
  {0x006A, 54, 22, 5, 11, 1, 9, 7},
  {0x006B, 59, 22, 6, 9, 1, 9, 7},
  {0x006C, 65, 22, 7, 9, 0, 9, 7},
  {0x006D, 72, 22, 7, 6, 0, 6, 7},
  {0x006E, 79, 22, 6, 6, 1, 6, 7},
  {0x006F, 85, 22, 7, 6, 0, 6, 7},
  {0x0070, 92, 22, 7, 8, 0, 6, 7},
  {0x0071, 99, 22, 7, 8, 0, 6, 7},
  {0x0072, 106, 22, 7, 6, 0, 6, 7},
  {0x0073, 113, 22, 7, 6, 0, 6, 7},
  {0x0074, 120, 22, 7, 8, 0, 8, 7},
  {0x0075, 127, 22, 7, 6, 0, 6, 7},
  {0x0076, 134, 22, 7, 6, 0, 6, 7},
  {0x0077, 141, 22, 7, 6, 0, 6, 7},
  {0x0078, 148, 22, 7, 6, 0, 6, 7},
  {0x0079, 155, 22, 7, 8, 0, 6, 7},
  {0x007A, 162, 22, 7, 6, 0, 6, 7},
  {0x007B, 169, 22, 5, 11, 1, 9, 7},
  {0x007C, 174, 22, 2, 11, 3, 9, 7},
  {0x007D, 176, 22, 5, 11, 1, 9, 7},
  {0x007E, 181, 22, 7, 3, 0, 5, 7},
  {0x00B7, 188, 22, 3, 2, 2, 5, 7},
  {0x2013, 198, 22, 7, 1, 0, 4, 7},
  {0x2039, 217, 22, 3, 5, 2, 6, 7},
  {0x203A, 213, 22, 4, 5, 2, 6, 7},
  {0x2192, 205, 22, 8, 7, 0, 8, 7},
  {0x2212, 191, 22, 7, 1, 0, 4, 7},
  {0x0020, 0, 0, 0, 0, 0, 0, 3},
  {0x0021, 220, 22, 3, 8, 0, 8, 3},
  {0x0022, 223, 22, 4, 4, 1, 9, 5},
  {0x0023, 227, 22, 8, 8, 0, 8, 9},
  {0x0024, 235, 22, 7, 10, 0, 9, 7},
  {0x0025, 242, 22, 11, 8, 0, 8, 11},
  {0x0026, 253, 22, 9, 8, 0, 8, 8},
  {0x0027, 262, 22, 1, 4, 1, 9, 3},
  {0x0028, 263, 22, 4, 11, 1, 9, 4},
  {0x0029, 267, 22, 5, 11, -1, 9, 4},
  {0x002A, 272, 22, 5, 5, 0, 9, 5},
  {0x002B, 277, 22, 7, 7, 0, 7, 7},
  {0x002C, 284, 22, 3, 3, 0, 2, 3},
  {0x002D, 287, 22, 4, 1, 0, 4, 5},
  {0x002E, 291, 22, 3, 2, 0, 2, 3},
  {0x002F, 294, 22, 5, 11, 0, 9, 5},
  {0x0030, 299, 22, 7, 8, 0, 8, 7},
  {0x0031, 306, 22, 7, 8, 0, 8, 7},
  {0x0032, 313, 22, 7, 8, 0, 8, 7},
  {0x0033, 320, 22, 7, 8, 0, 8, 7},
  {0x0034, 327, 22, 7, 8, 0, 8, 7},
  {0x0035, 334, 22, 7, 8, 0, 8, 7},
  {0x0036, 341, 22, 7, 8, 0, 8, 7},
  {0x0037, 348, 22, 7, 8, 0, 8, 7},
  {0x0038, 355, 22, 7, 8, 0, 8, 7},
  {0x0039, 362, 22, 7, 8, 0, 8, 7},
  {0x003A, 369, 22, 2, 7, 1, 7, 4},
  {0x003B, 371, 22, 3, 8, 0, 7, 4},
  {0x003C, 374, 22, 6, 7, 1, 7, 7},
  {0x003D, 380, 22, 7, 3, 0, 5, 7},
  {0x003E, 387, 22, 6, 7, 1, 7, 7},
  {0x003F, 393, 22, 6, 8, 0, 8, 6},
  {0x0040, 399, 22, 10, 9, 0, 8, 11},
  {0x0041, 409, 22, 8, 8, 0, 8, 8},
  {0x0042, 417, 22, 7, 8, 1, 8, 8},
  {0x0043, 424, 22, 8, 8, 0, 8, 7},
  {0x0044, 432, 22, 7, 8, 1, 8, 8},
  {0x0045, 439, 22, 6, 8, 1, 8, 7},
  {0x0046, 445, 22, 6, 8, 1, 8, 7},
  {0x0047, 451, 22, 8, 8, 0, 8, 8},
  {0x0048, 459, 22, 7, 8, 1, 8, 8},
  {0x0049, 466, 22, 5, 8, 0, 8, 5},
  {0x004A, 471, 22, 6, 8, 0, 8, 6},
  {0x004B, 477, 22, 7, 8, 1, 8, 8},
  {0x004C, 484, 22, 5, 8, 1, 8, 6},
  {0x004D, 489, 22, 8, 8, 1, 8, 10},
  {0x004E, 497, 22, 7, 8, 1, 8, 8},
  {0x004F, 504, 22, 8, 8, 0, 8, 9},
  {0x0050, 0, 33, 6, 8, 1, 8, 7},
  {0x0051, 6, 33, 8, 10, 0, 8, 9},
  {0x0052, 14, 33, 7, 8, 1, 8, 8},
  {0x0053, 21, 33, 7, 8, 0, 8, 7},
  {0x0054, 28, 33, 7, 8, 0, 8, 7},
  {0x0055, 35, 33, 7, 8, 1, 8, 8},
  {0x0056, 42, 33, 8, 8, 0, 8, 7},
  {0x0057, 50, 33, 11, 8, 0, 8, 11},
  {0x0058, 61, 33, 8, 8, 0, 8, 7},
  {0x0059, 69, 33, 7, 8, 0, 8, 7},
  {0x005A, 76, 33, 7, 8, 0, 8, 7},
  {0x005B, 83, 33, 3, 11, 1, 9, 4},
  {0x005C, 86, 33, 5, 11, 0, 9, 5},
  {0x005D, 91, 33, 3, 11, 0, 9, 4},
  {0x005E, 94, 33, 7, 5, 0, 8, 7},
  {0x005F, 101, 33, 7, 1, 0, -1, 7},
  {0x0060, 108, 33, 3, 3, 2, 10, 7},
  {0x0061, 111, 33, 7, 6, 0, 6, 6},
  {0x0062, 118, 33, 6, 9, 1, 9, 7},
  {0x0063, 124, 33, 6, 6, 0, 6, 6},
  {0x0064, 130, 33, 6, 9, 0, 9, 7},
  {0x0065, 136, 33, 7, 6, 0, 6, 7},
  {0x0066, 143, 33, 4, 9, 0, 9, 4},
  {0x0067, 147, 33, 7, 9, 0, 7, 6},
  {0x0068, 154, 33, 5, 9, 1, 9, 7},
  {0x0069, 159, 33, 3, 9, 0, 9, 3},
  {0x006A, 162, 33, 3, 11, 0, 9, 3},
  {0x006B, 165, 33, 6, 9, 1, 9, 6},
  {0x006C, 171, 33, 2, 9, 1, 9, 3},
  {0x006D, 173, 33, 9, 6, 1, 6, 10},
  {0x006E, 182, 33, 5, 6, 1, 6, 7},
  {0x006F, 187, 33, 7, 6, 0, 6, 7},
  {0x0070, 194, 33, 6, 8, 1, 6, 7},
  {0x0071, 200, 33, 6, 8, 0, 6, 7},
  {0x0072, 206, 33, 4, 6, 1, 6, 4},
  {0x0073, 210, 33, 6, 6, 0, 6, 6},
  {0x0074, 216, 33, 4, 8, 0, 8, 4},
  {0x0075, 220, 33, 6, 6, 0, 6, 7},
  {0x0076, 226, 33, 6, 6, 0, 6, 6},
  {0x0077, 232, 33, 9, 6, 0, 6, 9},
  {0x0078, 241, 33, 6, 6, 0, 6, 6},
  {0x0079, 247, 33, 6, 8, 0, 6, 6},
  {0x007A, 253, 33, 6, 6, 0, 6, 6},
  {0x007B, 259, 33, 4, 11, 0, 9, 4},
  {0x007C, 263, 33, 2, 11, 1, 9, 4},
  {0x007D, 265, 33, 4, 11, 0, 9, 4},
  {0x007E, 269, 33, 7, 2, 0, 5, 7},
  {0x00B7, 276, 33, 2, 2, 1, 5, 4},
  {0x2013, 285, 33, 7, 1, 0, 4, 7},
  {0x2039, 306, 33, 4, 5, 0, 6, 4},
  {0x203A, 302, 33, 4, 5, 0, 6, 4},
  {0x2192, 292, 33, 10, 7, 0, 8, 10},
  {0x2212, 278, 33, 7, 1, 0, 4, 7},
  {0x0020, 0, 0, 0, 0, 0, 0, 3},
  {0x0021, 310, 33, 3, 8, 0, 8, 4},
  {0x0022, 313, 33, 5, 4, 0, 9, 5},
  {0x0023, 318, 33, 8, 8, 0, 8, 8},
  {0x0024, 326, 33, 7, 10, 0, 9, 7},
  {0x0025, 333, 33, 11, 8, 0, 8, 11},
  {0x0026, 344, 33, 9, 8, 0, 8, 8},
  {0x0027, 353, 33, 3, 4, 0, 9, 3},
  {0x0028, 356, 33, 5, 11, 0, 9, 4},
  {0x0029, 361, 33, 5, 11, -1, 9, 4},
  {0x002A, 366, 33, 6, 6, 0, 9, 6},
  {0x002B, 372, 33, 7, 7, 0, 7, 7},
  {0x002C, 379, 33, 3, 4, 0, 2, 3},
  {0x002D, 382, 33, 5, 1, 0, 4, 5},
  {0x002E, 387, 33, 3, 2, 0, 2, 3},
  {0x002F, 390, 33, 5, 11, 0, 9, 5},
  {0x0030, 395, 33, 7, 8, 0, 8, 7},
  {0x0031, 402, 33, 7, 8, 0, 8, 7},
  {0x0032, 409, 33, 7, 8, 0, 8, 7},
  {0x0033, 416, 33, 7, 8, 0, 8, 7},
  {0x0034, 423, 33, 7, 8, 0, 8, 7},
  {0x0035, 430, 33, 7, 8, 0, 8, 7},
  {0x0036, 437, 33, 7, 8, 0, 8, 7},
  {0x0037, 444, 33, 7, 8, 0, 8, 7},
  {0x0038, 451, 33, 7, 8, 0, 8, 7},
  {0x0039, 458, 33, 7, 8, 0, 8, 7},
  {0x003A, 465, 33, 3, 7, 0, 7, 4},
  {0x003B, 468, 33, 3, 9, 0, 7, 4},
  {0x003C, 471, 33, 6, 7, 1, 7, 7},
  {0x003D, 477, 33, 7, 3, 0, 5, 7},
  {0x003E, 484, 33, 6, 7, 1, 7, 7},
  {0x003F, 490, 33, 6, 8, 0, 8, 6},
  {0x0040, 496, 33, 11, 9, 0, 8, 11},
  {0x0041, 0, 44, 8, 8, 0, 8, 8},
  {0x0042, 8, 44, 7, 8, 1, 8, 8},
  {0x0043, 15, 44, 8, 8, 0, 8, 8},
  {0x0044, 23, 44, 7, 8, 1, 8, 8},
  {0x0045, 30, 44, 6, 8, 1, 8, 7},
  {0x0046, 36, 44, 6, 8, 1, 8, 7},
  {0x0047, 42, 44, 8, 8, 0, 8, 8},
  {0x0048, 50, 44, 7, 8, 1, 8, 9},
  {0x0049, 57, 44, 5, 8, 0, 8, 5},
  {0x004A, 62, 44, 6, 8, 0, 8, 6},
  {0x004B, 68, 44, 7, 8, 1, 8, 8},
  {0x004C, 75, 44, 5, 8, 1, 8, 6},
  {0x004D, 80, 44, 8, 8, 1, 8, 10},
  {0x004E, 88, 44, 7, 8, 1, 8, 9},
  {0x004F, 95, 44, 8, 8, 0, 8, 9},
  {0x0050, 103, 44, 7, 8, 1, 8, 8},
  {0x0051, 110, 44, 8, 10, 0, 8, 9},
  {0x0052, 118, 44, 7, 8, 1, 8, 8},
  {0x0053, 125, 44, 7, 8, 0, 8, 7},
  {0x0054, 132, 44, 7, 8, 0, 8, 7},
  {0x0055, 139, 44, 8, 8, 0, 8, 8},
  {0x0056, 147, 44, 8, 8, 0, 8, 8},
  {0x0057, 155, 44, 11, 8, 0, 8, 11},
  {0x0058, 166, 44, 8, 8, 0, 8, 8},
  {0x0059, 174, 44, 8, 8, 0, 8, 7},
  {0x005A, 182, 44, 7, 8, 0, 8, 7},
  {0x005B, 189, 44, 3, 11, 1, 9, 4},
  {0x005C, 192, 44, 5, 11, 0, 9, 5},
  {0x005D, 197, 44, 3, 11, 0, 9, 4},
  {0x005E, 200, 44, 7, 5, 0, 8, 7},
  {0x005F, 207, 44, 7, 1, 0, -1, 7},
  {0x0060, 214, 44, 3, 3, 2, 10, 7},
  {0x0061, 217, 44, 7, 6, 0, 6, 7},
  {0x0062, 224, 44, 7, 9, 0, 9, 7},
  {0x0063, 231, 44, 6, 6, 0, 6, 6},
  {0x0064, 237, 44, 7, 9, 0, 9, 7},
  {0x0065, 244, 44, 7, 6, 0, 6, 7},
  {0x0066, 251, 44, 4, 9, 0, 9, 4},
  {0x0067, 255, 44, 7, 9, 0, 7, 6},
  {0x0068, 262, 44, 7, 9, 0, 9, 7},
  {0x0069, 269, 44, 3, 9, 0, 9, 3},
  {0x006A, 272, 44, 4, 11, -1, 9, 3},
  {0x006B, 276, 44, 7, 9, 0, 9, 7},
  {0x006C, 283, 44, 4, 9, 0, 9, 3},
  {0x006D, 287, 44, 10, 6, 0, 6, 11},
  {0x006E, 297, 44, 7, 6, 0, 6, 7},
  {0x006F, 304, 44, 7, 6, 0, 6, 7},
  {0x0070, 311, 44, 7, 8, 0, 6, 7},
  {0x0071, 318, 44, 7, 8, 0, 6, 7},
  {0x0072, 325, 44, 5, 6, 0, 6, 5},
  {0x0073, 330, 44, 6, 6, 0, 6, 6},
  {0x0074, 336, 44, 4, 8, 0, 8, 4},
  {0x0075, 340, 44, 7, 6, 0, 6, 7},
  {0x0076, 347, 44, 6, 6, 0, 6, 6},
  {0x0077, 353, 44, 10, 6, 0, 6, 10},
  {0x0078, 363, 44, 7, 6, 0, 6, 6},
  {0x0079, 370, 44, 7, 8, 0, 6, 6},
  {0x007A, 377, 44, 6, 6, 0, 6, 6},
  {0x007B, 383, 44, 4, 11, 0, 9, 4},
  {0x007C, 387, 44, 2, 11, 1, 9, 4},
  {0x007D, 389, 44, 5, 11, 0, 9, 4},
  {0x007E, 394, 44, 7, 2, 0, 5, 7},
  {0x00B7, 401, 44, 3, 2, 1, 5, 4},
  {0x2013, 411, 44, 7, 1, 0, 4, 7},
  {0x2039, 432, 44, 4, 6, 0, 6, 4},
  {0x203A, 428, 44, 4, 6, 0, 6, 4},
  {0x2192, 418, 44, 10, 7, 0, 8, 10},
  {0x2212, 404, 44, 7, 1, 0, 4, 7},
  {0x0020, 0, 0, 0, 0, 0, 0, 10},
  {0x0021, 436, 44, 4, 11, 3, 11, 10},
  {0x0022, 440, 44, 6, 5, 2, 12, 10},
  {0x0023, 446, 44, 10, 11, 0, 11, 10},
  {0x0024, 456, 44, 9, 15, 0, 13, 10},
  {0x0025, 465, 44, 10, 11, 0, 11, 10},
  {0x0026, 475, 44, 10, 11, 0, 11, 10},
  {0x0027, 485, 44, 2, 5, 4, 12, 10},
  {0x0028, 487, 44, 6, 14, 3, 12, 10},
  {0x0029, 493, 44, 6, 14, 1, 12, 10},
  {0x002A, 499, 44, 9, 9, 0, 9, 10},
  {0x002B, 0, 59, 9, 9, 0, 9, 10},
  {0x002C, 9, 59, 4, 4, 3, 2, 10},
  {0x002D, 13, 59, 6, 1, 2, 5, 10},
  {0x002E, 19, 59, 4, 3, 3, 3, 10},
  {0x002F, 23, 59, 8, 14, 1, 12, 10},
  {0x0030, 31, 59, 9, 11, 0, 11, 10},
  {0x0031, 40, 59, 10, 11, 0, 11, 10},
  {0x0032, 50, 59, 9, 11, 0, 11, 10},
  {0x0033, 59, 59, 9, 11, 0, 11, 10},
  {0x0034, 68, 59, 10, 11, 0, 11, 10},
  {0x0035, 78, 59, 9, 11, 0, 11, 10},
  {0x0036, 87, 59, 9, 11, 0, 11, 10},
  {0x0037, 96, 59, 9, 11, 0, 11, 10},
  {0x0038, 105, 59, 9, 11, 0, 11, 10},
  {0x0039, 114, 59, 9, 11, 0, 11, 10},
  {0x003A, 123, 59, 4, 9, 3, 9, 10},
  {0x003B, 127, 59, 4, 11, 3, 9, 10},
  {0x003C, 131, 59, 8, 9, 1, 9, 10},
  {0x003D, 139, 59, 9, 4, 0, 7, 10},
  {0x003E, 148, 59, 8, 9, 1, 9, 10},
  {0x003F, 156, 59, 8, 11, 1, 11, 10},
  {0x0040, 164, 59, 9, 13, 0, 11, 10},
  {0x0041, 173, 59, 10, 11, 0, 11, 10},
  {0x0042, 183, 59, 8, 11, 1, 11, 10},
  {0x0043, 191, 59, 9, 11, 0, 11, 10},
  {0x0044, 200, 59, 8, 11, 1, 11, 10},
  {0x0045, 208, 59, 8, 11, 1, 11, 10},
  {0x0046, 216, 59, 8, 11, 1, 11, 10},
  {0x0047, 224, 59, 9, 11, 0, 11, 10},
  {0x0048, 233, 59, 8, 11, 1, 11, 10},
  {0x0049, 241, 59, 8, 11, 1, 11, 10},
  {0x004A, 249, 59, 8, 11, 0, 11, 10},
  {0x004B, 257, 59, 9, 11, 1, 11, 10},
  {0x004C, 266, 59, 8, 11, 1, 11, 10},
  {0x004D, 274, 59, 9, 11, 0, 11, 10},
  {0x004E, 283, 59, 8, 11, 1, 11, 10},
  {0x004F, 291, 59, 9, 11, 0, 11, 10},
  {0x0050, 300, 59, 8, 11, 1, 11, 10},
  {0x0051, 308, 59, 9, 13, 0, 11, 10},
  {0x0052, 317, 59, 8, 11, 1, 11, 10},
  {0x0053, 325, 59, 9, 11, 0, 11, 10},
  {0x0054, 334, 59, 10, 11, 0, 11, 10},
  {0x0055, 344, 59, 8, 11, 1, 11, 10},
  {0x0056, 352, 59, 10, 11, 0, 11, 10},
  {0x0057, 362, 59, 10, 11, 0, 11, 10},
  {0x0058, 372, 59, 10, 11, 0, 11, 10},
  {0x0059, 382, 59, 10, 11, 0, 11, 10},
  {0x005A, 392, 59, 9, 11, 0, 11, 10},
  {0x005B, 401, 59, 6, 14, 3, 12, 10},
  {0x005C, 407, 59, 8, 14, 1, 12, 10},
  {0x005D, 415, 59, 6, 14, 1, 12, 10},
  {0x005E, 421, 59, 10, 7, 0, 11, 10},
  {0x005F, 431, 59, 9, 1, 0, -2, 10},
  {0x0060, 440, 59, 4, 4, 2, 13, 10},
  {0x0061, 444, 59, 9, 8, 0, 8, 10},
  {0x0062, 453, 59, 8, 12, 1, 12, 10},
  {0x0063, 461, 59, 8, 8, 1, 8, 10},
  {0x0064, 469, 59, 9, 12, 0, 12, 10},
  {0x0065, 478, 59, 9, 8, 0, 8, 10},
  {0x0066, 487, 59, 8, 12, 1, 12, 10},
  {0x0067, 495, 59, 10, 12, 0, 9, 10},
  {0x0068, 0, 73, 8, 12, 1, 12, 10},
  {0x0069, 8, 73, 8, 12, 1, 12, 10},
  {0x006A, 16, 73, 7, 15, 1, 12, 10},
  {0x006B, 23, 73, 9, 12, 1, 12, 10},
  {0x006C, 32, 73, 8, 12, 1, 12, 10},
  {0x006D, 40, 73, 9, 8, 0, 8, 10},
  {0x006E, 49, 73, 8, 8, 1, 8, 10},
  {0x006F, 57, 73, 9, 8, 0, 8, 10},
  {0x0070, 66, 73, 8, 11, 1, 8, 10},
  {0x0071, 74, 73, 9, 11, 0, 8, 10},
  {0x0072, 83, 73, 8, 8, 1, 8, 10},
  {0x0073, 91, 73, 9, 8, 0, 8, 10},
  {0x0074, 100, 73, 9, 11, 0, 11, 10},
  {0x0075, 109, 73, 8, 8, 1, 8, 10},
  {0x0076, 117, 73, 9, 8, 0, 8, 10},
  {0x0077, 126, 73, 10, 8, 0, 8, 10},
  {0x0078, 136, 73, 9, 8, 0, 8, 10},
  {0x0079, 145, 73, 9, 11, 0, 8, 10},
  {0x007A, 154, 73, 8, 8, 1, 8, 10},
  {0x007B, 162, 73, 7, 14, 1, 12, 10},
  {0x007C, 169, 73, 2, 14, 4, 12, 10},
  {0x007D, 171, 73, 7, 14, 1, 12, 10},
  {0x007E, 178, 73, 9, 3, 0, 7, 10},
  {0x00B7, 187, 73, 4, 3, 3, 6, 10},
  {0x2013, 200, 73, 9, 1, 0, 5, 10},
  {0x2039, 223, 73, 5, 7, 2, 8, 10},
  {0x203A, 219, 73, 4, 7, 3, 8, 10},
  {0x2192, 209, 73, 10, 7, 0, 9, 10},
  {0x2212, 191, 73, 9, 1, 0, 5, 10},
}};

inline constexpr std::array<FontFace, 5> FONT_FACES = {{
  {0, 101, 13, 4, 16}, // MonoRegular
  {101, 101, 13, 4, 16}, // MonoMedium
  {202, 101, 13, 4, 16}, // SansRegular
  {303, 101, 13, 4, 16}, // SansMedium
  {404, 101, 17, 5, 21}, // MonoDisplay
}};

} // namespace Neuron
